-- MySQL dump 10.13  Distrib 8.0.18, for Win64 (x86_64)
--
-- Host: 127.0.0.1    Database: flirtfan
-- ------------------------------------------------------
-- Server version	9.2.0

/*!40101 SET @OLD_CHARACTER_SET_CLIENT=@@CHARACTER_SET_CLIENT */;
/*!40101 SET @OLD_CHARACTER_SET_RESULTS=@@CHARACTER_SET_RESULTS */;
/*!40101 SET @OLD_COLLATION_CONNECTION=@@COLLATION_CONNECTION */;
/*!50503 SET NAMES utf8mb4 */;
/*!40103 SET @OLD_TIME_ZONE=@@TIME_ZONE */;
/*!40103 SET TIME_ZONE='+00:00' */;
/*!40014 SET @OLD_UNIQUE_CHECKS=@@UNIQUE_CHECKS, UNIQUE_CHECKS=0 */;
/*!40014 SET @OLD_FOREIGN_KEY_CHECKS=@@FOREIGN_KEY_CHECKS, FOREIGN_KEY_CHECKS=0 */;
/*!40101 SET @OLD_SQL_MODE=@@SQL_MODE, SQL_MODE='NO_AUTO_VALUE_ON_ZERO' */;
/*!40111 SET @OLD_SQL_NOTES=@@SQL_NOTES, SQL_NOTES=0 */;

--
-- Table structure for table `cache`
--

DROP TABLE IF EXISTS `cache`;
/*!40101 SET @saved_cs_client     = @@character_set_client */;
/*!50503 SET character_set_client = utf8mb4 */;
CREATE TABLE `cache` (
  `key` varchar(255) COLLATE utf8mb4_unicode_ci NOT NULL,
  `value` mediumtext COLLATE utf8mb4_unicode_ci NOT NULL,
  `expiration` int NOT NULL,
  PRIMARY KEY (`key`)
) ENGINE=InnoDB DEFAULT CHARSET=utf8mb4 COLLATE=utf8mb4_unicode_ci;
/*!40101 SET character_set_client = @saved_cs_client */;

--
-- Dumping data for table `cache`
--

LOCK TABLES `cache` WRITE;
/*!40000 ALTER TABLE `cache` DISABLE KEYS */;
/*!40000 ALTER TABLE `cache` ENABLE KEYS */;
UNLOCK TABLES;

--
-- Table structure for table `cache_locks`
--

DROP TABLE IF EXISTS `cache_locks`;
/*!40101 SET @saved_cs_client     = @@character_set_client */;
/*!50503 SET character_set_client = utf8mb4 */;
CREATE TABLE `cache_locks` (
  `key` varchar(255) COLLATE utf8mb4_unicode_ci NOT NULL,
  `owner` varchar(255) COLLATE utf8mb4_unicode_ci NOT NULL,
  `expiration` int NOT NULL,
  PRIMARY KEY (`key`)
) ENGINE=InnoDB DEFAULT CHARSET=utf8mb4 COLLATE=utf8mb4_unicode_ci;
/*!40101 SET character_set_client = @saved_cs_client */;

--
-- Dumping data for table `cache_locks`
--

LOCK TABLES `cache_locks` WRITE;
/*!40000 ALTER TABLE `cache_locks` DISABLE KEYS */;
/*!40000 ALTER TABLE `cache_locks` ENABLE KEYS */;
UNLOCK TABLES;

--
-- Table structure for table `comment_likes`
--

DROP TABLE IF EXISTS `comment_likes`;
/*!40101 SET @saved_cs_client     = @@character_set_client */;
/*!50503 SET character_set_client = utf8mb4 */;
CREATE TABLE `comment_likes` (
  `id` bigint unsigned NOT NULL AUTO_INCREMENT,
  `comment_id` bigint unsigned NOT NULL,
  `user_id` bigint unsigned NOT NULL,
  `created_at` timestamp NULL DEFAULT NULL,
  `updated_at` timestamp NULL DEFAULT NULL,
  PRIMARY KEY (`id`),
  UNIQUE KEY `comment_likes_comment_id_user_id_unique` (`comment_id`,`user_id`),
  KEY `comment_likes_user_id_foreign` (`user_id`),
  CONSTRAINT `comment_likes_comment_id_foreign` FOREIGN KEY (`comment_id`) REFERENCES `post_comments` (`id`) ON DELETE CASCADE,
  CONSTRAINT `comment_likes_user_id_foreign` FOREIGN KEY (`user_id`) REFERENCES `users` (`id`) ON DELETE CASCADE
) ENGINE=InnoDB AUTO_INCREMENT=322 DEFAULT CHARSET=utf8mb4 COLLATE=utf8mb4_unicode_ci;
/*!40101 SET character_set_client = @saved_cs_client */;

--
-- Dumping data for table `comment_likes`
--

LOCK TABLES `comment_likes` WRITE;
/*!40000 ALTER TABLE `comment_likes` DISABLE KEYS */;
INSERT INTO `comment_likes` VALUES (1,1,9,'2025-06-26 20:49:43','2025-06-26 20:49:43'),(2,1,12,'2025-06-26 20:49:44','2025-06-26 20:49:44'),(3,1,31,'2025-06-26 20:49:44','2025-06-26 20:49:44'),(4,1,37,'2025-06-26 20:49:44','2025-06-26 20:49:44'),(5,1,41,'2025-06-26 20:49:44','2025-06-26 20:49:44'),(6,2,21,'2025-06-26 20:49:44','2025-06-26 20:49:44'),(7,2,24,'2025-06-26 20:49:44','2025-06-26 20:49:44'),(8,2,30,'2025-06-26 20:49:44','2025-06-26 20:49:44'),(9,2,37,'2025-06-26 20:49:44','2025-06-26 20:49:44'),(10,2,41,'2025-06-26 20:49:44','2025-06-26 20:49:44'),(11,3,4,'2025-06-26 20:49:44','2025-06-26 20:49:44'),(12,3,6,'2025-06-26 20:49:44','2025-06-26 20:49:44'),(13,3,24,'2025-06-26 20:49:44','2025-06-26 20:49:44'),(14,3,31,'2025-06-26 20:49:44','2025-06-26 20:49:44'),(15,3,37,'2025-06-26 20:49:44','2025-06-26 20:49:44'),(16,4,17,'2025-06-26 20:49:44','2025-06-26 20:49:44'),(17,4,23,'2025-06-26 20:49:44','2025-06-26 20:49:44'),(18,5,15,'2025-06-26 20:49:44','2025-06-26 20:49:44'),(19,5,29,'2025-06-26 20:49:44','2025-06-26 20:49:44'),(20,5,39,'2025-06-26 20:49:44','2025-06-26 20:49:44'),(21,6,5,'2025-06-26 20:49:44','2025-06-26 20:49:44'),(22,6,26,'2025-06-26 20:49:44','2025-06-26 20:49:44'),(23,6,37,'2025-06-26 20:49:44','2025-06-26 20:49:44'),(24,7,21,'2025-06-26 20:49:44','2025-06-26 20:49:44'),(25,7,31,'2025-06-26 20:49:44','2025-06-26 20:49:44'),(26,7,36,'2025-06-26 20:49:44','2025-06-26 20:49:44'),(27,7,40,'2025-06-26 20:49:44','2025-06-26 20:49:44'),(28,8,8,'2025-06-26 20:49:44','2025-06-26 20:49:44'),(29,8,12,'2025-06-26 20:49:44','2025-06-26 20:49:44'),(30,8,37,'2025-06-26 20:49:44','2025-06-26 20:49:44'),(31,9,7,'2025-06-26 20:49:44','2025-06-26 20:49:44'),(32,9,16,'2025-06-26 20:49:44','2025-06-26 20:49:44'),(33,10,22,'2025-06-26 20:49:44','2025-06-26 20:49:44'),(34,11,21,'2025-06-26 20:49:44','2025-06-26 20:49:44'),(35,11,27,'2025-06-26 20:49:44','2025-06-26 20:49:44'),(36,12,8,'2025-06-26 20:49:44','2025-06-26 20:49:44'),(37,12,26,'2025-06-26 20:49:44','2025-06-26 20:49:44'),(38,13,12,'2025-06-26 20:49:44','2025-06-26 20:49:44'),(39,13,29,'2025-06-26 20:49:44','2025-06-26 20:49:44'),(40,13,34,'2025-06-26 20:49:44','2025-06-26 20:49:44'),(41,13,39,'2025-06-26 20:49:44','2025-06-26 20:49:44'),(42,14,18,'2025-06-26 20:49:44','2025-06-26 20:49:44'),(43,15,9,'2025-06-26 20:49:44','2025-06-26 20:49:44'),(44,15,17,'2025-06-26 20:49:44','2025-06-26 20:49:44'),(45,15,32,'2025-06-26 20:49:44','2025-06-26 20:49:44'),(46,15,33,'2025-06-26 20:49:44','2025-06-26 20:49:44'),(47,15,35,'2025-06-26 20:49:44','2025-06-26 20:49:44'),(48,16,1,'2025-06-26 20:49:44','2025-06-26 20:49:44'),(49,16,13,'2025-06-26 20:49:44','2025-06-26 20:49:44'),(50,16,17,'2025-06-26 20:49:44','2025-06-26 20:49:44'),(51,16,22,'2025-06-26 20:49:44','2025-06-26 20:49:44'),(52,17,7,'2025-06-26 20:49:44','2025-06-26 20:49:44'),(53,17,13,'2025-06-26 20:49:44','2025-06-26 20:49:44'),(54,17,32,'2025-06-26 20:49:44','2025-06-26 20:49:44'),(55,17,35,'2025-06-26 20:49:44','2025-06-26 20:49:44'),(56,18,26,'2025-06-26 20:49:44','2025-06-26 20:49:44'),(57,18,35,'2025-06-26 20:49:44','2025-06-26 20:49:44'),(58,18,36,'2025-06-26 20:49:44','2025-06-26 20:49:44'),(59,18,40,'2025-06-26 20:49:44','2025-06-26 20:49:44'),(60,19,3,'2025-06-26 20:49:44','2025-06-26 20:49:44'),(61,19,6,'2025-06-26 20:49:44','2025-06-26 20:49:44'),(62,19,16,'2025-06-26 20:49:44','2025-06-26 20:49:44'),(63,19,17,'2025-06-26 20:49:44','2025-06-26 20:49:44'),(64,19,31,'2025-06-26 20:49:44','2025-06-26 20:49:44'),(65,20,10,'2025-06-26 20:49:44','2025-06-26 20:49:44'),(66,20,13,'2025-06-26 20:49:44','2025-06-26 20:49:44'),(67,21,4,'2025-06-26 20:49:44','2025-06-26 20:49:44'),(68,21,16,'2025-06-26 20:49:44','2025-06-26 20:49:44'),(69,21,25,'2025-06-26 20:49:44','2025-06-26 20:49:44'),(70,21,26,'2025-06-26 20:49:44','2025-06-26 20:49:44'),(71,21,29,'2025-06-26 20:49:44','2025-06-26 20:49:44'),(72,22,9,'2025-06-26 20:49:44','2025-06-26 20:49:44'),(73,24,9,'2025-06-26 20:49:44','2025-06-26 20:49:44'),(74,24,31,'2025-06-26 20:49:44','2025-06-26 20:49:44'),(75,24,37,'2025-06-26 20:49:44','2025-06-26 20:49:44'),(76,24,39,'2025-06-26 20:49:44','2025-06-26 20:49:44'),(77,25,28,'2025-06-26 20:49:44','2025-06-26 20:49:44'),(78,25,35,'2025-06-26 20:49:44','2025-06-26 20:49:44'),(79,25,36,'2025-06-26 20:49:44','2025-06-26 20:49:44'),(80,25,38,'2025-06-26 20:49:44','2025-06-26 20:49:44'),(81,25,40,'2025-06-26 20:49:44','2025-06-26 20:49:44'),(82,26,5,'2025-06-26 20:49:44','2025-06-26 20:49:44'),(83,26,9,'2025-06-26 20:49:44','2025-06-26 20:49:44'),(84,26,27,'2025-06-26 20:49:44','2025-06-26 20:49:44'),(85,27,5,'2025-06-26 20:49:44','2025-06-26 20:49:44'),(86,28,5,'2025-06-26 20:49:44','2025-06-26 20:49:44'),(87,28,16,'2025-06-26 20:49:44','2025-06-26 20:49:44'),(88,29,8,'2025-06-26 20:49:44','2025-06-26 20:49:44'),(89,29,11,'2025-06-26 20:49:44','2025-06-26 20:49:44'),(90,29,39,'2025-06-26 20:49:44','2025-06-26 20:49:44'),(91,30,20,'2025-06-26 20:49:44','2025-06-26 20:49:44'),(92,30,34,'2025-06-26 20:49:44','2025-06-26 20:49:44'),(93,30,35,'2025-06-26 20:49:44','2025-06-26 20:49:44'),(94,30,36,'2025-06-26 20:49:44','2025-06-26 20:49:44'),(95,30,41,'2025-06-26 20:49:44','2025-06-26 20:49:44'),(96,31,16,'2025-06-26 20:49:44','2025-06-26 20:49:44'),(97,31,27,'2025-06-26 20:49:44','2025-06-26 20:49:44'),(98,31,31,'2025-06-26 20:49:44','2025-06-26 20:49:44'),(99,33,12,'2025-06-26 20:49:44','2025-06-26 20:49:44'),(100,33,17,'2025-06-26 20:49:44','2025-06-26 20:49:44'),(101,33,26,'2025-06-26 20:49:44','2025-06-26 20:49:44'),(102,34,8,'2025-06-26 20:49:44','2025-06-26 20:49:44'),(103,34,18,'2025-06-26 20:49:44','2025-06-26 20:49:44'),(104,34,27,'2025-06-26 20:49:44','2025-06-26 20:49:44'),(105,34,33,'2025-06-26 20:49:44','2025-06-26 20:49:44'),(106,34,37,'2025-06-26 20:49:44','2025-06-26 20:49:44'),(107,35,9,'2025-06-26 20:49:44','2025-06-26 20:49:44'),(108,35,15,'2025-06-26 20:49:44','2025-06-26 20:49:44'),(109,36,14,'2025-06-26 20:49:44','2025-06-26 20:49:44'),(110,37,39,'2025-06-26 20:49:44','2025-06-26 20:49:44'),(111,37,41,'2025-06-26 20:49:44','2025-06-26 20:49:44'),(112,38,18,'2025-06-26 20:49:44','2025-06-26 20:49:44'),(113,38,21,'2025-06-26 20:49:44','2025-06-26 20:49:44'),(114,38,40,'2025-06-26 20:49:44','2025-06-26 20:49:44'),(115,39,10,'2025-06-26 20:49:44','2025-06-26 20:49:44'),(116,39,12,'2025-06-26 20:49:44','2025-06-26 20:49:44'),(117,39,21,'2025-06-26 20:49:44','2025-06-26 20:49:44'),(118,39,25,'2025-06-26 20:49:44','2025-06-26 20:49:44'),(119,39,27,'2025-06-26 20:49:44','2025-06-26 20:49:44'),(120,41,1,'2025-06-26 20:49:44','2025-06-26 20:49:44'),(121,41,17,'2025-06-26 20:49:44','2025-06-26 20:49:44'),(122,41,19,'2025-06-26 20:49:44','2025-06-26 20:49:44'),(123,41,34,'2025-06-26 20:49:44','2025-06-26 20:49:44'),(124,42,8,'2025-06-26 20:49:44','2025-06-26 20:49:44'),(125,42,11,'2025-06-26 20:49:44','2025-06-26 20:49:44'),(126,42,12,'2025-06-26 20:49:44','2025-06-26 20:49:44'),(127,42,38,'2025-06-26 20:49:44','2025-06-26 20:49:44'),(128,43,9,'2025-06-26 20:49:44','2025-06-26 20:49:44'),(129,43,15,'2025-06-26 20:49:44','2025-06-26 20:49:44'),(130,43,20,'2025-06-26 20:49:44','2025-06-26 20:49:44'),(131,43,24,'2025-06-26 20:49:44','2025-06-26 20:49:44'),(132,43,38,'2025-06-26 20:49:44','2025-06-26 20:49:44'),(133,44,29,'2025-06-26 20:49:44','2025-06-26 20:49:44'),(134,44,30,'2025-06-26 20:49:44','2025-06-26 20:49:44'),(135,45,13,'2025-06-26 20:49:44','2025-06-26 20:49:44'),(136,46,3,'2025-06-26 20:49:44','2025-06-26 20:49:44'),(137,46,13,'2025-06-26 20:49:44','2025-06-26 20:49:44'),(138,46,18,'2025-06-26 20:49:44','2025-06-26 20:49:44'),(139,46,32,'2025-06-26 20:49:44','2025-06-26 20:49:44'),(140,47,7,'2025-06-26 20:49:44','2025-06-26 20:49:44'),(141,47,14,'2025-06-26 20:49:44','2025-06-26 20:49:44'),(142,48,2,'2025-06-26 20:49:44','2025-06-26 20:49:44'),(143,48,32,'2025-06-26 20:49:44','2025-06-26 20:49:44'),(144,49,17,'2025-06-26 20:49:44','2025-06-26 20:49:44'),(145,49,20,'2025-06-26 20:49:44','2025-06-26 20:49:44'),(146,49,29,'2025-06-26 20:49:44','2025-06-26 20:49:44'),(147,49,37,'2025-06-26 20:49:44','2025-06-26 20:49:44'),(148,51,20,'2025-06-26 20:49:44','2025-06-26 20:49:44'),(149,51,26,'2025-06-26 20:49:44','2025-06-26 20:49:44'),(150,51,39,'2025-06-26 20:49:44','2025-06-26 20:49:44'),(151,52,5,'2025-06-26 20:49:44','2025-06-26 20:49:44'),(152,52,13,'2025-06-26 20:49:44','2025-06-26 20:49:44'),(153,52,26,'2025-06-26 20:49:44','2025-06-26 20:49:44'),(154,52,38,'2025-06-26 20:49:44','2025-06-26 20:49:44'),(155,53,10,'2025-06-26 20:49:44','2025-06-26 20:49:44'),(156,54,30,'2025-06-26 20:49:44','2025-06-26 20:49:44'),(157,55,3,'2025-06-26 20:49:44','2025-06-26 20:49:44'),(158,55,30,'2025-06-26 20:49:44','2025-06-26 20:49:44'),(159,56,7,'2025-06-26 20:49:44','2025-06-26 20:49:44'),(160,56,15,'2025-06-26 20:49:44','2025-06-26 20:49:44'),(161,57,6,'2025-06-26 20:49:44','2025-06-26 20:49:44'),(162,57,24,'2025-06-26 20:49:44','2025-06-26 20:49:44'),(163,58,1,'2025-06-26 20:49:44','2025-06-26 20:49:44'),(164,58,12,'2025-06-26 20:49:44','2025-06-26 20:49:44'),(165,58,29,'2025-06-26 20:49:44','2025-06-26 20:49:44'),(166,58,30,'2025-06-26 20:49:44','2025-06-26 20:49:44'),(167,59,11,'2025-06-26 20:49:44','2025-06-26 20:49:44'),(168,59,17,'2025-06-26 20:49:44','2025-06-26 20:49:44'),(169,59,27,'2025-06-26 20:49:44','2025-06-26 20:49:44'),(170,59,30,'2025-06-26 20:49:44','2025-06-26 20:49:44'),(171,59,40,'2025-06-26 20:49:44','2025-06-26 20:49:44'),(172,60,2,'2025-06-26 20:49:44','2025-06-26 20:49:44'),(173,60,20,'2025-06-26 20:49:44','2025-06-26 20:49:44'),(174,60,35,'2025-06-26 20:49:44','2025-06-26 20:49:44'),(175,62,4,'2025-06-26 20:49:44','2025-06-26 20:49:44'),(176,62,24,'2025-06-26 20:49:44','2025-06-26 20:49:44'),(177,62,27,'2025-06-26 20:49:44','2025-06-26 20:49:44'),(178,62,28,'2025-06-26 20:49:44','2025-06-26 20:49:44'),(179,62,29,'2025-06-26 20:49:44','2025-06-26 20:49:44'),(180,63,17,'2025-06-26 20:49:44','2025-06-26 20:49:44'),(181,63,28,'2025-06-26 20:49:44','2025-06-26 20:49:44'),(182,63,32,'2025-06-26 20:49:44','2025-06-26 20:49:44'),(183,63,37,'2025-06-26 20:49:44','2025-06-26 20:49:44'),(184,64,5,'2025-06-26 20:49:44','2025-06-26 20:49:44'),(185,64,6,'2025-06-26 20:49:44','2025-06-26 20:49:44'),(186,64,19,'2025-06-26 20:49:44','2025-06-26 20:49:44'),(187,64,38,'2025-06-26 20:49:44','2025-06-26 20:49:44'),(188,65,16,'2025-06-26 20:49:44','2025-06-26 20:49:44'),(189,65,20,'2025-06-26 20:49:44','2025-06-26 20:49:44'),(190,65,39,'2025-06-26 20:49:44','2025-06-26 20:49:44'),(191,65,41,'2025-06-26 20:49:44','2025-06-26 20:49:44'),(192,66,17,'2025-06-26 20:49:44','2025-06-26 20:49:44'),(193,66,20,'2025-06-26 20:49:44','2025-06-26 20:49:44'),(194,66,23,'2025-06-26 20:49:44','2025-06-26 20:49:44'),(195,66,32,'2025-06-26 20:49:44','2025-06-26 20:49:44'),(196,66,33,'2025-06-26 20:49:44','2025-06-26 20:49:44'),(197,67,1,'2025-06-26 20:49:44','2025-06-26 20:49:44'),(198,67,2,'2025-06-26 20:49:44','2025-06-26 20:49:44'),(199,67,26,'2025-06-26 20:49:44','2025-06-26 20:49:44'),(200,67,30,'2025-06-26 20:49:44','2025-06-26 20:49:44'),(201,67,31,'2025-06-26 20:49:44','2025-06-26 20:49:44'),(202,68,1,'2025-06-26 20:49:44','2025-06-26 20:49:44'),(203,68,19,'2025-06-26 20:49:44','2025-06-26 20:49:44'),(204,68,27,'2025-06-26 20:49:44','2025-06-26 20:49:44'),(205,68,28,'2025-06-26 20:49:44','2025-06-26 20:49:44'),(206,69,28,'2025-06-26 20:49:44','2025-06-26 20:49:44'),(207,69,40,'2025-06-26 20:49:44','2025-06-26 20:49:44'),(208,70,20,'2025-06-26 20:49:44','2025-06-26 20:49:44'),(209,70,37,'2025-06-26 20:49:44','2025-06-26 20:49:44'),(210,71,11,'2025-06-26 20:49:44','2025-06-26 20:49:44'),(211,71,21,'2025-06-26 20:49:44','2025-06-26 20:49:44'),(212,72,5,'2025-06-26 20:49:44','2025-06-26 20:49:44'),(213,73,12,'2025-06-26 20:49:44','2025-06-26 20:49:44'),(214,73,16,'2025-06-26 20:49:44','2025-06-26 20:49:44'),(215,73,17,'2025-06-26 20:49:44','2025-06-26 20:49:44'),(216,73,23,'2025-06-26 20:49:44','2025-06-26 20:49:44'),(217,73,26,'2025-06-26 20:49:44','2025-06-26 20:49:44'),(218,74,17,'2025-06-26 20:49:44','2025-06-26 20:49:44'),(219,74,22,'2025-06-26 20:49:44','2025-06-26 20:49:44'),(220,75,4,'2025-06-26 20:49:44','2025-06-26 20:49:44'),(221,76,14,'2025-06-26 20:49:44','2025-06-26 20:49:44'),(222,76,17,'2025-06-26 20:49:44','2025-06-26 20:49:44'),(223,76,22,'2025-06-26 20:49:44','2025-06-26 20:49:44'),(224,76,32,'2025-06-26 20:49:44','2025-06-26 20:49:44'),(225,76,39,'2025-06-26 20:49:44','2025-06-26 20:49:44'),(226,77,2,'2025-06-26 20:49:44','2025-06-26 20:49:44'),(227,77,8,'2025-06-26 20:49:44','2025-06-26 20:49:44'),(228,77,14,'2025-06-26 20:49:44','2025-06-26 20:49:44'),(229,77,16,'2025-06-26 20:49:44','2025-06-26 20:49:44'),(230,77,32,'2025-06-26 20:49:44','2025-06-26 20:49:44'),(231,79,7,'2025-06-26 20:49:44','2025-06-26 20:49:44'),(232,79,13,'2025-06-26 20:49:44','2025-06-26 20:49:44'),(233,79,19,'2025-06-26 20:49:44','2025-06-26 20:49:44'),(234,79,37,'2025-06-26 20:49:44','2025-06-26 20:49:44'),(235,81,4,'2025-06-26 20:49:44','2025-06-26 20:49:44'),(236,81,13,'2025-06-26 20:49:44','2025-06-26 20:49:44'),(237,81,30,'2025-06-26 20:49:44','2025-06-26 20:49:44'),(238,81,35,'2025-06-26 20:49:44','2025-06-26 20:49:44'),(239,81,40,'2025-06-26 20:49:44','2025-06-26 20:49:44'),(240,82,23,'2025-06-26 20:49:44','2025-06-26 20:49:44'),(241,82,35,'2025-06-26 20:49:44','2025-06-26 20:49:44'),(242,82,39,'2025-06-26 20:49:44','2025-06-26 20:49:44'),(243,83,15,'2025-06-26 20:49:44','2025-06-26 20:49:44'),(244,83,30,'2025-06-26 20:49:44','2025-06-26 20:49:44'),(245,83,31,'2025-06-26 20:49:44','2025-06-26 20:49:44'),(246,83,33,'2025-06-26 20:49:44','2025-06-26 20:49:44'),(247,83,38,'2025-06-26 20:49:44','2025-06-26 20:49:44'),(248,84,5,'2025-06-26 20:49:44','2025-06-26 20:49:44'),(249,84,7,'2025-06-26 20:49:44','2025-06-26 20:49:44'),(250,84,10,'2025-06-26 20:49:44','2025-06-26 20:49:44'),(251,84,34,'2025-06-26 20:49:44','2025-06-26 20:49:44'),(252,85,1,'2025-06-26 20:49:44','2025-06-26 20:49:44'),(253,85,21,'2025-06-26 20:49:44','2025-06-26 20:49:44'),(254,85,32,'2025-06-26 20:49:44','2025-06-26 20:49:44'),(255,86,7,'2025-06-26 20:49:44','2025-06-26 20:49:44'),(256,86,13,'2025-06-26 20:49:44','2025-06-26 20:49:44'),(257,86,37,'2025-06-26 20:49:44','2025-06-26 20:49:44'),(258,86,41,'2025-06-26 20:49:44','2025-06-26 20:49:44'),(259,87,13,'2025-06-26 20:49:44','2025-06-26 20:49:44'),(260,88,39,'2025-06-26 20:49:44','2025-06-26 20:49:44'),(261,89,4,'2025-06-26 20:49:44','2025-06-26 20:49:44'),(262,89,30,'2025-06-26 20:49:44','2025-06-26 20:49:44'),(263,90,9,'2025-06-26 20:49:44','2025-06-26 20:49:44'),(264,91,3,'2025-06-26 20:49:44','2025-06-26 20:49:44'),(265,91,14,'2025-06-26 20:49:44','2025-06-26 20:49:44'),(266,91,24,'2025-06-26 20:49:44','2025-06-26 20:49:44'),(267,91,35,'2025-06-26 20:49:44','2025-06-26 20:49:44'),(268,91,39,'2025-06-26 20:49:44','2025-06-26 20:49:44'),(269,92,4,'2025-06-26 20:49:44','2025-06-26 20:49:44'),(270,92,27,'2025-06-26 20:49:44','2025-06-26 20:49:44'),(271,92,39,'2025-06-26 20:49:44','2025-06-26 20:49:44'),(272,93,14,'2025-06-26 20:49:44','2025-06-26 20:49:44'),(273,93,15,'2025-06-26 20:49:44','2025-06-26 20:49:44'),(274,93,29,'2025-06-26 20:49:44','2025-06-26 20:49:44'),(275,94,12,'2025-06-26 20:49:44','2025-06-26 20:49:44'),(276,94,22,'2025-06-26 20:49:44','2025-06-26 20:49:44'),(277,94,29,'2025-06-26 20:49:44','2025-06-26 20:49:44'),(278,94,37,'2025-06-26 20:49:44','2025-06-26 20:49:44'),(279,94,40,'2025-06-26 20:49:44','2025-06-26 20:49:44'),(280,95,8,'2025-06-26 20:49:44','2025-06-26 20:49:44'),(281,95,33,'2025-06-26 20:49:44','2025-06-26 20:49:44'),(282,95,35,'2025-06-26 20:49:44','2025-06-26 20:49:44'),(283,96,31,'2025-06-26 20:49:44','2025-06-26 20:49:44'),(284,96,33,'2025-06-26 20:49:44','2025-06-26 20:49:44'),(285,97,20,'2025-06-26 20:49:44','2025-06-26 20:49:44'),(286,98,21,'2025-06-26 20:49:44','2025-06-26 20:49:44'),(287,98,28,'2025-06-26 20:49:44','2025-06-26 20:49:44'),(288,98,30,'2025-06-26 20:49:44','2025-06-26 20:49:44'),(289,100,5,'2025-06-26 20:49:44','2025-06-26 20:49:44'),(290,100,7,'2025-06-26 20:49:44','2025-06-26 20:49:44'),(291,101,4,'2025-06-26 20:49:44','2025-06-26 20:49:44'),(292,101,16,'2025-06-26 20:49:44','2025-06-26 20:49:44'),(293,101,27,'2025-06-26 20:49:44','2025-06-26 20:49:44'),(294,101,36,'2025-06-26 20:49:44','2025-06-26 20:49:44'),(295,102,8,'2025-06-26 20:49:44','2025-06-26 20:49:44'),(296,102,9,'2025-06-26 20:49:44','2025-06-26 20:49:44'),(297,102,31,'2025-06-26 20:49:44','2025-06-26 20:49:44'),(298,102,36,'2025-06-26 20:49:44','2025-06-26 20:49:44'),(299,103,7,'2025-06-26 20:49:44','2025-06-26 20:49:44'),(300,103,30,'2025-06-26 20:49:44','2025-06-26 20:49:44'),(301,103,36,'2025-06-26 20:49:44','2025-06-26 20:49:44'),(302,104,31,'2025-06-26 20:49:44','2025-06-26 20:49:44'),(303,105,12,'2025-06-26 20:49:44','2025-06-26 20:49:44'),(304,105,27,'2025-06-26 20:49:44','2025-06-26 20:49:44'),(305,105,36,'2025-06-26 20:49:44','2025-06-26 20:49:44'),(306,106,5,'2025-06-26 20:49:44','2025-06-26 20:49:44'),(307,106,17,'2025-06-26 20:49:44','2025-06-26 20:49:44'),(308,106,19,'2025-06-26 20:49:44','2025-06-26 20:49:44'),(309,106,26,'2025-06-26 20:49:44','2025-06-26 20:49:44'),(310,106,28,'2025-06-26 20:49:44','2025-06-26 20:49:44'),(311,107,2,'2025-06-26 20:49:44','2025-06-26 20:49:44'),(312,108,4,'2025-06-26 20:49:44','2025-06-26 20:49:44'),(313,108,27,'2025-06-26 20:49:44','2025-06-26 20:49:44'),(314,109,2,'2025-06-26 20:49:44','2025-06-26 20:49:44'),(315,109,14,'2025-06-26 20:49:44','2025-06-26 20:49:44'),(316,109,17,'2025-06-26 20:49:44','2025-06-26 20:49:44'),(317,110,19,'2025-06-26 20:49:44','2025-06-26 20:49:44'),(318,110,28,'2025-06-26 20:49:44','2025-06-26 20:49:44'),(319,111,8,'2025-06-26 20:49:44','2025-06-26 20:49:44'),(320,111,34,'2025-06-26 20:49:44','2025-06-26 20:49:44'),(321,112,13,'2025-06-26 20:49:44','2025-06-26 20:49:44');
/*!40000 ALTER TABLE `comment_likes` ENABLE KEYS */;
UNLOCK TABLES;

--
-- Table structure for table `conversations`
--

DROP TABLE IF EXISTS `conversations`;
/*!40101 SET @saved_cs_client     = @@character_set_client */;
/*!50503 SET character_set_client = utf8mb4 */;
CREATE TABLE `conversations` (
  `id` bigint unsigned NOT NULL AUTO_INCREMENT,
  `user_one_id` bigint unsigned NOT NULL,
  `user_two_id` bigint unsigned NOT NULL,
  `created_at` timestamp NULL DEFAULT NULL,
  `updated_at` timestamp NULL DEFAULT NULL,
  PRIMARY KEY (`id`),
  UNIQUE KEY `conversations_user_one_id_user_two_id_unique` (`user_one_id`,`user_two_id`),
  KEY `conversations_user_two_id_foreign` (`user_two_id`),
  CONSTRAINT `conversations_user_one_id_foreign` FOREIGN KEY (`user_one_id`) REFERENCES `users` (`id`) ON DELETE CASCADE,
  CONSTRAINT `conversations_user_two_id_foreign` FOREIGN KEY (`user_two_id`) REFERENCES `users` (`id`) ON DELETE CASCADE
) ENGINE=InnoDB AUTO_INCREMENT=93 DEFAULT CHARSET=utf8mb4 COLLATE=utf8mb4_unicode_ci;
/*!40101 SET character_set_client = @saved_cs_client */;

--
-- Dumping data for table `conversations`
--

LOCK TABLES `conversations` WRITE;
/*!40000 ALTER TABLE `conversations` DISABLE KEYS */;
INSERT INTO `conversations` VALUES (1,12,38,'2025-06-26 20:49:44','2025-06-26 20:49:44'),(2,1,38,'2025-06-26 20:49:44','2025-06-26 20:49:44'),(3,18,38,'2025-06-26 20:49:45','2025-06-26 20:49:45'),(4,4,38,'2025-06-26 20:49:45','2025-06-26 20:49:45'),(5,23,38,'2025-06-26 20:49:45','2025-06-26 20:49:45'),(6,32,38,'2025-06-26 20:49:45','2025-06-26 20:49:45'),(7,30,38,'2025-06-26 20:49:45','2025-06-26 20:49:45'),(8,27,38,'2025-06-26 20:49:45','2025-06-26 20:49:45'),(9,34,39,'2025-06-26 20:49:45','2025-06-26 20:49:45'),(10,14,39,'2025-06-26 20:49:45','2025-06-26 20:49:45'),(11,39,41,'2025-06-26 20:49:45','2025-06-26 20:49:45'),(12,16,39,'2025-06-26 20:49:45','2025-06-26 20:49:45'),(13,39,40,'2025-06-26 20:49:45','2025-06-26 20:49:45'),(14,10,39,'2025-06-26 20:49:45','2025-06-26 20:49:45'),(15,7,39,'2025-06-26 20:49:45','2025-06-26 20:49:45'),(16,31,39,'2025-06-26 20:49:45','2025-06-26 20:49:45'),(17,23,39,'2025-06-26 20:49:45','2025-06-26 20:49:45'),(18,20,39,'2025-06-26 20:49:45','2025-06-26 20:49:45'),(19,7,40,'2025-06-26 20:49:45','2025-06-26 20:49:45'),(20,16,40,'2025-06-26 20:49:45','2025-06-26 20:49:45'),(21,13,40,'2025-06-26 20:49:45','2025-06-26 20:49:45'),(22,37,40,'2025-06-26 20:49:45','2025-06-26 20:49:45'),(23,36,40,'2025-06-26 20:49:45','2025-06-26 20:49:45'),(24,9,40,'2025-06-26 20:49:45','2025-06-26 20:49:45'),(25,5,40,'2025-06-26 20:49:45','2025-06-26 20:49:45'),(26,4,40,'2025-06-26 20:49:45','2025-06-26 20:49:45'),(27,27,40,'2025-06-26 20:49:45','2025-06-26 20:49:45'),(28,17,41,'2025-06-26 20:49:45','2025-06-26 20:49:45'),(29,6,41,'2025-06-26 20:49:45','2025-06-26 20:49:45'),(30,3,41,'2025-06-26 20:49:45','2025-06-26 20:49:45'),(31,16,41,'2025-06-26 20:49:45','2025-06-26 20:49:45'),(32,26,41,'2025-06-26 20:49:45','2025-06-26 20:49:45'),(33,7,41,'2025-06-26 20:49:45','2025-06-26 20:49:45'),(34,31,41,'2025-06-26 20:49:45','2025-06-26 20:49:45'),(35,2,4,'2025-06-26 20:49:45','2025-06-26 20:49:45'),(36,6,39,'2025-06-26 20:49:45','2025-06-26 20:49:45'),(37,5,38,'2025-06-26 20:49:45','2025-06-26 20:49:45'),(38,19,37,'2025-06-26 20:49:45','2025-06-26 20:49:45'),(39,23,26,'2025-06-26 20:49:45','2025-06-26 20:49:45'),(40,1,6,'2025-06-26 20:49:45','2025-06-26 20:49:45'),(41,20,35,'2025-06-26 20:49:45','2025-06-26 20:49:45'),(42,27,32,'2025-06-26 20:49:46','2025-06-26 20:49:46'),(43,12,19,'2025-06-26 20:49:46','2025-06-26 20:49:46'),(44,13,16,'2025-06-26 20:49:46','2025-06-26 20:49:46'),(45,25,30,'2025-06-26 20:49:46','2025-06-26 20:49:46'),(46,10,15,'2025-06-26 20:49:46','2025-06-26 20:49:46'),(47,14,19,'2025-06-26 20:49:46','2025-06-26 20:49:46'),(48,23,36,'2025-06-26 20:49:46','2025-06-26 20:49:46'),(49,2,25,'2025-06-26 20:49:46','2025-06-26 20:49:46'),(50,18,33,'2025-06-26 20:49:46','2025-06-26 20:49:46'),(51,16,22,'2025-06-26 20:49:46','2025-06-26 20:49:46'),(52,18,36,'2025-06-26 20:49:46','2025-06-26 20:49:46'),(53,26,28,'2025-06-26 20:49:46','2025-06-26 20:49:46'),(54,36,38,'2025-06-26 20:49:46','2025-06-26 20:49:46'),(55,8,23,'2025-06-26 20:49:46','2025-06-26 20:49:46'),(56,32,36,'2025-06-26 20:49:46','2025-06-26 20:49:46'),(57,19,38,'2025-06-26 20:49:46','2025-06-26 20:49:46'),(58,10,12,'2025-06-26 20:49:46','2025-06-26 20:49:46'),(59,32,41,'2025-06-26 20:49:46','2025-06-26 20:49:46'),(60,5,26,'2025-06-26 20:49:46','2025-06-26 20:49:46'),(61,19,40,'2025-06-26 20:49:46','2025-06-26 20:49:46'),(62,4,26,'2025-06-26 20:49:46','2025-06-26 20:49:46'),(63,18,24,'2025-06-26 20:49:46','2025-06-26 20:49:46'),(64,16,19,'2025-06-26 20:49:46','2025-06-26 20:49:46'),(65,2,35,'2025-06-26 20:49:46','2025-06-26 20:49:46'),(66,17,28,'2025-06-26 20:49:46','2025-06-26 20:49:46'),(67,10,40,'2025-06-26 20:49:46','2025-06-26 20:49:46'),(68,7,35,'2025-06-26 20:49:46','2025-06-26 20:49:46'),(69,5,23,'2025-06-26 20:49:46','2025-06-26 20:49:46'),(70,1,24,'2025-06-26 20:49:46','2025-06-26 20:49:46'),(71,17,36,'2025-06-26 20:49:46','2025-06-26 20:49:46'),(72,13,21,'2025-06-26 20:49:46','2025-06-26 20:49:46'),(73,2,38,'2025-06-26 20:49:46','2025-06-26 20:49:46'),(74,25,39,'2025-06-26 20:49:46','2025-06-26 20:49:46'),(75,1,22,'2025-06-26 20:49:46','2025-06-26 20:49:46'),(76,4,33,'2025-06-26 20:49:46','2025-06-26 20:49:46'),(77,2,39,'2025-06-26 20:49:46','2025-06-26 20:49:46'),(78,23,35,'2025-06-26 20:49:46','2025-06-26 20:49:46'),(79,18,21,'2025-06-26 20:49:46','2025-06-26 20:49:46'),(80,18,35,'2025-06-26 20:49:46','2025-06-26 20:49:46'),(81,22,39,'2025-06-26 20:49:46','2025-06-26 20:49:46'),(82,7,17,'2025-06-26 20:49:47','2025-06-26 20:49:47'),(83,20,30,'2025-06-26 20:49:47','2025-06-26 20:49:47'),(84,6,34,'2025-06-26 20:49:47','2025-06-26 20:49:47'),(85,2,31,'2025-06-26 20:49:47','2025-06-26 20:49:47'),(86,12,15,'2025-06-26 20:49:47','2025-06-26 20:49:47'),(87,12,24,'2025-06-26 20:49:47','2025-06-26 20:49:47'),(88,9,34,'2025-06-26 20:49:47','2025-06-26 20:49:47'),(89,30,40,'2025-06-26 20:49:47','2025-06-26 20:49:47'),(90,20,36,'2025-06-26 20:49:47','2025-06-26 20:49:47'),(91,26,30,'2025-06-26 20:49:47','2025-06-26 20:49:47'),(92,15,37,'2025-06-26 20:49:47','2025-06-26 20:49:47');
/*!40000 ALTER TABLE `conversations` ENABLE KEYS */;
UNLOCK TABLES;

--
-- Table structure for table `failed_jobs`
--

DROP TABLE IF EXISTS `failed_jobs`;
/*!40101 SET @saved_cs_client     = @@character_set_client */;
/*!50503 SET character_set_client = utf8mb4 */;
CREATE TABLE `failed_jobs` (
  `id` bigint unsigned NOT NULL AUTO_INCREMENT,
  `uuid` varchar(255) COLLATE utf8mb4_unicode_ci NOT NULL,
  `connection` text COLLATE utf8mb4_unicode_ci NOT NULL,
  `queue` text COLLATE utf8mb4_unicode_ci NOT NULL,
  `payload` longtext COLLATE utf8mb4_unicode_ci NOT NULL,
  `exception` longtext COLLATE utf8mb4_unicode_ci NOT NULL,
  `failed_at` timestamp NOT NULL DEFAULT CURRENT_TIMESTAMP,
  PRIMARY KEY (`id`),
  UNIQUE KEY `failed_jobs_uuid_unique` (`uuid`)
) ENGINE=InnoDB DEFAULT CHARSET=utf8mb4 COLLATE=utf8mb4_unicode_ci;
/*!40101 SET character_set_client = @saved_cs_client */;

--
-- Dumping data for table `failed_jobs`
--

LOCK TABLES `failed_jobs` WRITE;
/*!40000 ALTER TABLE `failed_jobs` DISABLE KEYS */;
/*!40000 ALTER TABLE `failed_jobs` ENABLE KEYS */;
UNLOCK TABLES;

--
-- Table structure for table `favorites`
--

DROP TABLE IF EXISTS `favorites`;
/*!40101 SET @saved_cs_client     = @@character_set_client */;
/*!50503 SET character_set_client = utf8mb4 */;
CREATE TABLE `favorites` (
  `id` bigint unsigned NOT NULL AUTO_INCREMENT,
  `created_at` timestamp NULL DEFAULT NULL,
  `updated_at` timestamp NULL DEFAULT NULL,
  PRIMARY KEY (`id`)
) ENGINE=InnoDB DEFAULT CHARSET=utf8mb4 COLLATE=utf8mb4_unicode_ci;
/*!40101 SET character_set_client = @saved_cs_client */;

--
-- Dumping data for table `favorites`
--

LOCK TABLES `favorites` WRITE;
/*!40000 ALTER TABLE `favorites` DISABLE KEYS */;
/*!40000 ALTER TABLE `favorites` ENABLE KEYS */;
UNLOCK TABLES;

--
-- Table structure for table `following_users`
--

DROP TABLE IF EXISTS `following_users`;
/*!40101 SET @saved_cs_client     = @@character_set_client */;
/*!50503 SET character_set_client = utf8mb4 */;
CREATE TABLE `following_users` (
  `id` bigint unsigned NOT NULL AUTO_INCREMENT,
  `follower_id` bigint unsigned NOT NULL,
  `following_id` bigint unsigned NOT NULL,
  `created_at` timestamp NULL DEFAULT NULL,
  `updated_at` timestamp NULL DEFAULT NULL,
  PRIMARY KEY (`id`),
  UNIQUE KEY `following_users_follower_id_following_id_unique` (`follower_id`,`following_id`),
  KEY `following_users_following_id_foreign` (`following_id`),
  CONSTRAINT `following_users_follower_id_foreign` FOREIGN KEY (`follower_id`) REFERENCES `users` (`id`) ON DELETE CASCADE,
  CONSTRAINT `following_users_following_id_foreign` FOREIGN KEY (`following_id`) REFERENCES `users` (`id`) ON DELETE CASCADE
) ENGINE=InnoDB AUTO_INCREMENT=138 DEFAULT CHARSET=utf8mb4 COLLATE=utf8mb4_unicode_ci;
/*!40101 SET character_set_client = @saved_cs_client */;

--
-- Dumping data for table `following_users`
--

LOCK TABLES `following_users` WRITE;
/*!40000 ALTER TABLE `following_users` DISABLE KEYS */;
INSERT INTO `following_users` VALUES (1,1,14,'2025-06-26 20:49:43','2025-06-26 20:49:43'),(2,1,17,'2025-06-26 20:49:43','2025-06-26 20:49:43'),(3,1,18,'2025-06-26 20:49:43','2025-06-26 20:49:43'),(4,1,29,'2025-06-26 20:49:43','2025-06-26 20:49:43'),(5,1,39,'2025-06-26 20:49:43','2025-06-26 20:49:43'),(6,2,11,'2025-06-26 20:49:43','2025-06-26 20:49:43'),(7,2,14,'2025-06-26 20:49:43','2025-06-26 20:49:43'),(8,2,28,'2025-06-26 20:49:43','2025-06-26 20:49:43'),(9,2,31,'2025-06-26 20:49:43','2025-06-26 20:49:43'),(10,2,35,'2025-06-26 20:49:43','2025-06-26 20:49:43'),(11,3,21,'2025-06-26 20:49:43','2025-06-26 20:49:43'),(12,3,30,'2025-06-26 20:49:43','2025-06-26 20:49:43'),(13,4,14,'2025-06-26 20:49:43','2025-06-26 20:49:43'),(14,5,13,'2025-06-26 20:49:43','2025-06-26 20:49:43'),(15,5,14,'2025-06-26 20:49:43','2025-06-26 20:49:43'),(16,5,18,'2025-06-26 20:49:43','2025-06-26 20:49:43'),(17,5,22,'2025-06-26 20:49:43','2025-06-26 20:49:43'),(18,5,28,'2025-06-26 20:49:43','2025-06-26 20:49:43'),(19,6,17,'2025-06-26 20:49:43','2025-06-26 20:49:43'),(20,6,21,'2025-06-26 20:49:43','2025-06-26 20:49:43'),(21,6,23,'2025-06-26 20:49:43','2025-06-26 20:49:43'),(22,6,27,'2025-06-26 20:49:43','2025-06-26 20:49:43'),(23,7,15,'2025-06-26 20:49:43','2025-06-26 20:49:43'),(24,8,15,'2025-06-26 20:49:43','2025-06-26 20:49:43'),(25,8,25,'2025-06-26 20:49:43','2025-06-26 20:49:43'),(26,8,27,'2025-06-26 20:49:43','2025-06-26 20:49:43'),(27,8,36,'2025-06-26 20:49:43','2025-06-26 20:49:43'),(28,8,37,'2025-06-26 20:49:43','2025-06-26 20:49:43'),(29,9,21,'2025-06-26 20:49:43','2025-06-26 20:49:43'),(30,9,24,'2025-06-26 20:49:43','2025-06-26 20:49:43'),(31,9,29,'2025-06-26 20:49:43','2025-06-26 20:49:43'),(32,9,37,'2025-06-26 20:49:43','2025-06-26 20:49:43'),(33,10,22,'2025-06-26 20:49:43','2025-06-26 20:49:43'),(34,10,25,'2025-06-26 20:49:43','2025-06-26 20:49:43'),(35,10,26,'2025-06-26 20:49:43','2025-06-26 20:49:43'),(36,10,27,'2025-06-26 20:49:43','2025-06-26 20:49:43'),(37,10,35,'2025-06-26 20:49:43','2025-06-26 20:49:43'),(38,11,18,'2025-06-26 20:49:43','2025-06-26 20:49:43'),(39,11,29,'2025-06-26 20:49:43','2025-06-26 20:49:43'),(40,11,36,'2025-06-26 20:49:43','2025-06-26 20:49:43'),(41,12,14,'2025-06-26 20:49:43','2025-06-26 20:49:43'),(42,12,17,'2025-06-26 20:49:43','2025-06-26 20:49:43'),(43,12,23,'2025-06-26 20:49:43','2025-06-26 20:49:43'),(44,12,24,'2025-06-26 20:49:43','2025-06-26 20:49:43'),(45,13,21,'2025-06-26 20:49:43','2025-06-26 20:49:43'),(46,13,26,'2025-06-26 20:49:43','2025-06-26 20:49:43'),(47,13,28,'2025-06-26 20:49:43','2025-06-26 20:49:43'),(48,13,34,'2025-06-26 20:49:43','2025-06-26 20:49:43'),(49,14,11,'2025-06-26 20:49:43','2025-06-26 20:49:43'),(50,14,39,'2025-06-26 20:49:43','2025-06-26 20:49:43'),(51,15,12,'2025-06-26 20:49:43','2025-06-26 20:49:43'),(52,15,18,'2025-06-26 20:49:43','2025-06-26 20:49:43'),(53,15,29,'2025-06-26 20:49:43','2025-06-26 20:49:43'),(54,15,30,'2025-06-26 20:49:43','2025-06-26 20:49:43'),(55,15,33,'2025-06-26 20:49:43','2025-06-26 20:49:43'),(56,16,26,'2025-06-26 20:49:43','2025-06-26 20:49:43'),(57,16,32,'2025-06-26 20:49:43','2025-06-26 20:49:43'),(58,16,39,'2025-06-26 20:49:43','2025-06-26 20:49:43'),(59,17,21,'2025-06-26 20:49:43','2025-06-26 20:49:43'),(60,17,26,'2025-06-26 20:49:43','2025-06-26 20:49:43'),(61,17,31,'2025-06-26 20:49:43','2025-06-26 20:49:43'),(62,17,36,'2025-06-26 20:49:43','2025-06-26 20:49:43'),(63,18,35,'2025-06-26 20:49:43','2025-06-26 20:49:43'),(64,19,12,'2025-06-26 20:49:43','2025-06-26 20:49:43'),(65,19,17,'2025-06-26 20:49:43','2025-06-26 20:49:43'),(66,19,35,'2025-06-26 20:49:43','2025-06-26 20:49:43'),(67,20,11,'2025-06-26 20:49:43','2025-06-26 20:49:43'),(68,20,29,'2025-06-26 20:49:43','2025-06-26 20:49:43'),(69,20,34,'2025-06-26 20:49:43','2025-06-26 20:49:43'),(70,21,25,'2025-06-26 20:49:43','2025-06-26 20:49:43'),(71,21,30,'2025-06-26 20:49:43','2025-06-26 20:49:43'),(72,21,31,'2025-06-26 20:49:43','2025-06-26 20:49:43'),(73,21,37,'2025-06-26 20:49:43','2025-06-26 20:49:43'),(74,22,11,'2025-06-26 20:49:43','2025-06-26 20:49:43'),(75,22,12,'2025-06-26 20:49:43','2025-06-26 20:49:43'),(76,22,14,'2025-06-26 20:49:43','2025-06-26 20:49:43'),(77,22,21,'2025-06-26 20:49:43','2025-06-26 20:49:43'),(78,22,25,'2025-06-26 20:49:43','2025-06-26 20:49:43'),(79,23,19,'2025-06-26 20:49:43','2025-06-26 20:49:43'),(80,23,22,'2025-06-26 20:49:43','2025-06-26 20:49:43'),(81,24,35,'2025-06-26 20:49:43','2025-06-26 20:49:43'),(82,25,16,'2025-06-26 20:49:43','2025-06-26 20:49:43'),(83,25,22,'2025-06-26 20:49:43','2025-06-26 20:49:43'),(84,25,24,'2025-06-26 20:49:43','2025-06-26 20:49:43'),(85,25,28,'2025-06-26 20:49:43','2025-06-26 20:49:43'),(86,25,32,'2025-06-26 20:49:43','2025-06-26 20:49:43'),(87,26,21,'2025-06-26 20:49:43','2025-06-26 20:49:43'),(88,26,23,'2025-06-26 20:49:43','2025-06-26 20:49:43'),(89,26,31,'2025-06-26 20:49:43','2025-06-26 20:49:43'),(90,27,23,'2025-06-26 20:49:43','2025-06-26 20:49:43'),(91,28,13,'2025-06-26 20:49:43','2025-06-26 20:49:43'),(92,28,16,'2025-06-26 20:49:43','2025-06-26 20:49:43'),(93,28,17,'2025-06-26 20:49:43','2025-06-26 20:49:43'),(94,28,33,'2025-06-26 20:49:43','2025-06-26 20:49:43'),(95,28,34,'2025-06-26 20:49:43','2025-06-26 20:49:43'),(96,29,13,'2025-06-26 20:49:43','2025-06-26 20:49:43'),(97,29,22,'2025-06-26 20:49:43','2025-06-26 20:49:43'),(98,29,28,'2025-06-26 20:49:43','2025-06-26 20:49:43'),(99,29,35,'2025-06-26 20:49:43','2025-06-26 20:49:43'),(100,29,36,'2025-06-26 20:49:43','2025-06-26 20:49:43'),(101,30,23,'2025-06-26 20:49:43','2025-06-26 20:49:43'),(102,31,27,'2025-06-26 20:49:43','2025-06-26 20:49:43'),(103,31,37,'2025-06-26 20:49:43','2025-06-26 20:49:43'),(104,32,14,'2025-06-26 20:49:43','2025-06-26 20:49:43'),(105,32,18,'2025-06-26 20:49:43','2025-06-26 20:49:43'),(106,33,11,'2025-06-26 20:49:43','2025-06-26 20:49:43'),(107,33,39,'2025-06-26 20:49:43','2025-06-26 20:49:43'),(108,34,22,'2025-06-26 20:49:43','2025-06-26 20:49:43'),(109,34,23,'2025-06-26 20:49:43','2025-06-26 20:49:43'),(110,34,24,'2025-06-26 20:49:43','2025-06-26 20:49:43'),(111,35,13,'2025-06-26 20:49:43','2025-06-26 20:49:43'),(112,35,21,'2025-06-26 20:49:43','2025-06-26 20:49:43'),(113,36,11,'2025-06-26 20:49:43','2025-06-26 20:49:43'),(114,36,15,'2025-06-26 20:49:43','2025-06-26 20:49:43'),(115,36,16,'2025-06-26 20:49:43','2025-06-26 20:49:43'),(116,36,30,'2025-06-26 20:49:43','2025-06-26 20:49:43'),(117,36,33,'2025-06-26 20:49:43','2025-06-26 20:49:43'),(118,37,24,'2025-06-26 20:49:43','2025-06-26 20:49:43'),(119,37,25,'2025-06-26 20:49:43','2025-06-26 20:49:43'),(120,37,32,'2025-06-26 20:49:43','2025-06-26 20:49:43'),(121,37,35,'2025-06-26 20:49:43','2025-06-26 20:49:43'),(122,37,36,'2025-06-26 20:49:43','2025-06-26 20:49:43'),(123,38,13,'2025-06-26 20:49:43','2025-06-26 20:49:43'),(124,38,15,'2025-06-26 20:49:43','2025-06-26 20:49:43'),(125,38,22,'2025-06-26 20:49:43','2025-06-26 20:49:43'),(126,38,32,'2025-06-26 20:49:43','2025-06-26 20:49:43'),(127,38,36,'2025-06-26 20:49:43','2025-06-26 20:49:43'),(128,39,17,'2025-06-26 20:49:43','2025-06-26 20:49:43'),(129,40,19,'2025-06-26 20:49:43','2025-06-26 20:49:43'),(130,40,23,'2025-06-26 20:49:43','2025-06-26 20:49:43'),(131,40,26,'2025-06-26 20:49:43','2025-06-26 20:49:43'),(132,40,31,'2025-06-26 20:49:43','2025-06-26 20:49:43'),(133,40,36,'2025-06-26 20:49:43','2025-06-26 20:49:43'),(134,41,11,'2025-06-26 20:49:43','2025-06-26 20:49:43'),(135,41,14,'2025-06-26 20:49:43','2025-06-26 20:49:43'),(136,41,28,'2025-06-26 20:49:43','2025-06-26 20:49:43'),(137,41,34,'2025-06-26 20:49:43','2025-06-26 20:49:43');
/*!40000 ALTER TABLE `following_users` ENABLE KEYS */;
UNLOCK TABLES;

--
-- Table structure for table `job_batches`
--

DROP TABLE IF EXISTS `job_batches`;
/*!40101 SET @saved_cs_client     = @@character_set_client */;
/*!50503 SET character_set_client = utf8mb4 */;
CREATE TABLE `job_batches` (
  `id` varchar(255) COLLATE utf8mb4_unicode_ci NOT NULL,
  `name` varchar(255) COLLATE utf8mb4_unicode_ci NOT NULL,
  `total_jobs` int NOT NULL,
  `pending_jobs` int NOT NULL,
  `failed_jobs` int NOT NULL,
  `failed_job_ids` longtext COLLATE utf8mb4_unicode_ci NOT NULL,
  `options` mediumtext COLLATE utf8mb4_unicode_ci,
  `cancelled_at` int DEFAULT NULL,
  `created_at` int NOT NULL,
  `finished_at` int DEFAULT NULL,
  PRIMARY KEY (`id`)
) ENGINE=InnoDB DEFAULT CHARSET=utf8mb4 COLLATE=utf8mb4_unicode_ci;
/*!40101 SET character_set_client = @saved_cs_client */;

--
-- Dumping data for table `job_batches`
--

LOCK TABLES `job_batches` WRITE;
/*!40000 ALTER TABLE `job_batches` DISABLE KEYS */;
/*!40000 ALTER TABLE `job_batches` ENABLE KEYS */;
UNLOCK TABLES;

--
-- Table structure for table `jobs`
--

DROP TABLE IF EXISTS `jobs`;
/*!40101 SET @saved_cs_client     = @@character_set_client */;
/*!50503 SET character_set_client = utf8mb4 */;
CREATE TABLE `jobs` (
  `id` bigint unsigned NOT NULL AUTO_INCREMENT,
  `queue` varchar(255) COLLATE utf8mb4_unicode_ci NOT NULL,
  `payload` longtext COLLATE utf8mb4_unicode_ci NOT NULL,
  `attempts` tinyint unsigned NOT NULL,
  `reserved_at` int unsigned DEFAULT NULL,
  `available_at` int unsigned NOT NULL,
  `created_at` int unsigned NOT NULL,
  PRIMARY KEY (`id`),
  KEY `jobs_queue_index` (`queue`)
) ENGINE=InnoDB DEFAULT CHARSET=utf8mb4 COLLATE=utf8mb4_unicode_ci;
/*!40101 SET character_set_client = @saved_cs_client */;

--
-- Dumping data for table `jobs`
--

LOCK TABLES `jobs` WRITE;
/*!40000 ALTER TABLE `jobs` DISABLE KEYS */;
/*!40000 ALTER TABLE `jobs` ENABLE KEYS */;
UNLOCK TABLES;

--
-- Table structure for table `media`
--

DROP TABLE IF EXISTS `media`;
/*!40101 SET @saved_cs_client     = @@character_set_client */;
/*!50503 SET character_set_client = utf8mb4 */;
CREATE TABLE `media` (
  `id` bigint unsigned NOT NULL AUTO_INCREMENT,
  `user_id` bigint unsigned NOT NULL,
  `post_id` bigint unsigned NOT NULL,
  `type` enum('image','video') COLLATE utf8mb4_unicode_ci NOT NULL,
  `path` varchar(255) COLLATE utf8mb4_unicode_ci NOT NULL,
  `thumbnail` varchar(255) COLLATE utf8mb4_unicode_ci DEFAULT NULL,
  `size` int DEFAULT NULL,
  `orientation` enum('horizontal','vertical','square') COLLATE utf8mb4_unicode_ci DEFAULT NULL,
  `duration` decimal(8,2) DEFAULT NULL,
  `metadata` json DEFAULT NULL,
  `created_at` timestamp NULL DEFAULT NULL,
  `updated_at` timestamp NULL DEFAULT NULL,
  PRIMARY KEY (`id`),
  KEY `media_user_id_type_index` (`user_id`,`type`),
  KEY `media_post_id_type_index` (`post_id`,`type`),
  KEY `media_type_index` (`type`),
  KEY `media_orientation_index` (`orientation`),
  KEY `media_duration_index` (`duration`),
  CONSTRAINT `media_post_id_foreign` FOREIGN KEY (`post_id`) REFERENCES `posts` (`id`) ON DELETE CASCADE,
  CONSTRAINT `media_user_id_foreign` FOREIGN KEY (`user_id`) REFERENCES `users` (`id`) ON DELETE CASCADE
) ENGINE=InnoDB AUTO_INCREMENT=161 DEFAULT CHARSET=utf8mb4 COLLATE=utf8mb4_unicode_ci;
/*!40101 SET character_set_client = @saved_cs_client */;

--
-- Dumping data for table `media`
--

LOCK TABLES `media` WRITE;
/*!40000 ALTER TABLE `media` DISABLE KEYS */;
INSERT INTO `media` VALUES (1,11,36,'image','uploads/users/11/images/4.jpg','uploads/users/11/images/small/4.jpg.webp',NULL,NULL,NULL,NULL,'2025-06-26 20:49:47','2025-06-26 20:49:47'),(2,11,36,'image','uploads/users/11/images/5.jpg','uploads/users/11/images/small/5.jpg.webp',NULL,NULL,NULL,NULL,'2025-06-26 20:49:47','2025-06-26 20:49:47'),(3,11,36,'image','uploads/users/11/images/2.jpg','uploads/users/11/images/small/2.jpg.webp',NULL,NULL,NULL,NULL,'2025-06-26 20:49:47','2025-06-26 20:49:47'),(4,11,36,'image','uploads/users/11/images/3.jpg','uploads/users/11/images/small/3.jpg.webp',NULL,NULL,NULL,NULL,'2025-06-26 20:49:47','2025-06-26 20:49:47'),(5,11,36,'image','uploads/users/11/images/8.jpg','uploads/users/11/images/small/8.jpg.webp',NULL,NULL,NULL,NULL,'2025-06-26 20:49:47','2025-06-26 20:49:47'),(6,11,36,'video','uploads/users/11/videos/2.mp4','uploads/users/11/videos/posters/2_1.webp',116388548,'vertical',194.84,'\"{\\\"width\\\":368,\\\"height\\\":656}\"','2025-06-26 20:49:47','2025-06-26 20:49:47'),(7,11,37,'video','uploads/users/11/videos/3.mp4','uploads/users/11/videos/posters/3_1.webp',142267950,'horizontal',220.97,'\"{\\\"width\\\":1280,\\\"height\\\":720}\"','2025-06-26 20:49:47','2025-06-26 20:49:47'),(8,11,38,'image','uploads/users/11/images/9.jpg','uploads/users/11/images/small/9.jpg.webp',NULL,NULL,NULL,NULL,'2025-06-26 20:49:47','2025-06-26 20:49:47'),(9,11,38,'image','uploads/users/11/images/7.jpg','uploads/users/11/images/small/7.jpg.webp',NULL,NULL,NULL,NULL,'2025-06-26 20:49:47','2025-06-26 20:49:47'),(10,12,39,'image','uploads/users/12/images/9.jpg','uploads/users/12/images/small/9.jpg.webp',NULL,NULL,NULL,NULL,'2025-06-26 20:49:47','2025-06-26 20:49:47'),(11,12,39,'image','uploads/users/12/images/5.jpg','uploads/users/12/images/small/5.jpg.webp',NULL,NULL,NULL,NULL,'2025-06-26 20:49:47','2025-06-26 20:49:47'),(12,12,39,'image','uploads/users/12/images/6.jpg','uploads/users/12/images/small/6.jpg.webp',NULL,NULL,NULL,NULL,'2025-06-26 20:49:47','2025-06-26 20:49:47'),(13,12,39,'image','uploads/users/12/images/1.jpg','uploads/users/12/images/small/1.jpg.webp',NULL,NULL,NULL,NULL,'2025-06-26 20:49:47','2025-06-26 20:49:47'),(14,12,39,'image','uploads/users/12/images/8.jpg','uploads/users/12/images/small/8.jpg.webp',NULL,NULL,NULL,NULL,'2025-06-26 20:49:47','2025-06-26 20:49:47'),(15,12,39,'image','uploads/users/12/images/3.jpg','uploads/users/12/images/small/3.jpg.webp',NULL,NULL,NULL,NULL,'2025-06-26 20:49:47','2025-06-26 20:49:47'),(16,12,40,'image','uploads/users/12/images/2.jpg','uploads/users/12/images/small/2.jpg.webp',NULL,NULL,NULL,NULL,'2025-06-26 20:49:47','2025-06-26 20:49:47'),(17,12,40,'image','uploads/users/12/images/7.jpg','uploads/users/12/images/small/7.jpg.webp',NULL,NULL,NULL,NULL,'2025-06-26 20:49:47','2025-06-26 20:49:47'),(18,12,40,'image','uploads/users/12/images/4.jpg','uploads/users/12/images/small/4.jpg.webp',NULL,NULL,NULL,NULL,'2025-06-26 20:49:47','2025-06-26 20:49:47'),(19,12,40,'video','uploads/users/12/videos/1.mp4','uploads/users/12/videos/posters/1_1.webp',10119378,'vertical',15.75,'\"{\\\"width\\\":404,\\\"height\\\":720}\"','2025-06-26 20:49:47','2025-06-26 20:49:47'),(20,13,42,'video','uploads/users/13/videos/1.mp4','uploads/users/13/videos/posters/1_1.webp',16225447,'horizontal',25.05,'\"{\\\"width\\\":1280,\\\"height\\\":720}\"','2025-06-26 20:49:47','2025-06-26 20:49:47'),(21,14,43,'image','uploads/users/14/images/4.jpg','uploads/users/14/images/small/4.jpg.webp',NULL,NULL,NULL,NULL,'2025-06-26 20:49:47','2025-06-26 20:49:47'),(22,14,43,'image','uploads/users/14/images/6.jpg','uploads/users/14/images/small/6.jpg.webp',NULL,NULL,NULL,NULL,'2025-06-26 20:49:47','2025-06-26 20:49:47'),(23,14,43,'image','uploads/users/14/images/5.jpg','uploads/users/14/images/small/5.jpg.webp',NULL,NULL,NULL,NULL,'2025-06-26 20:49:47','2025-06-26 20:49:47'),(24,14,43,'image','uploads/users/14/images/9.jpg','uploads/users/14/images/small/9.jpg.webp',NULL,NULL,NULL,NULL,'2025-06-26 20:49:47','2025-06-26 20:49:47'),(25,14,43,'image','uploads/users/14/images/8.jpg','uploads/users/14/images/small/8.jpg.webp',NULL,NULL,NULL,NULL,'2025-06-26 20:49:47','2025-06-26 20:49:47'),(26,14,43,'image','uploads/users/14/images/2.jpg','uploads/users/14/images/small/2.jpg.webp',NULL,NULL,NULL,NULL,'2025-06-26 20:49:47','2025-06-26 20:49:47'),(27,14,44,'image','uploads/users/14/images/1.jpg','uploads/users/14/images/small/1.jpg.webp',NULL,NULL,NULL,NULL,'2025-06-26 20:49:47','2025-06-26 20:49:47'),(28,14,44,'image','uploads/users/14/images/7.jpg','uploads/users/14/images/small/7.jpg.webp',NULL,NULL,NULL,NULL,'2025-06-26 20:49:47','2025-06-26 20:49:47'),(29,15,45,'image','uploads/users/15/images/9.jpg','uploads/users/15/images/small/9.jpg.webp',NULL,NULL,NULL,NULL,'2025-06-26 20:49:47','2025-06-26 20:49:47'),(30,15,45,'image','uploads/users/15/images/2.jpg','uploads/users/15/images/small/2.jpg.webp',NULL,NULL,NULL,NULL,'2025-06-26 20:49:47','2025-06-26 20:49:47'),(31,15,45,'image','uploads/users/15/images/6.jpg','uploads/users/15/images/small/6.jpg.webp',NULL,NULL,NULL,NULL,'2025-06-26 20:49:47','2025-06-26 20:49:47'),(32,15,45,'image','uploads/users/15/images/7.jpg','uploads/users/15/images/small/7.jpg.webp',NULL,NULL,NULL,NULL,'2025-06-26 20:49:47','2025-06-26 20:49:47'),(33,15,45,'image','uploads/users/15/images/5.jpg','uploads/users/15/images/small/5.jpg.webp',NULL,NULL,NULL,NULL,'2025-06-26 20:49:47','2025-06-26 20:49:47'),(34,15,45,'image','uploads/users/15/images/3.jpg','uploads/users/15/images/small/3.jpg.webp',NULL,NULL,NULL,NULL,'2025-06-26 20:49:47','2025-06-26 20:49:47'),(35,15,46,'image','uploads/users/15/images/1.jpg','uploads/users/15/images/small/1.jpg.webp',NULL,NULL,NULL,NULL,'2025-06-26 20:49:47','2025-06-26 20:49:47'),(36,15,46,'image','uploads/users/15/images/4.jpg','uploads/users/15/images/small/4.jpg.webp',NULL,NULL,NULL,NULL,'2025-06-26 20:49:47','2025-06-26 20:49:47'),(37,15,46,'video','uploads/users/15/videos/2.mp4','uploads/users/15/videos/posters/2_1.webp',224929386,'horizontal',351.15,'\"{\\\"width\\\":640,\\\"height\\\":426}\"','2025-06-26 20:49:47','2025-06-26 20:49:47'),(38,15,47,'image','uploads/users/15/images/8.jpg','uploads/users/15/images/small/8.jpg.webp',NULL,NULL,NULL,NULL,'2025-06-26 20:49:47','2025-06-26 20:49:47'),(39,15,47,'video','uploads/users/15/videos/1.mp4','uploads/users/15/videos/posters/1_1.webp',212539426,'horizontal',329.62,'\"{\\\"width\\\":640,\\\"height\\\":426}\"','2025-06-26 20:49:47','2025-06-26 20:49:47'),(40,16,48,'image','uploads/users/16/images/8.jpg','uploads/users/16/images/small/8.jpg.webp',NULL,NULL,NULL,NULL,'2025-06-26 20:49:47','2025-06-26 20:49:47'),(41,16,48,'image','uploads/users/16/images/2.jpg','uploads/users/16/images/small/2.jpg.webp',NULL,NULL,NULL,NULL,'2025-06-26 20:49:47','2025-06-26 20:49:47'),(42,16,48,'image','uploads/users/16/images/1.jpg','uploads/users/16/images/small/1.jpg.webp',NULL,NULL,NULL,NULL,'2025-06-26 20:49:47','2025-06-26 20:49:47'),(43,16,48,'video','uploads/users/16/videos/2.mp4','uploads/users/16/videos/posters/2_1.webp',163771917,'horizontal',253.70,'\"{\\\"width\\\":960,\\\"height\\\":540}\"','2025-06-26 20:49:47','2025-06-26 20:49:47'),(44,16,49,'image','uploads/users/16/images/9.jpg','uploads/users/16/images/small/9.jpg.webp',NULL,NULL,NULL,NULL,'2025-06-26 20:49:47','2025-06-26 20:49:47'),(45,16,49,'image','uploads/users/16/images/7.jpg','uploads/users/16/images/small/7.jpg.webp',NULL,NULL,NULL,NULL,'2025-06-26 20:49:47','2025-06-26 20:49:47'),(46,16,49,'image','uploads/users/16/images/3.jpg','uploads/users/16/images/small/3.jpg.webp',NULL,NULL,NULL,NULL,'2025-06-26 20:49:47','2025-06-26 20:49:47'),(47,17,51,'image','uploads/users/17/images/9.jpg','uploads/users/17/images/small/9.jpg.webp',NULL,NULL,NULL,NULL,'2025-06-26 20:49:47','2025-06-26 20:49:47'),(48,17,51,'image','uploads/users/17/images/8.jpg','uploads/users/17/images/small/8.jpg.webp',NULL,NULL,NULL,NULL,'2025-06-26 20:49:47','2025-06-26 20:49:47'),(49,17,51,'video','uploads/users/17/videos/4.mp4','uploads/users/17/videos/posters/4_1.webp',93789302,'horizontal',144.96,'\"{\\\"width\\\":1280,\\\"height\\\":720}\"','2025-06-26 20:49:47','2025-06-26 20:49:47'),(50,17,52,'image','uploads/users/17/images/6.jpg','uploads/users/17/images/small/6.jpg.webp',NULL,NULL,NULL,NULL,'2025-06-26 20:49:47','2025-06-26 20:49:47'),(51,17,52,'image','uploads/users/17/images/1.jpg','uploads/users/17/images/small/1.jpg.webp',NULL,NULL,NULL,NULL,'2025-06-26 20:49:47','2025-06-26 20:49:47'),(52,17,52,'video','uploads/users/17/videos/1.mp4','uploads/users/17/videos/posters/1_1.webp',10554149,'vertical',16.51,'\"{\\\"width\\\":404,\\\"height\\\":720}\"','2025-06-26 20:49:47','2025-06-26 20:49:47'),(53,17,53,'image','uploads/users/17/images/7.jpg','uploads/users/17/images/small/7.jpg.webp',NULL,NULL,NULL,NULL,'2025-06-26 20:49:47','2025-06-26 20:49:47'),(54,17,53,'image','uploads/users/17/images/3.jpg','uploads/users/17/images/small/3.jpg.webp',NULL,NULL,NULL,NULL,'2025-06-26 20:49:47','2025-06-26 20:49:47'),(55,17,53,'image','uploads/users/17/images/4.jpg','uploads/users/17/images/small/4.jpg.webp',NULL,NULL,NULL,NULL,'2025-06-26 20:49:47','2025-06-26 20:49:47'),(56,18,54,'image','uploads/users/18/images/6.jpg','uploads/users/18/images/small/6.jpg.webp',NULL,NULL,NULL,NULL,'2025-06-26 20:49:47','2025-06-26 20:49:47'),(57,18,54,'image','uploads/users/18/images/8.jpg','uploads/users/18/images/small/8.jpg.webp',NULL,NULL,NULL,NULL,'2025-06-26 20:49:47','2025-06-26 20:49:47'),(58,18,54,'image','uploads/users/18/images/1.jpg','uploads/users/18/images/small/1.jpg.webp',NULL,NULL,NULL,NULL,'2025-06-26 20:49:47','2025-06-26 20:49:47'),(59,18,55,'image','uploads/users/18/images/4.jpg','uploads/users/18/images/small/4.jpg.webp',NULL,NULL,NULL,NULL,'2025-06-26 20:49:47','2025-06-26 20:49:47'),(60,19,56,'video','uploads/users/19/videos/1.mp4','uploads/users/19/videos/posters/1_1.webp',13469074,'vertical',20.11,'\"{\\\"width\\\":244,\\\"height\\\":480}\"','2025-06-26 20:49:48','2025-06-26 20:49:48'),(61,19,57,'image','uploads/users/19/images/1.jpg','uploads/users/19/images/small/1.jpg.webp',NULL,NULL,NULL,NULL,'2025-06-26 20:49:48','2025-06-26 20:49:48'),(62,19,57,'image','uploads/users/19/images/3.jpg','uploads/users/19/images/small/3.jpg.webp',NULL,NULL,NULL,NULL,'2025-06-26 20:49:48','2025-06-26 20:49:48'),(63,19,57,'image','uploads/users/19/images/9.jpg','uploads/users/19/images/small/9.jpg.webp',NULL,NULL,NULL,NULL,'2025-06-26 20:49:48','2025-06-26 20:49:48'),(64,19,57,'image','uploads/users/19/images/5.jpg','uploads/users/19/images/small/5.jpg.webp',NULL,NULL,NULL,NULL,'2025-06-26 20:49:48','2025-06-26 20:49:48'),(65,20,58,'image','uploads/users/20/images/3.jpg','uploads/users/20/images/small/3.jpg.webp',NULL,NULL,NULL,NULL,'2025-06-26 20:49:48','2025-06-26 20:49:48'),(66,20,58,'image','uploads/users/20/images/9.jpg','uploads/users/20/images/small/9.jpg.webp',NULL,NULL,NULL,NULL,'2025-06-26 20:49:48','2025-06-26 20:49:48'),(67,20,58,'image','uploads/users/20/images/1.jpg','uploads/users/20/images/small/1.jpg.webp',NULL,NULL,NULL,NULL,'2025-06-26 20:49:48','2025-06-26 20:49:48'),(68,20,58,'image','uploads/users/20/images/5.jpg','uploads/users/20/images/small/5.jpg.webp',NULL,NULL,NULL,NULL,'2025-06-26 20:49:48','2025-06-26 20:49:48'),(69,20,58,'image','uploads/users/20/images/6.jpg','uploads/users/20/images/small/6.jpg.webp',NULL,NULL,NULL,NULL,'2025-06-26 20:49:48','2025-06-26 20:49:48'),(70,20,58,'image','uploads/users/20/images/7.jpg','uploads/users/20/images/small/7.jpg.webp',NULL,NULL,NULL,NULL,'2025-06-26 20:49:48','2025-06-26 20:49:48'),(71,20,59,'image','uploads/users/20/images/4.jpg','uploads/users/20/images/small/4.jpg.webp',NULL,NULL,NULL,NULL,'2025-06-26 20:49:48','2025-06-26 20:49:48'),(72,21,60,'image','uploads/users/21/images/7.jpg','uploads/users/21/images/small/7.jpg.webp',NULL,NULL,NULL,NULL,'2025-06-26 20:49:48','2025-06-26 20:49:48'),(73,21,60,'image','uploads/users/21/images/2.jpg','uploads/users/21/images/small/2.jpg.webp',NULL,NULL,NULL,NULL,'2025-06-26 20:49:48','2025-06-26 20:49:48'),(74,21,60,'video','uploads/users/21/videos/1.mp4','uploads/users/21/videos/posters/1_1.webp',17285452,'horizontal',26.67,'\"{\\\"width\\\":568,\\\"height\\\":320}\"','2025-06-26 20:49:48','2025-06-26 20:49:48'),(75,21,61,'image','uploads/users/21/images/6.jpg','uploads/users/21/images/small/6.jpg.webp',NULL,NULL,NULL,NULL,'2025-06-26 20:49:48','2025-06-26 20:49:48'),(76,21,61,'image','uploads/users/21/images/3.jpg','uploads/users/21/images/small/3.jpg.webp',NULL,NULL,NULL,NULL,'2025-06-26 20:49:48','2025-06-26 20:49:48'),(77,21,61,'image','uploads/users/21/images/1.jpg','uploads/users/21/images/small/1.jpg.webp',NULL,NULL,NULL,NULL,'2025-06-26 20:49:48','2025-06-26 20:49:48'),(78,21,61,'image','uploads/users/21/images/5.jpg','uploads/users/21/images/small/5.jpg.webp',NULL,NULL,NULL,NULL,'2025-06-26 20:49:48','2025-06-26 20:49:48'),(79,21,61,'image','uploads/users/21/images/8.jpg','uploads/users/21/images/small/8.jpg.webp',NULL,NULL,NULL,NULL,'2025-06-26 20:49:48','2025-06-26 20:49:48'),(80,21,61,'image','uploads/users/21/images/4.jpg','uploads/users/21/images/small/4.jpg.webp',NULL,NULL,NULL,NULL,'2025-06-26 20:49:48','2025-06-26 20:49:48'),(81,22,62,'image','uploads/users/22/images/8.jpg','uploads/users/22/images/small/8.jpg.webp',NULL,NULL,NULL,NULL,'2025-06-26 20:49:48','2025-06-26 20:49:48'),(82,22,62,'image','uploads/users/22/images/9.jpg','uploads/users/22/images/small/9.jpg.webp',NULL,NULL,NULL,NULL,'2025-06-26 20:49:48','2025-06-26 20:49:48'),(83,22,63,'image','uploads/users/22/images/4.jpg','uploads/users/22/images/small/4.jpg.webp',NULL,NULL,NULL,NULL,'2025-06-26 20:49:48','2025-06-26 20:49:48'),(84,22,63,'image','uploads/users/22/images/3.jpg','uploads/users/22/images/small/3.jpg.webp',NULL,NULL,NULL,NULL,'2025-06-26 20:49:48','2025-06-26 20:49:48'),(85,22,63,'image','uploads/users/22/images/2.jpg','uploads/users/22/images/small/2.jpg.webp',NULL,NULL,NULL,NULL,'2025-06-26 20:49:48','2025-06-26 20:49:48'),(86,22,63,'image','uploads/users/22/images/6.jpg','uploads/users/22/images/small/6.jpg.webp',NULL,NULL,NULL,NULL,'2025-06-26 20:49:48','2025-06-26 20:49:48'),(87,22,63,'image','uploads/users/22/images/7.jpg','uploads/users/22/images/small/7.jpg.webp',NULL,NULL,NULL,NULL,'2025-06-26 20:49:48','2025-06-26 20:49:48'),(88,23,64,'image','uploads/users/23/images/5.jpg','uploads/users/23/images/small/5.jpg.webp',NULL,NULL,NULL,NULL,'2025-06-26 20:49:48','2025-06-26 20:49:48'),(89,23,64,'image','uploads/users/23/images/2.jpg','uploads/users/23/images/small/2.jpg.webp',NULL,NULL,NULL,NULL,'2025-06-26 20:49:48','2025-06-26 20:49:48'),(90,23,65,'image','uploads/users/23/images/6.jpg','uploads/users/23/images/small/6.jpg.webp',NULL,NULL,NULL,NULL,'2025-06-26 20:49:48','2025-06-26 20:49:48'),(91,24,66,'image','uploads/users/24/images/6.jpg','uploads/users/24/images/small/6.jpg.webp',NULL,NULL,NULL,NULL,'2025-06-26 20:49:48','2025-06-26 20:49:48'),(92,24,66,'image','uploads/users/24/images/1.jpg','uploads/users/24/images/small/1.jpg.webp',NULL,NULL,NULL,NULL,'2025-06-26 20:49:48','2025-06-26 20:49:48'),(93,24,66,'image','uploads/users/24/images/2.jpg','uploads/users/24/images/small/2.jpg.webp',NULL,NULL,NULL,NULL,'2025-06-26 20:49:48','2025-06-26 20:49:48'),(94,24,66,'image','uploads/users/24/images/4.jpg','uploads/users/24/images/small/4.jpg.webp',NULL,NULL,NULL,NULL,'2025-06-26 20:49:48','2025-06-26 20:49:48'),(95,24,66,'image','uploads/users/24/images/5.jpg','uploads/users/24/images/small/5.jpg.webp',NULL,NULL,NULL,NULL,'2025-06-26 20:49:48','2025-06-26 20:49:48'),(96,24,66,'image','uploads/users/24/images/3.jpg','uploads/users/24/images/small/3.jpg.webp',NULL,NULL,NULL,NULL,'2025-06-26 20:49:48','2025-06-26 20:49:48'),(97,24,66,'video','uploads/users/24/videos/1.mp4','uploads/users/24/videos/posters/1_1.webp',22060786,'horizontal',33.90,'\"{\\\"width\\\":1280,\\\"height\\\":720}\"','2025-06-26 20:49:48','2025-06-26 20:49:48'),(98,25,68,'image','uploads/users/25/images/2.jpg','uploads/users/25/images/small/2.jpg.webp',NULL,NULL,NULL,NULL,'2025-06-26 20:49:48','2025-06-26 20:49:48'),(99,25,69,'image','uploads/users/25/images/6.jpg','uploads/users/25/images/small/6.jpg.webp',NULL,NULL,NULL,NULL,'2025-06-26 20:49:48','2025-06-26 20:49:48'),(100,27,72,'image','uploads/users/27/images/1.jpg','uploads/users/27/images/small/1.jpg.webp',NULL,NULL,NULL,NULL,'2025-06-26 20:49:48','2025-06-26 20:49:48'),(101,27,73,'image','uploads/users/27/images/4.jpg','uploads/users/27/images/small/4.jpg.webp',NULL,NULL,NULL,NULL,'2025-06-26 20:49:48','2025-06-26 20:49:48'),(102,27,73,'image','uploads/users/27/images/3.jpg','uploads/users/27/images/small/3.jpg.webp',NULL,NULL,NULL,NULL,'2025-06-26 20:49:48','2025-06-26 20:49:48'),(103,27,74,'video','uploads/users/27/videos/7.mp4','uploads/users/27/videos/posters/7_1.webp',9772547,'horizontal',15.05,'\"{\\\"width\\\":1280,\\\"height\\\":720}\"','2025-06-26 20:49:48','2025-06-26 20:49:48'),(104,29,75,'image','uploads/users/29/images/4.jpg','uploads/users/29/images/small/4.jpg.webp',NULL,NULL,NULL,NULL,'2025-06-26 20:49:48','2025-06-26 20:49:48'),(105,29,75,'image','uploads/users/29/images/7.jpg','uploads/users/29/images/small/7.jpg.webp',NULL,NULL,NULL,NULL,'2025-06-26 20:49:48','2025-06-26 20:49:48'),(106,29,75,'image','uploads/users/29/images/9.jpg','uploads/users/29/images/small/9.jpg.webp',NULL,NULL,NULL,NULL,'2025-06-26 20:49:48','2025-06-26 20:49:48'),(107,30,77,'video','uploads/users/30/videos/3.mp4','uploads/users/30/videos/posters/3_1.webp',94389476,'horizontal',145.98,'\"{\\\"width\\\":1280,\\\"height\\\":720}\"','2025-06-26 20:49:48','2025-06-26 20:49:48'),(108,30,79,'video','uploads/users/30/videos/2.mp4','uploads/users/30/videos/posters/2_1.webp',112888628,'vertical',175.00,'\"{\\\"width\\\":404,\\\"height\\\":720}\"','2025-06-26 20:49:48','2025-06-26 20:49:48'),(109,30,80,'image','uploads/users/30/images/7.jpg','uploads/users/30/images/small/7.jpg.webp',NULL,NULL,NULL,NULL,'2025-06-26 20:49:48','2025-06-26 20:49:48'),(110,30,80,'image','uploads/users/30/images/3.jpg','uploads/users/30/images/small/3.jpg.webp',NULL,NULL,NULL,NULL,'2025-06-26 20:49:48','2025-06-26 20:49:48'),(111,31,81,'image','uploads/users/31/images/7.jpg','uploads/users/31/images/small/7.jpg.webp',NULL,NULL,NULL,NULL,'2025-06-26 20:49:48','2025-06-26 20:49:48'),(112,31,81,'image','uploads/users/31/images/9.jpg','uploads/users/31/images/small/9.jpg.webp',NULL,NULL,NULL,NULL,'2025-06-26 20:49:48','2025-06-26 20:49:48'),(113,31,81,'image','uploads/users/31/images/4.jpg','uploads/users/31/images/small/4.jpg.webp',NULL,NULL,NULL,NULL,'2025-06-26 20:49:48','2025-06-26 20:49:48'),(114,31,81,'image','uploads/users/31/images/2.jpg','uploads/users/31/images/small/2.jpg.webp',NULL,NULL,NULL,NULL,'2025-06-26 20:49:48','2025-06-26 20:49:48'),(115,31,81,'image','uploads/users/31/images/3.jpg','uploads/users/31/images/small/3.jpg.webp',NULL,NULL,NULL,NULL,'2025-06-26 20:49:48','2025-06-26 20:49:48'),(116,31,81,'image','uploads/users/31/images/8.jpg','uploads/users/31/images/small/8.jpg.webp',NULL,NULL,NULL,NULL,'2025-06-26 20:49:48','2025-06-26 20:49:48'),(117,31,82,'image','uploads/users/31/images/5.jpg','uploads/users/31/images/small/5.jpg.webp',NULL,NULL,NULL,NULL,'2025-06-26 20:49:48','2025-06-26 20:49:48'),(118,31,82,'image','uploads/users/31/images/1.jpg','uploads/users/31/images/small/1.jpg.webp',NULL,NULL,NULL,NULL,'2025-06-26 20:49:48','2025-06-26 20:49:48'),(119,31,82,'image','uploads/users/31/images/6.jpg','uploads/users/31/images/small/6.jpg.webp',NULL,NULL,NULL,NULL,'2025-06-26 20:49:48','2025-06-26 20:49:48'),(120,32,83,'image','uploads/users/32/images/4.jpg','uploads/users/32/images/small/4.jpg.webp',NULL,NULL,NULL,NULL,'2025-06-26 20:49:48','2025-06-26 20:49:48'),(121,32,83,'image','uploads/users/32/images/3.jpg','uploads/users/32/images/small/3.jpg.webp',NULL,NULL,NULL,NULL,'2025-06-26 20:49:48','2025-06-26 20:49:48'),(122,32,83,'image','uploads/users/32/images/1.jpg','uploads/users/32/images/small/1.jpg.webp',NULL,NULL,NULL,NULL,'2025-06-26 20:49:48','2025-06-26 20:49:48'),(123,32,84,'image','uploads/users/32/images/2.jpg','uploads/users/32/images/small/2.jpg.webp',NULL,NULL,NULL,NULL,'2025-06-26 20:49:48','2025-06-26 20:49:48'),(124,32,84,'image','uploads/users/32/images/8.jpg','uploads/users/32/images/small/8.jpg.webp',NULL,NULL,NULL,NULL,'2025-06-26 20:49:48','2025-06-26 20:49:48'),(125,32,84,'image','uploads/users/32/images/6.jpg','uploads/users/32/images/small/6.jpg.webp',NULL,NULL,NULL,NULL,'2025-06-26 20:49:48','2025-06-26 20:49:48'),(126,32,84,'image','uploads/users/32/images/9.jpg','uploads/users/32/images/small/9.jpg.webp',NULL,NULL,NULL,NULL,'2025-06-26 20:49:48','2025-06-26 20:49:48'),(127,32,84,'image','uploads/users/32/images/5.jpg','uploads/users/32/images/small/5.jpg.webp',NULL,NULL,NULL,NULL,'2025-06-26 20:49:48','2025-06-26 20:49:48'),(128,32,84,'image','uploads/users/32/images/7.jpg','uploads/users/32/images/small/7.jpg.webp',NULL,NULL,NULL,NULL,'2025-06-26 20:49:48','2025-06-26 20:49:48'),(129,33,85,'image','uploads/users/33/images/9.jpg','uploads/users/33/images/small/9.jpg.webp',NULL,NULL,NULL,NULL,'2025-06-26 20:49:48','2025-06-26 20:49:48'),(130,33,85,'image','uploads/users/33/images/5.jpg','uploads/users/33/images/small/5.jpg.webp',NULL,NULL,NULL,NULL,'2025-06-26 20:49:48','2025-06-26 20:49:48'),(131,33,85,'image','uploads/users/33/images/7.jpg','uploads/users/33/images/small/7.jpg.webp',NULL,NULL,NULL,NULL,'2025-06-26 20:49:48','2025-06-26 20:49:48'),(132,33,85,'video','uploads/users/33/videos/1.mp4','uploads/users/33/videos/posters/1_1.webp',36154888,'horizontal',56.53,'\"{\\\"width\\\":640,\\\"height\\\":426}\"','2025-06-26 20:49:48','2025-06-26 20:49:48'),(133,33,86,'image','uploads/users/33/images/4.jpg','uploads/users/33/images/small/4.jpg.webp',NULL,NULL,NULL,NULL,'2025-06-26 20:49:48','2025-06-26 20:49:48'),(134,33,86,'image','uploads/users/33/images/6.jpg','uploads/users/33/images/small/6.jpg.webp',NULL,NULL,NULL,NULL,'2025-06-26 20:49:48','2025-06-26 20:49:48'),(135,33,86,'image','uploads/users/33/images/3.jpg','uploads/users/33/images/small/3.jpg.webp',NULL,NULL,NULL,NULL,'2025-06-26 20:49:48','2025-06-26 20:49:48'),(136,33,86,'image','uploads/users/33/images/1.jpg','uploads/users/33/images/small/1.jpg.webp',NULL,NULL,NULL,NULL,'2025-06-26 20:49:48','2025-06-26 20:49:48'),(137,33,86,'image','uploads/users/33/images/2.jpg','uploads/users/33/images/small/2.jpg.webp',NULL,NULL,NULL,NULL,'2025-06-26 20:49:48','2025-06-26 20:49:48'),(138,34,87,'image','uploads/users/34/images/5.jpg','uploads/users/34/images/small/5.jpg.webp',NULL,NULL,NULL,NULL,'2025-06-26 20:49:48','2025-06-26 20:49:48'),(139,34,87,'image','uploads/users/34/images/1.jpg','uploads/users/34/images/small/1.jpg.webp',NULL,NULL,NULL,NULL,'2025-06-26 20:49:48','2025-06-26 20:49:48'),(140,34,87,'image','uploads/users/34/images/3.jpg','uploads/users/34/images/small/3.jpg.webp',NULL,NULL,NULL,NULL,'2025-06-26 20:49:48','2025-06-26 20:49:48'),(141,34,87,'video','uploads/users/34/videos/1.mp4','uploads/users/34/videos/posters/1_1.webp',128710898,'horizontal',199.70,'\"{\\\"width\\\":720,\\\"height\\\":480}\"','2025-06-26 20:49:48','2025-06-26 20:49:48'),(142,34,88,'image','uploads/users/34/images/7.jpg','uploads/users/34/images/small/7.jpg.webp',NULL,NULL,NULL,NULL,'2025-06-26 20:49:48','2025-06-26 20:49:48'),(143,34,88,'image','uploads/users/34/images/4.jpg','uploads/users/34/images/small/4.jpg.webp',NULL,NULL,NULL,NULL,'2025-06-26 20:49:48','2025-06-26 20:49:48'),(144,34,88,'image','uploads/users/34/images/6.jpg','uploads/users/34/images/small/6.jpg.webp',NULL,NULL,NULL,NULL,'2025-06-26 20:49:48','2025-06-26 20:49:48'),(145,34,88,'image','uploads/users/34/images/2.jpg','uploads/users/34/images/small/2.jpg.webp',NULL,NULL,NULL,NULL,'2025-06-26 20:49:48','2025-06-26 20:49:48'),(146,34,88,'video','uploads/users/34/videos/2.mp4','uploads/users/34/videos/posters/2_1.webp',122234398,'horizontal',190.08,'\"{\\\"width\\\":720,\\\"height\\\":480}\"','2025-06-26 20:49:48','2025-06-26 20:49:48'),(147,35,90,'image','uploads/users/35/images/8.jpg','uploads/users/35/images/small/8.jpg.webp',NULL,NULL,NULL,NULL,'2025-06-26 20:49:48','2025-06-26 20:49:48'),(148,35,91,'image','uploads/users/35/images/5.jpg','uploads/users/35/images/small/5.jpg.webp',NULL,NULL,NULL,NULL,'2025-06-26 20:49:48','2025-06-26 20:49:48'),(149,35,91,'image','uploads/users/35/images/2.jpg','uploads/users/35/images/small/2.jpg.webp',NULL,NULL,NULL,NULL,'2025-06-26 20:49:48','2025-06-26 20:49:48'),(150,35,91,'image','uploads/users/35/images/3.jpg','uploads/users/35/images/small/3.jpg.webp',NULL,NULL,NULL,NULL,'2025-06-26 20:49:48','2025-06-26 20:49:48'),(151,37,93,'image','uploads/users/37/images/1.jpg','uploads/users/37/images/small/1.jpg.webp',NULL,NULL,NULL,NULL,'2025-06-26 20:49:48','2025-06-26 20:49:48'),(152,37,93,'image','uploads/users/37/images/2.jpg','uploads/users/37/images/small/2.jpg.webp',NULL,NULL,NULL,NULL,'2025-06-26 20:49:48','2025-06-26 20:49:48'),(153,37,93,'image','uploads/users/37/images/4.jpg','uploads/users/37/images/small/4.jpg.webp',NULL,NULL,NULL,NULL,'2025-06-26 20:49:48','2025-06-26 20:49:48'),(154,37,93,'image','uploads/users/37/images/8.jpg','uploads/users/37/images/small/8.jpg.webp',NULL,NULL,NULL,NULL,'2025-06-26 20:49:48','2025-06-26 20:49:48'),(155,37,93,'image','uploads/users/37/images/7.jpg','uploads/users/37/images/small/7.jpg.webp',NULL,NULL,NULL,NULL,'2025-06-26 20:49:48','2025-06-26 20:49:48'),(156,37,93,'video','uploads/users/37/videos/1.mp4','uploads/users/37/videos/posters/1_1.webp',148857599,'horizontal',230.46,'\"{\\\"width\\\":1280,\\\"height\\\":720}\"','2025-06-26 20:49:48','2025-06-26 20:49:48'),(157,37,94,'image','uploads/users/37/images/9.jpg','uploads/users/37/images/small/9.jpg.webp',NULL,NULL,NULL,NULL,'2025-06-26 20:49:48','2025-06-26 20:49:48'),(158,37,94,'image','uploads/users/37/images/3.jpg','uploads/users/37/images/small/3.jpg.webp',NULL,NULL,NULL,NULL,'2025-06-26 20:49:48','2025-06-26 20:49:48'),(159,37,94,'image','uploads/users/37/images/6.jpg','uploads/users/37/images/small/6.jpg.webp',NULL,NULL,NULL,NULL,'2025-06-26 20:49:48','2025-06-26 20:49:48'),(160,37,95,'image','uploads/users/37/images/5.jpg','uploads/users/37/images/small/5.jpg.webp',NULL,NULL,NULL,NULL,'2025-06-26 20:49:48','2025-06-26 20:49:48');
/*!40000 ALTER TABLE `media` ENABLE KEYS */;
UNLOCK TABLES;

--
-- Table structure for table `messages`
--

DROP TABLE IF EXISTS `messages`;
/*!40101 SET @saved_cs_client     = @@character_set_client */;
/*!50503 SET character_set_client = utf8mb4 */;
CREATE TABLE `messages` (
  `id` bigint unsigned NOT NULL AUTO_INCREMENT,
  `conversation_id` bigint unsigned NOT NULL,
  `sender_id` bigint unsigned NOT NULL,
  `body` text COLLATE utf8mb4_unicode_ci,
  `media` json DEFAULT NULL,
  `is_read` tinyint(1) NOT NULL DEFAULT '0',
  `created_at` timestamp NULL DEFAULT NULL,
  `updated_at` timestamp NULL DEFAULT NULL,
  PRIMARY KEY (`id`),
  KEY `messages_conversation_id_foreign` (`conversation_id`),
  KEY `messages_sender_id_foreign` (`sender_id`),
  CONSTRAINT `messages_conversation_id_foreign` FOREIGN KEY (`conversation_id`) REFERENCES `conversations` (`id`) ON DELETE CASCADE,
  CONSTRAINT `messages_sender_id_foreign` FOREIGN KEY (`sender_id`) REFERENCES `users` (`id`) ON DELETE CASCADE
) ENGINE=InnoDB AUTO_INCREMENT=764 DEFAULT CHARSET=utf8mb4 COLLATE=utf8mb4_unicode_ci;
/*!40101 SET character_set_client = @saved_cs_client */;

--
-- Dumping data for table `messages`
--

LOCK TABLES `messages` WRITE;
/*!40000 ALTER TABLE `messages` DISABLE KEYS */;
INSERT INTO `messages` VALUES (1,1,38,'Eos architecto quis ut corporis.','[\"https://via.placeholder.com/640x480.png/004499?text=facere\", \"http://www.ledner.com/et-asperiores-ut-dolores-enim/video.mp4\"]',1,'2025-06-10 05:36:35','2025-06-26 20:49:44'),(2,1,38,'Dignissimos sit unde ea possimus et illum.','[\"https://via.placeholder.com/640x480.png/00ff99?text=voluptas\"]',1,'2025-05-27 05:31:01','2025-06-26 20:49:44'),(3,1,12,'Et atque aut dolor dolorem est voluptas eum pariatur.','[\"https://via.placeholder.com/640x480.png/0066ff?text=ea\", \"http://www.reinger.com/nisi-facere-placeat-veritatis-adipisci-qui-tenetur/video.mp4\"]',1,'2025-06-17 14:21:48','2025-06-26 20:49:44'),(4,1,12,NULL,'[\"https://via.placeholder.com/640x480.png/007799?text=quia\", \"https://via.placeholder.com/640x480.png/00cc88?text=omnis\"]',0,'2025-06-09 12:22:46','2025-06-26 20:49:44'),(5,1,12,'Repudiandae eos eos voluptatem qui.',NULL,0,'2025-06-07 00:32:06','2025-06-26 20:49:44'),(6,1,12,NULL,'[\"https://via.placeholder.com/640x480.png/00cc44?text=nobis\", \"https://via.placeholder.com/640x480.png/0055aa?text=dolor\"]',1,'2025-06-14 19:48:10','2025-06-26 20:49:44'),(7,1,12,'Quis ut doloribus hic quo delectus mollitia quo.','[\"https://via.placeholder.com/640x480.png/0088dd?text=consectetur\", \"https://via.placeholder.com/640x480.png/0088bb?text=omnis\"]',0,'2025-06-07 10:13:18','2025-06-26 20:49:44'),(8,1,38,'Laudantium neque sit aspernatur.','[\"https://via.placeholder.com/640x480.png/00ffcc?text=sit\", \"https://via.placeholder.com/640x480.png/0000cc?text=ab\"]',0,'2025-06-14 17:17:44','2025-06-26 20:49:44'),(9,1,38,'Et animi dolore itaque.',NULL,1,'2025-05-28 11:46:37','2025-06-26 20:49:44'),(10,1,12,'Facere nostrum iure maxime odit eius error dolores est.',NULL,0,'2025-06-26 10:24:10','2025-06-26 20:49:44'),(11,1,38,'Asperiores possimus consequatur magnam consequatur autem.',NULL,0,'2025-06-12 05:22:00','2025-06-26 20:49:44'),(12,1,12,'Minus quisquam aut molestiae quo ut dolor harum vel.',NULL,0,'2025-05-31 08:37:24','2025-06-26 20:49:44'),(13,2,38,'Id qui quos soluta et.','[\"https://via.placeholder.com/640x480.png/0044cc?text=voluptas\", \"https://via.placeholder.com/640x480.png/00bb44?text=vitae\"]',0,'2025-06-23 01:35:31','2025-06-26 20:49:44'),(14,2,1,'Officiis qui porro recusandae cum.',NULL,1,'2025-06-13 02:50:50','2025-06-26 20:49:44'),(15,2,38,'Nostrum dolores omnis quasi unde.',NULL,1,'2025-06-09 22:46:26','2025-06-26 20:49:45'),(16,2,38,'Earum sint est vitae culpa sint.','[\"https://via.placeholder.com/640x480.png/00ff99?text=qui\", \"https://via.placeholder.com/640x480.png/0066bb?text=aut\"]',0,'2025-05-27 10:39:19','2025-06-26 20:49:45'),(17,2,38,NULL,'[\"https://via.placeholder.com/640x480.png/002233?text=maxime\", \"https://via.placeholder.com/640x480.png/002200?text=quaerat\"]',0,'2025-06-04 03:31:28','2025-06-26 20:49:45'),(18,2,1,'Magni quia commodi neque vel quis nostrum.',NULL,0,'2025-06-14 04:42:53','2025-06-26 20:49:45'),(19,2,1,NULL,'[\"https://via.placeholder.com/640x480.png/004477?text=ea\", \"https://www.block.org/et-dolor-quo-mollitia-ea-voluptatum/video.mp4\"]',0,'2025-06-17 13:32:50','2025-06-26 20:49:45'),(20,2,38,'Sit quia molestias quae ipsa aut.','[\"https://via.placeholder.com/640x480.png/0077dd?text=accusamus\", \"http://stanton.org/reprehenderit-deserunt-optio-quia/video.mp4\"]',1,'2025-06-14 07:04:42','2025-06-26 20:49:45'),(21,2,38,NULL,'[\"https://via.placeholder.com/640x480.png/006688?text=harum\", \"https://via.placeholder.com/640x480.png/00aaaa?text=nostrum\"]',0,'2025-05-27 15:37:32','2025-06-26 20:49:45'),(22,3,18,'Voluptas delectus temporibus sapiente nihil.','[\"https://via.placeholder.com/640x480.png/0088cc?text=quia\", \"https://www.weber.info/ad-repellat-rem-voluptatem-ea/video.mp4\"]',1,'2025-05-30 02:29:38','2025-06-26 20:49:45'),(23,3,38,'Eos pariatur labore veritatis atque.',NULL,1,'2025-05-27 15:28:26','2025-06-26 20:49:45'),(24,3,38,'Dolor voluptatum quas perferendis eos ut.','[\"https://via.placeholder.com/640x480.png/002244?text=sunt\", \"http://weimann.net//video.mp4\"]',0,'2025-06-12 22:54:46','2025-06-26 20:49:45'),(25,3,18,'Fugiat enim error ut aut illum aut.',NULL,0,'2025-05-27 18:43:56','2025-06-26 20:49:45'),(26,3,38,'Molestiae ut deleniti laudantium dolores quibusdam quam aut porro.',NULL,0,'2025-06-24 11:31:52','2025-06-26 20:49:45'),(27,3,38,'Magnam quis officiis qui voluptatem et nobis.',NULL,1,'2025-06-24 18:29:41','2025-06-26 20:49:45'),(28,3,38,NULL,'[\"https://via.placeholder.com/640x480.png/000088?text=consequatur\"]',1,'2025-06-02 15:11:10','2025-06-26 20:49:45'),(29,3,18,NULL,'[\"https://via.placeholder.com/640x480.png/000000?text=officia\", \"https://via.placeholder.com/640x480.png/00ee99?text=distinctio\"]',1,'2025-06-16 12:13:03','2025-06-26 20:49:45'),(30,3,18,'Aliquam mollitia et quod alias soluta vero vitae.',NULL,1,'2025-06-02 06:40:09','2025-06-26 20:49:45'),(31,3,38,NULL,'[\"https://via.placeholder.com/640x480.png/00aa44?text=doloribus\", \"https://via.placeholder.com/640x480.png/0066ee?text=exercitationem\"]',0,'2025-06-14 15:46:59','2025-06-26 20:49:45'),(32,3,38,'Nulla reprehenderit repellendus rem vel.','[\"https://via.placeholder.com/640x480.png/00ddbb?text=illum\"]',0,'2025-06-02 02:41:51','2025-06-26 20:49:45'),(33,4,38,'Adipisci sapiente ullam veritatis.',NULL,0,'2025-06-05 00:55:37','2025-06-26 20:49:45'),(34,4,4,'Omnis inventore maiores voluptas qui et.',NULL,1,'2025-06-08 06:49:41','2025-06-26 20:49:45'),(35,4,4,NULL,'[\"https://via.placeholder.com/640x480.png/0022bb?text=quisquam\", \"https://via.placeholder.com/640x480.png/009922?text=necessitatibus\"]',0,'2025-06-06 10:24:59','2025-06-26 20:49:45'),(36,4,38,'Iure illo sit quaerat voluptatum facilis natus.','[\"https://via.placeholder.com/640x480.png/00ffaa?text=autem\"]',1,'2025-06-16 21:42:31','2025-06-26 20:49:45'),(37,4,4,'Incidunt ut nobis delectus corporis velit similique.',NULL,1,'2025-05-28 09:55:31','2025-06-26 20:49:45'),(38,4,38,'Ullam molestiae accusantium odit ea qui deserunt.','[\"https://via.placeholder.com/640x480.png/006688?text=est\", \"https://via.placeholder.com/640x480.png/000077?text=eum\"]',1,'2025-06-15 01:33:07','2025-06-26 20:49:45'),(39,4,4,NULL,'[\"https://via.placeholder.com/640x480.png/001133?text=hic\", \"http://dooley.com/sit-molestiae-autem-nostrum-voluptatum-eligendi/video.mp4\"]',1,'2025-05-31 17:56:51','2025-06-26 20:49:45'),(40,5,23,NULL,'[\"https://via.placeholder.com/640x480.png/007722?text=illum\", \"https://via.placeholder.com/640x480.png/0011bb?text=vel\"]',0,'2025-06-09 04:59:26','2025-06-26 20:49:45'),(41,5,38,'Consequatur ea animi repellat cumque fugit eveniet.',NULL,1,'2025-06-01 09:02:13','2025-06-26 20:49:45'),(42,5,38,NULL,'[\"https://via.placeholder.com/640x480.png/00cc00?text=debitis\"]',1,'2025-06-10 15:53:55','2025-06-26 20:49:45'),(43,5,38,'A vel ullam ut sequi exercitationem facere.',NULL,0,'2025-06-15 04:29:19','2025-06-26 20:49:45'),(44,5,38,'Et molestiae aut excepturi perspiciatis optio.',NULL,1,'2025-05-28 18:20:11','2025-06-26 20:49:45'),(45,6,32,'Praesentium quos minima deleniti cumque nobis delectus.',NULL,0,'2025-06-04 20:59:10','2025-06-26 20:49:45'),(46,6,32,NULL,'[\"https://via.placeholder.com/640x480.png/008822?text=eum\"]',1,'2025-06-04 11:31:16','2025-06-26 20:49:45'),(47,6,32,'Ut repellendus veniam mollitia.',NULL,0,'2025-06-09 20:31:22','2025-06-26 20:49:45'),(48,6,38,'Incidunt rerum quisquam rerum quasi ullam.',NULL,0,'2025-05-30 22:41:37','2025-06-26 20:49:45'),(49,6,32,'Dolorum earum modi magni.',NULL,0,'2025-06-13 01:18:03','2025-06-26 20:49:45'),(50,6,38,'Et accusantium occaecati et libero dolore.','[\"https://via.placeholder.com/640x480.png/0099bb?text=vel\"]',0,'2025-06-19 07:22:30','2025-06-26 20:49:45'),(51,6,32,'Sequi saepe doloremque voluptatibus et et dolores ratione.',NULL,1,'2025-06-22 14:06:15','2025-06-26 20:49:45'),(52,7,38,'Nam consequuntur illo autem ea illum blanditiis.',NULL,0,'2025-06-04 14:07:17','2025-06-26 20:49:45'),(53,7,30,'Voluptatem consequatur sed optio inventore ea sit omnis.',NULL,1,'2025-06-08 17:25:10','2025-06-26 20:49:45'),(54,7,38,'Incidunt asperiores tenetur vel deserunt voluptatibus inventore voluptatem.',NULL,0,'2025-05-29 00:26:28','2025-06-26 20:49:45'),(55,7,38,'Libero eligendi voluptate sunt voluptas quos sit aspernatur.',NULL,1,'2025-06-03 20:19:39','2025-06-26 20:49:45'),(56,7,38,'Ratione tempore consequatur odit omnis harum quam.','[\"https://via.placeholder.com/640x480.png/0044bb?text=possimus\", \"https://via.placeholder.com/640x480.png/00bb88?text=voluptatem\"]',0,'2025-06-19 23:11:17','2025-06-26 20:49:45'),(57,8,27,'Minima esse reprehenderit reprehenderit nobis tempore.',NULL,0,'2025-05-28 12:23:13','2025-06-26 20:49:45'),(58,8,27,'Dolorem impedit tempora vero reiciendis.','[\"https://via.placeholder.com/640x480.png/009966?text=consequatur\", \"http://parisian.com/atque-quo-doloribus-dolorum-excepturi.html/video.mp4\"]',1,'2025-05-30 19:47:39','2025-06-26 20:49:45'),(59,8,38,NULL,'[\"https://via.placeholder.com/640x480.png/003399?text=exercitationem\", \"https://www.lehner.com/vel-provident-ut-voluptatibus-voluptas-autem-expedita/video.mp4\"]',0,'2025-06-05 13:17:46','2025-06-26 20:49:45'),(60,8,27,NULL,'[\"https://via.placeholder.com/640x480.png/0066aa?text=ut\", \"http://walker.com//video.mp4\"]',1,'2025-06-20 09:19:15','2025-06-26 20:49:45'),(61,8,38,'Ad velit excepturi accusamus quia aliquid quia et et.',NULL,0,'2025-06-16 11:28:37','2025-06-26 20:49:45'),(62,8,27,'Qui et rerum nobis qui.',NULL,0,'2025-06-11 19:38:01','2025-06-26 20:49:45'),(63,8,38,NULL,'[\"https://via.placeholder.com/640x480.png/005544?text=sint\", \"https://www.schneider.org/voluptas-sequi-et-sint-esse-qui/video.mp4\"]',0,'2025-06-11 10:46:11','2025-06-26 20:49:45'),(64,8,38,'Eum placeat vel eos veritatis.','[\"https://via.placeholder.com/640x480.png/000099?text=exercitationem\", \"http://steuber.org//video.mp4\"]',0,'2025-05-27 19:26:51','2025-06-26 20:49:45'),(65,8,27,NULL,'[\"https://via.placeholder.com/640x480.png/00aa00?text=id\", \"https://via.placeholder.com/640x480.png/002255?text=voluptatibus\"]',0,'2025-06-11 06:37:04','2025-06-26 20:49:45'),(66,9,34,NULL,'[\"https://via.placeholder.com/640x480.png/002277?text=corporis\"]',1,'2025-06-24 23:54:46','2025-06-26 20:49:45'),(67,9,34,'Sunt quia dolor voluptas.',NULL,1,'2025-06-16 00:48:10','2025-06-26 20:49:45'),(68,9,39,NULL,'[\"https://via.placeholder.com/640x480.png/00dd77?text=voluptas\", \"https://via.placeholder.com/640x480.png/00ee77?text=suscipit\"]',1,'2025-06-16 02:52:09','2025-06-26 20:49:45'),(69,9,34,'Impedit tempore qui delectus aperiam quae quos earum.',NULL,0,'2025-06-12 04:19:36','2025-06-26 20:49:45'),(70,9,39,'Et dolorem unde et doloremque non rem iure.',NULL,1,'2025-06-20 03:25:07','2025-06-26 20:49:45'),(71,9,39,'Officia veniam reiciendis aliquid aut.',NULL,0,'2025-06-18 02:41:08','2025-06-26 20:49:45'),(72,9,34,'Architecto quis facere dolorem reiciendis.','[\"https://via.placeholder.com/640x480.png/00bb88?text=velit\"]',0,'2025-06-16 14:38:45','2025-06-26 20:49:45'),(73,9,39,NULL,'[\"https://via.placeholder.com/640x480.png/00ffaa?text=omnis\"]',0,'2025-06-13 10:15:05','2025-06-26 20:49:45'),(74,10,39,'Veritatis recusandae ut consequatur ut.','[\"https://via.placeholder.com/640x480.png/006622?text=et\", \"http://wiza.com/similique-quia-quaerat-optio-assumenda-quia-eaque-perferendis/video.mp4\"]',0,'2025-06-19 00:43:00','2025-06-26 20:49:45'),(75,10,14,NULL,'[\"https://via.placeholder.com/640x480.png/008844?text=et\"]',1,'2025-06-07 06:49:43','2025-06-26 20:49:45'),(76,10,39,'Dolores quo excepturi ea repudiandae qui modi ullam.','[\"https://via.placeholder.com/640x480.png/003399?text=dolor\", \"http://prohaska.com/sit-sit-error-porro-molestias/video.mp4\"]',0,'2025-06-01 13:43:17','2025-06-26 20:49:45'),(77,10,39,NULL,'[\"https://via.placeholder.com/640x480.png/000077?text=necessitatibus\", \"http://www.zieme.com//video.mp4\"]',1,'2025-05-28 00:57:46','2025-06-26 20:49:45'),(78,10,14,'Qui at perspiciatis dicta temporibus.',NULL,0,'2025-06-12 03:42:46','2025-06-26 20:49:45'),(79,11,39,'Deserunt placeat nihil voluptas.','[\"https://via.placeholder.com/640x480.png/00bbdd?text=aliquid\", \"http://daugherty.org//video.mp4\"]',1,'2025-06-18 16:13:46','2025-06-26 20:49:45'),(80,11,41,'Omnis voluptates quia nesciunt officiis ex aut modi.',NULL,0,'2025-06-17 16:09:11','2025-06-26 20:49:45'),(81,11,41,NULL,'[\"https://via.placeholder.com/640x480.png/0000cc?text=sequi\", \"https://www.auer.com/vel-labore-aut-maxime/video.mp4\"]',0,'2025-06-06 18:12:16','2025-06-26 20:49:45'),(82,11,39,'Sed nobis explicabo quisquam laboriosam.',NULL,0,'2025-06-01 17:30:53','2025-06-26 20:49:45'),(83,11,39,'Unde voluptatum aut commodi illo voluptatum voluptatem est.','[\"https://via.placeholder.com/640x480.png/0044ff?text=explicabo\", \"https://via.placeholder.com/640x480.png/00ccff?text=architecto\"]',1,'2025-06-23 11:58:17','2025-06-26 20:49:45'),(84,11,41,'Est et molestiae eum quis ut fugiat.',NULL,1,'2025-06-23 22:56:53','2025-06-26 20:49:45'),(85,12,16,'Ducimus voluptatem doloremque mollitia ducimus quis beatae.',NULL,0,'2025-06-01 20:31:19','2025-06-26 20:49:45'),(86,12,16,'Ea natus et quia quis molestiae reiciendis ea enim.',NULL,1,'2025-06-11 13:13:43','2025-06-26 20:49:45'),(87,12,16,NULL,'[\"https://via.placeholder.com/640x480.png/000044?text=fuga\"]',0,'2025-06-20 17:33:04','2025-06-26 20:49:45'),(88,12,16,'Quisquam quibusdam est quia consequatur est officiis.',NULL,1,'2025-06-10 12:04:24','2025-06-26 20:49:45'),(89,12,16,NULL,'[\"https://via.placeholder.com/640x480.png/000022?text=nisi\"]',1,'2025-06-06 06:18:10','2025-06-26 20:49:45'),(90,12,16,'Ea totam qui cupiditate ducimus.',NULL,0,'2025-05-31 22:20:11','2025-06-26 20:49:45'),(91,12,39,'Ipsam rem omnis voluptatum voluptas illum amet.',NULL,1,'2025-06-12 03:55:12','2025-06-26 20:49:45'),(92,13,40,'Sed voluptatibus adipisci non.','[\"https://via.placeholder.com/640x480.png/0099bb?text=illo\"]',1,'2025-06-19 03:31:32','2025-06-26 20:49:45'),(93,13,39,'Sunt numquam quidem vero repudiandae dolorem debitis aut.',NULL,1,'2025-06-22 22:26:35','2025-06-26 20:49:45'),(94,13,39,'Iure nihil animi sed non a fuga cumque.',NULL,1,'2025-06-19 21:12:47','2025-06-26 20:49:45'),(95,13,40,'Unde voluptates suscipit tempora doloremque.','[\"https://via.placeholder.com/640x480.png/00dd99?text=neque\"]',1,'2025-06-17 16:37:39','2025-06-26 20:49:45'),(96,13,40,NULL,'[\"https://via.placeholder.com/640x480.png/0022bb?text=consequatur\", \"http://www.padberg.com/quia-libero-dolor-non/video.mp4\"]',1,'2025-06-17 03:35:42','2025-06-26 20:49:45'),(97,13,39,'Soluta commodi ea quo iusto nam.',NULL,1,'2025-05-29 06:08:46','2025-06-26 20:49:45'),(98,13,39,'Nam minus et vel recusandae dolor labore est.',NULL,1,'2025-05-27 03:59:03','2025-06-26 20:49:45'),(99,13,39,NULL,'[\"https://via.placeholder.com/640x480.png/00bbbb?text=officiis\"]',1,'2025-05-30 18:22:02','2025-06-26 20:49:45'),(100,13,40,'Est et similique aut velit.',NULL,1,'2025-06-05 00:28:30','2025-06-26 20:49:45'),(101,13,40,'Id repudiandae necessitatibus vel et.','[\"https://via.placeholder.com/640x480.png/0077ff?text=est\"]',0,'2025-06-02 13:54:34','2025-06-26 20:49:45'),(102,14,39,'Accusamus sit ducimus officia repellendus dicta.',NULL,1,'2025-06-16 15:16:03','2025-06-26 20:49:45'),(103,14,39,'Est ut explicabo optio sit repudiandae unde velit.','[\"https://via.placeholder.com/640x480.png/00eedd?text=quas\", \"http://www.becker.net//video.mp4\"]',0,'2025-06-25 13:42:48','2025-06-26 20:49:45'),(104,14,39,'Repudiandae dolore harum vero quasi ab sint.','[\"https://via.placeholder.com/640x480.png/007777?text=minus\"]',0,'2025-06-03 04:44:25','2025-06-26 20:49:45'),(105,14,10,'Ea nostrum facere impedit nihil excepturi.',NULL,0,'2025-06-04 15:53:49','2025-06-26 20:49:45'),(106,14,39,'Illum nisi accusantium id at aut voluptatem laboriosam.',NULL,0,'2025-06-10 02:07:55','2025-06-26 20:49:45'),(107,15,7,NULL,'[\"https://via.placeholder.com/640x480.png/00eebb?text=consequatur\", \"https://via.placeholder.com/640x480.png/0066aa?text=dolores\"]',1,'2025-06-10 09:48:49','2025-06-26 20:49:45'),(108,15,39,'Quaerat iste sit corporis voluptatum sit est.','[\"https://via.placeholder.com/640x480.png/00aadd?text=et\", \"https://via.placeholder.com/640x480.png/00cc44?text=soluta\"]',0,'2025-05-31 09:33:23','2025-06-26 20:49:45'),(109,15,39,'Velit voluptates optio qui.',NULL,1,'2025-06-11 09:31:53','2025-06-26 20:49:45'),(110,15,7,'Qui et sed ad similique commodi dolorem.',NULL,0,'2025-06-09 20:28:23','2025-06-26 20:49:45'),(111,15,39,NULL,'[\"https://via.placeholder.com/640x480.png/00bb33?text=id\", \"https://via.placeholder.com/640x480.png/004444?text=non\"]',0,'2025-06-09 03:06:30','2025-06-26 20:49:45'),(112,15,39,'Ut vel quisquam ad voluptatum consequatur.',NULL,1,'2025-06-09 00:40:17','2025-06-26 20:49:45'),(113,15,7,'Vero officiis porro repellendus molestias.',NULL,1,'2025-06-10 10:08:28','2025-06-26 20:49:45'),(114,15,39,'Ipsum quo totam neque.',NULL,0,'2025-06-13 12:27:11','2025-06-26 20:49:45'),(115,16,31,'Atque inventore et provident vero nemo non.',NULL,0,'2025-06-04 11:54:47','2025-06-26 20:49:45'),(116,16,39,'Sapiente atque aut et natus.','[\"https://via.placeholder.com/640x480.png/007777?text=atque\"]',0,'2025-06-06 05:43:49','2025-06-26 20:49:45'),(117,16,31,'Enim et rem beatae praesentium voluptatem.',NULL,0,'2025-06-05 04:34:13','2025-06-26 20:49:45'),(118,16,31,NULL,'[\"https://via.placeholder.com/640x480.png/003300?text=est\"]',0,'2025-06-13 06:20:48','2025-06-26 20:49:45'),(119,16,39,'Nesciunt facilis error quia voluptas.',NULL,0,'2025-06-26 14:05:50','2025-06-26 20:49:45'),(120,16,39,NULL,'[\"https://via.placeholder.com/640x480.png/007733?text=error\", \"http://kozey.net//video.mp4\"]',0,'2025-06-03 19:46:35','2025-06-26 20:49:45'),(121,16,31,'Cum et doloribus consequuntur vitae incidunt laborum debitis.','[\"https://via.placeholder.com/640x480.png/007711?text=id\"]',1,'2025-06-12 11:23:36','2025-06-26 20:49:45'),(122,17,23,NULL,'[\"https://via.placeholder.com/640x480.png/00dd88?text=voluptatum\"]',0,'2025-05-29 23:50:48','2025-06-26 20:49:45'),(123,17,23,'Aut corrupti sit voluptate doloribus qui.',NULL,0,'2025-06-05 06:45:05','2025-06-26 20:49:45'),(124,17,23,'Itaque aut repellat quaerat.',NULL,1,'2025-06-04 23:15:12','2025-06-26 20:49:45'),(125,17,39,'Vitae maiores vel magnam at.','[\"https://via.placeholder.com/640x480.png/008800?text=dolor\"]',1,'2025-05-31 19:44:13','2025-06-26 20:49:45'),(126,17,39,'Earum omnis in sit suscipit.',NULL,1,'2025-06-03 02:18:55','2025-06-26 20:49:45'),(127,17,39,'Laborum voluptatem assumenda eius ipsum.',NULL,1,'2025-05-31 08:20:49','2025-06-26 20:49:45'),(128,17,39,'Quis molestiae et consequatur labore voluptates quo exercitationem.',NULL,1,'2025-06-22 17:41:42','2025-06-26 20:49:45'),(129,17,23,NULL,'[\"https://via.placeholder.com/640x480.png/006699?text=ut\", \"http://macejkovic.info/dolorem-ad-asperiores-pariatur-sunt-voluptatem.html/video.mp4\"]',0,'2025-06-14 15:51:09','2025-06-26 20:49:45'),(130,17,23,'Et rerum odio suscipit soluta.',NULL,0,'2025-06-20 07:21:47','2025-06-26 20:49:45'),(131,17,39,'Maiores rerum ipsum commodi enim placeat assumenda.','[\"https://via.placeholder.com/640x480.png/00dd33?text=et\", \"http://www.block.com/voluptas-qui-perferendis-vitae-non-nobis-dolor/video.mp4\"]',1,'2025-06-04 06:21:08','2025-06-26 20:49:45'),(132,18,20,'Veniam voluptas eos tempora.',NULL,1,'2025-06-15 04:00:43','2025-06-26 20:49:45'),(133,18,20,'Dolorem magnam amet aut harum.','[\"https://via.placeholder.com/640x480.png/0022dd?text=aut\"]',1,'2025-06-05 05:52:15','2025-06-26 20:49:45'),(134,18,39,'Delectus deserunt aut aut neque iste officiis nobis.','[\"https://via.placeholder.com/640x480.png/0055ff?text=aspernatur\", \"https://via.placeholder.com/640x480.png/00cc11?text=explicabo\"]',0,'2025-06-26 08:00:04','2025-06-26 20:49:45'),(135,18,39,NULL,'[\"https://via.placeholder.com/640x480.png/00ee77?text=consequatur\", \"http://jacobson.org/quia-dolore-debitis-blanditiis-quia-adipisci.html/video.mp4\"]',1,'2025-06-25 10:02:05','2025-06-26 20:49:45'),(136,18,39,'Illum dolorem sed beatae accusantium veniam ea suscipit.','[\"https://via.placeholder.com/640x480.png/00bb22?text=illo\", \"http://www.hand.com/possimus-voluptas-iusto-architecto-modi/video.mp4\"]',1,'2025-06-14 07:32:36','2025-06-26 20:49:45'),(137,18,39,'Blanditiis et sed id expedita eos neque est.',NULL,0,'2025-06-23 19:26:46','2025-06-26 20:49:45'),(138,18,20,'Magnam dolorem aut ut sit cupiditate enim consequuntur voluptas.',NULL,0,'2025-05-28 23:13:50','2025-06-26 20:49:45'),(139,18,39,'Adipisci omnis maiores ut.',NULL,0,'2025-06-10 02:23:03','2025-06-26 20:49:45'),(140,18,20,'Aut quibusdam quibusdam sunt culpa.',NULL,0,'2025-06-23 16:50:55','2025-06-26 20:49:45'),(141,18,39,'Vel consequatur enim eius voluptas.',NULL,1,'2025-06-21 10:43:41','2025-06-26 20:49:45'),(142,18,20,'Dolorum amet consectetur iure quo.','[\"https://via.placeholder.com/640x480.png/00ff11?text=cum\"]',0,'2025-06-25 00:07:22','2025-06-26 20:49:45'),(143,19,40,NULL,'[\"https://via.placeholder.com/640x480.png/001100?text=enim\", \"https://via.placeholder.com/640x480.png/0022cc?text=cupiditate\"]',0,'2025-06-25 10:36:35','2025-06-26 20:49:45'),(144,19,7,NULL,'[\"https://via.placeholder.com/640x480.png/0044ff?text=officia\"]',1,'2025-06-01 09:22:31','2025-06-26 20:49:45'),(145,19,7,NULL,'[\"https://via.placeholder.com/640x480.png/00aaaa?text=eius\", \"https://via.placeholder.com/640x480.png/005566?text=voluptatum\"]',0,'2025-06-01 02:39:35','2025-06-26 20:49:45'),(146,19,7,'Veniam est delectus fugit.',NULL,1,'2025-06-14 10:06:58','2025-06-26 20:49:45'),(147,19,40,'Et dolores officiis eum vel tempora maiores.',NULL,1,'2025-06-22 10:05:19','2025-06-26 20:49:45'),(148,19,7,'Ad omnis saepe quia aliquid placeat eaque accusamus.','[\"https://via.placeholder.com/640x480.png/008899?text=vero\", \"https://davis.net/quisquam-inventore-animi-vel-nostrum-quam.html/video.mp4\"]',1,'2025-06-04 15:13:31','2025-06-26 20:49:45'),(149,19,40,'Laudantium consequatur aut nostrum quidem.',NULL,0,'2025-06-24 22:52:44','2025-06-26 20:49:45'),(150,19,40,'Quos maxime tempore exercitationem eos voluptates enim illum.',NULL,1,'2025-06-12 18:23:37','2025-06-26 20:49:45'),(151,19,7,'Corrupti optio aliquam ex temporibus voluptatem error veniam.','[\"https://via.placeholder.com/640x480.png/0011aa?text=temporibus\", \"http://orn.com/odio-architecto-sunt-eum-totam.html/video.mp4\"]',0,'2025-06-07 21:29:21','2025-06-26 20:49:45'),(152,20,40,'Officiis voluptatem eveniet aliquam.','[\"https://via.placeholder.com/640x480.png/002277?text=blanditiis\", \"http://deckow.net/doloremque-voluptatum-quos-odio-dignissimos-consequatur-quo/video.mp4\"]',0,'2025-06-26 17:24:23','2025-06-26 20:49:45'),(153,20,16,'Velit illo quo illum culpa at eius aliquam.','[\"https://via.placeholder.com/640x480.png/0044aa?text=esse\"]',0,'2025-06-14 12:34:49','2025-06-26 20:49:45'),(154,20,40,'Dolores totam quis velit autem consequuntur.',NULL,0,'2025-06-18 21:13:26','2025-06-26 20:49:45'),(155,20,16,NULL,'[\"https://via.placeholder.com/640x480.png/0022aa?text=ipsa\"]',0,'2025-06-04 23:36:40','2025-06-26 20:49:45'),(156,20,40,'Nihil labore nobis quisquam voluptas qui enim voluptate.',NULL,1,'2025-06-06 17:23:40','2025-06-26 20:49:45'),(157,20,40,'Nam necessitatibus magnam aut harum distinctio reiciendis dolores.',NULL,1,'2025-06-20 01:04:40','2025-06-26 20:49:45'),(158,21,13,'Placeat quaerat ut maiores saepe occaecati.','[\"https://via.placeholder.com/640x480.png/00bb88?text=harum\", \"https://via.placeholder.com/640x480.png/008822?text=ratione\"]',1,'2025-06-12 08:46:34','2025-06-26 20:49:45'),(159,21,40,NULL,'[\"https://via.placeholder.com/640x480.png/00ddaa?text=totam\", \"https://via.placeholder.com/640x480.png/00ffff?text=consequatur\"]',0,'2025-06-21 12:17:57','2025-06-26 20:49:45'),(160,21,13,'Quia est impedit ratione quis ea.',NULL,0,'2025-06-18 07:59:46','2025-06-26 20:49:45'),(161,21,40,'Optio maiores magni aut consectetur.',NULL,1,'2025-06-11 01:41:42','2025-06-26 20:49:45'),(162,21,13,NULL,'[\"https://via.placeholder.com/640x480.png/00aa22?text=neque\", \"https://yundt.com/cum-molestiae-atque-perspiciatis-voluptas-repellendus-ducimus-est.html/video.mp4\"]',0,'2025-06-10 16:45:55','2025-06-26 20:49:45'),(163,21,13,'Est nihil quaerat quasi a non libero corporis numquam.',NULL,1,'2025-06-08 11:34:40','2025-06-26 20:49:45'),(164,21,13,'Aliquam et molestiae aut eius facere non rem.','[\"https://via.placeholder.com/640x480.png/009922?text=mollitia\"]',0,'2025-06-19 05:04:22','2025-06-26 20:49:45'),(165,22,40,'Quam ut nihil magni neque.','[\"https://via.placeholder.com/640x480.png/0033cc?text=voluptas\", \"https://via.placeholder.com/640x480.png/003366?text=dolores\"]',0,'2025-06-19 11:53:01','2025-06-26 20:49:45'),(166,22,40,NULL,'[\"https://via.placeholder.com/640x480.png/005511?text=hic\"]',0,'2025-06-25 20:42:18','2025-06-26 20:49:45'),(167,22,37,'Esse dolorem quisquam sit sed adipisci omnis.','[\"https://via.placeholder.com/640x480.png/00bbaa?text=dolor\", \"https://via.placeholder.com/640x480.png/00ee11?text=cumque\"]',0,'2025-06-02 20:01:19','2025-06-26 20:49:45'),(168,22,40,'In enim quis voluptas asperiores.',NULL,0,'2025-06-08 16:31:28','2025-06-26 20:49:45'),(169,22,37,'Error id qui ducimus animi omnis suscipit voluptatum.',NULL,0,'2025-06-12 09:55:14','2025-06-26 20:49:45'),(170,22,37,'Et optio repellendus et animi repudiandae amet.',NULL,1,'2025-05-27 22:48:27','2025-06-26 20:49:45'),(171,22,37,'Veritatis numquam non ipsam adipisci.','[\"https://via.placeholder.com/640x480.png/003300?text=consequatur\"]',1,'2025-06-05 23:39:01','2025-06-26 20:49:45'),(172,22,37,'Placeat totam fuga quisquam.','[\"https://via.placeholder.com/640x480.png/002244?text=aliquam\"]',1,'2025-05-29 11:45:37','2025-06-26 20:49:45'),(173,22,40,'Error est soluta aut omnis.','[\"https://via.placeholder.com/640x480.png/0044ee?text=natus\"]',0,'2025-06-12 22:40:17','2025-06-26 20:49:45'),(174,22,37,NULL,'[\"https://via.placeholder.com/640x480.png/00dd66?text=inventore\"]',1,'2025-06-03 04:38:03','2025-06-26 20:49:45'),(175,23,40,'Officia dolor rerum aut et.',NULL,1,'2025-06-13 12:21:22','2025-06-26 20:49:45'),(176,23,40,'Et provident officia ea assumenda eius quos.','[\"https://via.placeholder.com/640x480.png/00ee55?text=labore\", \"http://schmitt.com/dicta-dolores-enim-animi-enim.html/video.mp4\"]',0,'2025-06-15 08:11:23','2025-06-26 20:49:45'),(177,23,40,'Quibusdam adipisci voluptatem aut nam debitis quidem.',NULL,0,'2025-06-22 15:13:59','2025-06-26 20:49:45'),(178,23,36,'Et debitis sed et ullam commodi.','[\"https://via.placeholder.com/640x480.png/0099bb?text=voluptas\", \"https://via.placeholder.com/640x480.png/0000bb?text=neque\"]',0,'2025-06-26 05:57:08','2025-06-26 20:49:45'),(179,23,40,'Fugiat fugiat iure et velit laborum.','[\"https://via.placeholder.com/640x480.png/005522?text=voluptas\", \"https://via.placeholder.com/640x480.png/009933?text=iste\"]',0,'2025-05-27 17:20:44','2025-06-26 20:49:45'),(180,23,36,'Vero molestiae molestiae labore eos ullam aut.','[\"https://via.placeholder.com/640x480.png/0066bb?text=totam\", \"https://www.auer.org/nesciunt-quos-sequi-fugiat-dolores-porro-qui-explicabo/video.mp4\"]',1,'2025-06-19 20:25:49','2025-06-26 20:49:45'),(181,23,36,'Cupiditate aut qui porro ipsa est consequatur aut.',NULL,1,'2025-06-05 01:00:40','2025-06-26 20:49:45'),(182,23,36,'Ut omnis delectus sint iure dolorum nam.','[\"https://via.placeholder.com/640x480.png/004433?text=eum\", \"http://www.willms.org//video.mp4\"]',1,'2025-06-07 15:09:57','2025-06-26 20:49:45'),(183,23,40,'Voluptas aut libero repellat rerum quibusdam voluptates.',NULL,1,'2025-05-31 02:25:11','2025-06-26 20:49:45'),(184,23,36,'Et culpa porro distinctio vel.','[\"https://via.placeholder.com/640x480.png/002211?text=ex\"]',0,'2025-06-05 13:23:11','2025-06-26 20:49:45'),(185,23,36,'Blanditiis voluptate eum blanditiis rerum eum.','[\"https://via.placeholder.com/640x480.png/001155?text=consequatur\", \"http://hyatt.com/nisi-non-quia-repellat.html/video.mp4\"]',0,'2025-06-22 04:15:43','2025-06-26 20:49:45'),(186,24,9,NULL,'[\"https://via.placeholder.com/640x480.png/00bb77?text=optio\", \"https://via.placeholder.com/640x480.png/00cc88?text=nisi\"]',1,'2025-06-13 20:21:42','2025-06-26 20:49:45'),(187,24,9,'Quam velit enim velit quibusdam.',NULL,1,'2025-05-30 19:06:48','2025-06-26 20:49:45'),(188,24,40,NULL,'[\"https://via.placeholder.com/640x480.png/00dd77?text=dolor\", \"http://wilderman.com/eum-enim-nihil-dignissimos-eos-voluptatem-et-nam.html/video.mp4\"]',0,'2025-06-18 17:42:57','2025-06-26 20:49:45'),(189,24,40,'Consequuntur est ut omnis blanditiis molestiae minus.','[\"https://via.placeholder.com/640x480.png/004400?text=quia\"]',1,'2025-06-08 04:21:36','2025-06-26 20:49:45'),(190,24,40,'Eius et at quia excepturi qui et rerum soluta.','[\"https://via.placeholder.com/640x480.png/004400?text=repudiandae\", \"https://via.placeholder.com/640x480.png/007777?text=qui\"]',0,'2025-06-18 07:14:55','2025-06-26 20:49:45'),(191,24,40,'Sapiente non non est vero laborum voluptatum doloribus.',NULL,1,'2025-06-14 04:25:45','2025-06-26 20:49:45'),(192,24,40,NULL,'[\"https://via.placeholder.com/640x480.png/006622?text=tempore\", \"http://www.schoen.org/molestias-totam-id-aperiam/video.mp4\"]',0,'2025-06-09 10:56:29','2025-06-26 20:49:45'),(193,25,5,NULL,'[\"https://via.placeholder.com/640x480.png/00dddd?text=molestias\"]',1,'2025-06-06 21:02:08','2025-06-26 20:49:45'),(194,25,40,'Enim quaerat porro laborum quasi.',NULL,1,'2025-06-07 13:33:03','2025-06-26 20:49:45'),(195,25,5,'Aliquid et dolor excepturi fugiat alias soluta consequatur.',NULL,1,'2025-06-15 19:07:25','2025-06-26 20:49:45'),(196,25,5,'Quos aspernatur suscipit omnis voluptatem ipsam sunt.',NULL,0,'2025-06-09 01:34:07','2025-06-26 20:49:45'),(197,25,5,'Ducimus asperiores in aut harum doloribus animi.',NULL,0,'2025-06-26 01:04:42','2025-06-26 20:49:45'),(198,25,40,'Aliquam veniam in voluptate odit est corrupti vitae.','[\"https://via.placeholder.com/640x480.png/001199?text=consequatur\", \"http://www.bergnaum.net/repudiandae-aut-debitis-voluptatem-magnam/video.mp4\"]',0,'2025-06-21 10:02:50','2025-06-26 20:49:45'),(199,25,40,NULL,'[\"https://via.placeholder.com/640x480.png/00cc66?text=fugiat\"]',0,'2025-06-11 07:07:43','2025-06-26 20:49:45'),(200,25,5,'Qui culpa rerum doloribus ut fugiat ad delectus.','[\"https://via.placeholder.com/640x480.png/0000ee?text=saepe\"]',0,'2025-06-10 07:59:43','2025-06-26 20:49:45'),(201,25,40,'Nobis sunt dolorem ducimus dolores.',NULL,1,'2025-06-08 21:50:56','2025-06-26 20:49:45'),(202,25,5,'Molestiae et quam quia itaque.','[\"https://via.placeholder.com/640x480.png/00bb11?text=quo\", \"http://www.bernier.com/eius-dolorem-eum-itaque-ut-quo-sit/video.mp4\"]',1,'2025-05-30 23:35:12','2025-06-26 20:49:45'),(203,25,40,'Est et asperiores totam quo at ad ab.',NULL,1,'2025-06-24 17:11:13','2025-06-26 20:49:45'),(204,26,40,'Non in sunt amet sed et.',NULL,1,'2025-06-21 03:25:08','2025-06-26 20:49:45'),(205,26,40,'Dolorem maiores ipsam iusto voluptas.',NULL,1,'2025-06-16 19:45:40','2025-06-26 20:49:45'),(206,26,40,'Doloremque quos ut rem sit voluptatem hic dignissimos.','[\"https://via.placeholder.com/640x480.png/0077aa?text=harum\"]',0,'2025-06-14 17:35:51','2025-06-26 20:49:45'),(207,26,40,NULL,'[\"https://via.placeholder.com/640x480.png/00dd66?text=fuga\", \"https://via.placeholder.com/640x480.png/002255?text=nobis\"]',0,'2025-06-07 12:07:15','2025-06-26 20:49:45'),(208,26,4,'Et quia consequatur architecto eveniet voluptatem.',NULL,0,'2025-06-05 07:41:57','2025-06-26 20:49:45'),(209,27,27,'Qui omnis quibusdam tempora quia minima officia.','[\"https://via.placeholder.com/640x480.png/0077bb?text=beatae\", \"https://via.placeholder.com/640x480.png/00eeff?text=et\"]',0,'2025-06-10 02:22:13','2025-06-26 20:49:45'),(210,27,27,NULL,'[\"https://via.placeholder.com/640x480.png/0088cc?text=ut\", \"https://via.placeholder.com/640x480.png/001155?text=sunt\"]',1,'2025-06-18 09:03:09','2025-06-26 20:49:45'),(211,27,27,'Cumque accusamus aliquam aut enim placeat delectus.','[\"https://via.placeholder.com/640x480.png/003344?text=corporis\", \"http://ernser.org/exercitationem-sapiente-enim-facere-maiores-blanditiis-quia/video.mp4\"]',0,'2025-06-15 04:45:33','2025-06-26 20:49:45'),(212,27,40,NULL,'[\"https://via.placeholder.com/640x480.png/006633?text=atque\"]',0,'2025-06-08 22:52:24','2025-06-26 20:49:45'),(213,27,40,'Quia ducimus qui ut sunt placeat ipsa.',NULL,0,'2025-06-01 18:04:28','2025-06-26 20:49:45'),(214,27,27,'Voluptate aut cupiditate impedit voluptates vel porro.',NULL,1,'2025-06-02 15:44:01','2025-06-26 20:49:45'),(215,27,40,NULL,'[\"https://via.placeholder.com/640x480.png/008811?text=tempore\", \"http://hermann.biz/dolorem-ea-dignissimos-corporis-mollitia-sint-velit/video.mp4\"]',0,'2025-06-10 12:01:26','2025-06-26 20:49:45'),(216,27,27,'Mollitia rerum qui cumque quos qui.',NULL,0,'2025-06-13 01:18:19','2025-06-26 20:49:45'),(217,27,27,NULL,'[\"https://via.placeholder.com/640x480.png/00cc11?text=tenetur\", \"https://www.langosh.com/illo-totam-numquam-voluptas-provident-et/video.mp4\"]',0,'2025-06-10 13:38:25','2025-06-26 20:49:45'),(218,27,27,'Nobis sit ullam et eius.',NULL,1,'2025-05-28 03:30:14','2025-06-26 20:49:45'),(219,27,27,'Magnam quia vel blanditiis fugit.','[\"https://via.placeholder.com/640x480.png/0033dd?text=quo\", \"http://mosciski.com/sed-expedita-aliquid-occaecati-placeat-in-eum.html/video.mp4\"]',0,'2025-05-30 15:23:49','2025-06-26 20:49:45'),(220,28,17,NULL,'[\"https://via.placeholder.com/640x480.png/00ffdd?text=iure\", \"https://via.placeholder.com/640x480.png/009966?text=earum\"]',1,'2025-06-20 19:02:50','2025-06-26 20:49:45'),(221,28,17,'Dolorum consequatur ullam excepturi sit impedit numquam vero.',NULL,0,'2025-05-27 05:56:07','2025-06-26 20:49:45'),(222,28,41,NULL,'[\"https://via.placeholder.com/640x480.png/00ccdd?text=nobis\", \"https://www.oconnell.com/voluptates-consequuntur-qui-eos-dolores/video.mp4\"]',1,'2025-06-11 09:50:33','2025-06-26 20:49:45'),(223,28,17,'Optio sed inventore aspernatur dolorum.',NULL,1,'2025-05-27 11:16:20','2025-06-26 20:49:45'),(224,28,17,NULL,'[\"https://via.placeholder.com/640x480.png/007711?text=porro\"]',1,'2025-05-27 01:55:56','2025-06-26 20:49:45'),(225,28,41,'Molestiae voluptatem vel eum necessitatibus et laboriosam.',NULL,1,'2025-06-14 01:45:43','2025-06-26 20:49:45'),(226,28,41,'Voluptatibus odio ut quaerat illo vel eveniet.',NULL,0,'2025-05-28 10:02:46','2025-06-26 20:49:45'),(227,28,41,'Doloremque id est laudantium quae dolor totam.',NULL,0,'2025-05-31 18:44:20','2025-06-26 20:49:45'),(228,28,41,'Numquam sunt laboriosam ut qui maiores.','[\"https://via.placeholder.com/640x480.png/00ff88?text=quia\"]',0,'2025-06-10 03:43:13','2025-06-26 20:49:45'),(229,28,41,'Quo qui tempore sapiente eveniet in non.',NULL,0,'2025-05-29 12:50:12','2025-06-26 20:49:45'),(230,28,17,NULL,'[\"https://via.placeholder.com/640x480.png/006633?text=omnis\", \"https://www.schaden.org/maxime-suscipit-expedita-quisquam-aliquam-tempore/video.mp4\"]',1,'2025-05-29 11:44:16','2025-06-26 20:49:45'),(231,28,17,'Molestias et minima aut ut alias.',NULL,1,'2025-06-24 11:05:15','2025-06-26 20:49:45'),(232,29,6,'Et et ullam sequi eos mollitia.',NULL,1,'2025-06-19 09:08:36','2025-06-26 20:49:45'),(233,29,41,'Repellat est quia architecto porro repudiandae quo tempore.',NULL,0,'2025-06-18 03:26:41','2025-06-26 20:49:45'),(234,29,6,'Eum molestias adipisci nulla incidunt qui at vel.','[\"https://via.placeholder.com/640x480.png/00aa11?text=officia\"]',0,'2025-06-01 13:36:53','2025-06-26 20:49:45'),(235,29,6,'Natus occaecati explicabo excepturi magni aperiam veritatis numquam quo.','[\"https://via.placeholder.com/640x480.png/00ddbb?text=voluptatem\", \"https://www.gottlieb.biz/hic-et-ab-id-omnis-autem-sunt-est/video.mp4\"]',1,'2025-06-04 21:02:40','2025-06-26 20:49:45'),(236,29,6,'Laboriosam ducimus voluptates sit ea ipsum.',NULL,1,'2025-05-28 09:50:45','2025-06-26 20:49:45'),(237,29,41,NULL,'[\"https://via.placeholder.com/640x480.png/00ff88?text=consequatur\", \"https://via.placeholder.com/640x480.png/00dd77?text=natus\"]',1,'2025-06-23 15:10:43','2025-06-26 20:49:45'),(238,30,3,'Consequatur quo aliquid illum dignissimos et laboriosam.','[\"https://via.placeholder.com/640x480.png/007799?text=architecto\", \"https://via.placeholder.com/640x480.png/0077ff?text=ipsam\"]',1,'2025-06-11 22:50:23','2025-06-26 20:49:45'),(239,30,3,'Debitis quia aut dolor necessitatibus voluptatem aut itaque.','[\"https://via.placeholder.com/640x480.png/001133?text=omnis\", \"http://www.denesik.info//video.mp4\"]',1,'2025-06-03 02:25:30','2025-06-26 20:49:45'),(240,30,41,'Voluptatem autem et eum voluptas minus quia unde maxime.','[\"https://via.placeholder.com/640x480.png/00dd55?text=illo\"]',0,'2025-06-26 01:38:05','2025-06-26 20:49:45'),(241,30,41,NULL,'[\"https://via.placeholder.com/640x480.png/0088dd?text=excepturi\"]',0,'2025-06-24 00:50:17','2025-06-26 20:49:45'),(242,30,3,'Libero qui laborum deserunt qui.','[\"https://via.placeholder.com/640x480.png/00ff11?text=voluptas\", \"http://www.blanda.net/non-perferendis-nobis-qui.html/video.mp4\"]',1,'2025-06-26 04:03:50','2025-06-26 20:49:45'),(243,30,3,'Eveniet aliquam veniam dolorum unde eos omnis eligendi nihil.',NULL,0,'2025-06-25 22:00:01','2025-06-26 20:49:45'),(244,31,16,'Maiores enim non harum totam fugiat sunt.','[\"https://via.placeholder.com/640x480.png/009955?text=velit\", \"http://lubowitz.com/nihil-vero-iste-corrupti-minus-aspernatur-nisi-autem-autem/video.mp4\"]',0,'2025-05-31 01:06:40','2025-06-26 20:49:45'),(245,31,41,'Tempora similique veritatis culpa ut et porro.',NULL,0,'2025-06-13 03:14:24','2025-06-26 20:49:45'),(246,31,41,NULL,'[\"https://via.placeholder.com/640x480.png/0022cc?text=velit\"]',1,'2025-06-11 11:31:33','2025-06-26 20:49:45'),(247,31,16,'Voluptatum quia corporis exercitationem quos consequatur.',NULL,0,'2025-05-31 11:19:34','2025-06-26 20:49:45'),(248,31,16,'Accusamus est tempore pariatur aut.','[\"https://via.placeholder.com/640x480.png/003399?text=enim\", \"http://www.murray.org/ipsam-quisquam-qui-ex-ratione-ut/video.mp4\"]',0,'2025-06-06 10:39:02','2025-06-26 20:49:45'),(249,32,41,'Doloremque est magnam est numquam occaecati quo harum.','[\"https://via.placeholder.com/640x480.png/00aa66?text=quidem\", \"https://via.placeholder.com/640x480.png/00cc99?text=omnis\"]',0,'2025-06-05 02:31:11','2025-06-26 20:49:45'),(250,32,41,'Est itaque natus et illo qui molestiae.','[\"https://via.placeholder.com/640x480.png/008833?text=corporis\", \"http://www.bartoletti.org/voluptas-atque-veritatis-commodi-dolores-voluptatem/video.mp4\"]',0,'2025-05-27 16:43:46','2025-06-26 20:49:45'),(251,32,26,'Excepturi quae aperiam provident veritatis magni blanditiis omnis autem.','[\"https://via.placeholder.com/640x480.png/003366?text=velit\"]',1,'2025-06-03 16:39:57','2025-06-26 20:49:45'),(252,32,26,'Autem praesentium unde a iure dicta.',NULL,0,'2025-06-13 18:43:17','2025-06-26 20:49:45'),(253,32,26,NULL,'[\"https://via.placeholder.com/640x480.png/001188?text=delectus\", \"https://via.placeholder.com/640x480.png/00cc44?text=qui\"]',1,'2025-06-15 09:52:27','2025-06-26 20:49:45'),(254,32,26,NULL,'[\"https://via.placeholder.com/640x480.png/002222?text=dolores\", \"http://reichert.com/voluptatem-non-hic-repudiandae-animi-libero-enim/video.mp4\"]',0,'2025-05-27 15:26:10','2025-06-26 20:49:45'),(255,32,41,'Labore magnam et ipsam dolor modi aut sequi.',NULL,0,'2025-06-16 17:57:21','2025-06-26 20:49:45'),(256,32,41,'Asperiores voluptatem neque quo non enim.',NULL,0,'2025-06-17 21:04:40','2025-06-26 20:49:45'),(257,32,41,'Voluptatem non sed aut.','[\"https://via.placeholder.com/640x480.png/001199?text=quam\", \"http://www.stiedemann.com/expedita-dolorum-dolore-natus-occaecati/video.mp4\"]',0,'2025-06-22 21:48:55','2025-06-26 20:49:45'),(258,33,41,'Et dolores itaque in rerum ut aut aperiam officiis.',NULL,1,'2025-06-13 20:14:35','2025-06-26 20:49:45'),(259,33,41,'Labore quia minima molestiae porro quia.',NULL,0,'2025-05-30 09:22:19','2025-06-26 20:49:45'),(260,33,41,'A eveniet ut voluptatem deleniti aut.',NULL,0,'2025-06-13 06:38:24','2025-06-26 20:49:45'),(261,33,41,NULL,'[\"https://via.placeholder.com/640x480.png/000044?text=voluptatem\", \"https://via.placeholder.com/640x480.png/002299?text=consequatur\"]',0,'2025-05-28 14:27:46','2025-06-26 20:49:45'),(262,33,7,'Numquam quaerat repellat natus unde doloremque ut quas.',NULL,1,'2025-06-26 02:16:25','2025-06-26 20:49:45'),(263,33,7,'Voluptatum rerum quia sunt explicabo qui qui dolor.',NULL,1,'2025-06-23 18:22:18','2025-06-26 20:49:45'),(264,33,41,NULL,'[\"https://via.placeholder.com/640x480.png/00bb99?text=quidem\", \"https://via.placeholder.com/640x480.png/00dd66?text=sit\"]',1,'2025-05-29 05:37:57','2025-06-26 20:49:45'),(265,33,41,NULL,'[\"https://via.placeholder.com/640x480.png/008888?text=non\", \"https://via.placeholder.com/640x480.png/007755?text=voluptatibus\"]',0,'2025-06-01 10:40:37','2025-06-26 20:49:45'),(266,33,41,'Perferendis velit ab sapiente quam ratione ratione vero.',NULL,0,'2025-06-01 16:44:28','2025-06-26 20:49:45'),(267,33,7,'Porro error voluptatem voluptas et placeat id laborum.',NULL,0,'2025-06-21 14:20:41','2025-06-26 20:49:45'),(268,33,7,'Optio ipsam eaque consequatur sunt porro qui.','[\"https://via.placeholder.com/640x480.png/007711?text=debitis\"]',0,'2025-06-26 01:54:09','2025-06-26 20:49:45'),(269,34,31,NULL,'[\"https://via.placeholder.com/640x480.png/0000cc?text=repudiandae\", \"http://www.murphy.com//video.mp4\"]',1,'2025-06-07 12:31:02','2025-06-26 20:49:45'),(270,34,41,'Neque ut et sunt dolor dolor voluptatum exercitationem.',NULL,1,'2025-06-21 06:29:05','2025-06-26 20:49:45'),(271,34,31,'Vitae eaque atque mollitia vel nihil porro enim.',NULL,1,'2025-06-14 07:17:27','2025-06-26 20:49:45'),(272,34,41,'Reiciendis et labore quia sed quia et iste.','[\"https://via.placeholder.com/640x480.png/003322?text=voluptatum\", \"https://www.koepp.com/voluptas-aut-tempore-libero-velit-quo-culpa-qui/video.mp4\"]',0,'2025-06-08 13:04:26','2025-06-26 20:49:45'),(273,34,31,NULL,'[\"https://via.placeholder.com/640x480.png/0022dd?text=reiciendis\", \"http://frami.com/suscipit-ipsa-officia-in-tenetur-molestiae/video.mp4\"]',0,'2025-06-03 20:35:16','2025-06-26 20:49:45'),(274,34,31,NULL,'[\"https://via.placeholder.com/640x480.png/007733?text=qui\"]',0,'2025-06-17 00:34:10','2025-06-26 20:49:45'),(275,34,31,'Magni exercitationem quod ea eos eum commodi.',NULL,0,'2025-06-25 08:12:25','2025-06-26 20:49:45'),(276,34,41,'Et ut autem quia recusandae animi iste.','[\"https://via.placeholder.com/640x480.png/0033dd?text=earum\", \"https://orn.info/sint-voluptatem-enim-quas-ut.html/video.mp4\"]',0,'2025-06-02 17:19:29','2025-06-26 20:49:45'),(277,34,41,NULL,'[\"https://via.placeholder.com/640x480.png/003388?text=iusto\", \"http://www.rath.com/velit-sed-aliquid-sed-error-voluptas-maiores-et.html/video.mp4\"]',0,'2025-06-02 03:04:51','2025-06-26 20:49:45'),(278,34,41,'Eligendi dolor doloribus voluptatem iusto quos et.',NULL,1,'2025-06-15 00:18:39','2025-06-26 20:49:45'),(279,35,4,'Asperiores illo repudiandae soluta explicabo esse.',NULL,0,'2025-06-22 00:36:13','2025-06-26 20:49:45'),(280,35,2,NULL,'[\"https://via.placeholder.com/640x480.png/008877?text=eum\", \"https://via.placeholder.com/640x480.png/00ee99?text=vel\"]',1,'2025-06-04 23:59:16','2025-06-26 20:49:45'),(281,35,4,NULL,'[\"https://via.placeholder.com/640x480.png/000044?text=distinctio\", \"https://via.placeholder.com/640x480.png/001111?text=est\"]',0,'2025-06-16 12:44:50','2025-06-26 20:49:45'),(282,35,4,NULL,'[\"https://via.placeholder.com/640x480.png/00aadd?text=et\", \"http://kuvalis.com/esse-nulla-laborum-consequatur-et/video.mp4\"]',1,'2025-06-05 20:05:43','2025-06-26 20:49:45'),(283,35,2,'Quaerat quae quas soluta molestias velit.',NULL,0,'2025-06-19 10:21:26','2025-06-26 20:49:45'),(284,35,2,'Illo in aperiam omnis aliquam eum quibusdam sit.',NULL,1,'2025-06-19 16:50:14','2025-06-26 20:49:45'),(285,35,2,'Ipsum rerum numquam et qui modi.','[\"https://via.placeholder.com/640x480.png/00bbaa?text=laboriosam\"]',1,'2025-06-21 16:32:01','2025-06-26 20:49:45'),(286,35,2,'Eaque explicabo a et perspiciatis blanditiis porro ab.',NULL,0,'2025-06-13 07:11:23','2025-06-26 20:49:45'),(287,35,2,'Exercitationem quis expedita et in eum sed aut.',NULL,0,'2025-06-03 19:46:54','2025-06-26 20:49:45'),(288,35,2,'Commodi laudantium consequuntur dolore nam animi.',NULL,1,'2025-05-30 06:59:32','2025-06-26 20:49:45'),(289,35,4,'Cupiditate in iste beatae sint et.',NULL,0,'2025-05-27 08:58:21','2025-06-26 20:49:45'),(290,36,6,'Occaecati omnis ab repellat libero veniam.',NULL,0,'2025-06-11 09:09:56','2025-06-26 20:49:45'),(291,36,6,'Aut ut vel dicta dolores sint minus.','[\"https://via.placeholder.com/640x480.png/0033bb?text=eum\"]',1,'2025-06-25 02:53:20','2025-06-26 20:49:45'),(292,36,6,'Non aut totam ratione voluptas quis omnis numquam perferendis.','[\"https://via.placeholder.com/640x480.png/00cc00?text=eligendi\"]',0,'2025-06-23 02:26:14','2025-06-26 20:49:45'),(293,36,39,'Ut eum explicabo vel omnis.',NULL,0,'2025-06-19 04:26:59','2025-06-26 20:49:45'),(294,36,6,'Velit aut quidem similique voluptate.','[\"https://via.placeholder.com/640x480.png/0000aa?text=animi\", \"https://via.placeholder.com/640x480.png/0055ff?text=delectus\"]',1,'2025-06-16 16:59:25','2025-06-26 20:49:45'),(295,37,5,NULL,'[\"https://via.placeholder.com/640x480.png/006688?text=reiciendis\", \"https://via.placeholder.com/640x480.png/006666?text=et\"]',1,'2025-06-18 10:12:31','2025-06-26 20:49:45'),(296,37,38,'Laudantium non repellat quia aut et laborum blanditiis ut.',NULL,1,'2025-05-30 09:45:14','2025-06-26 20:49:45'),(297,37,5,NULL,'[\"https://via.placeholder.com/640x480.png/000022?text=ut\"]',0,'2025-05-30 01:16:47','2025-06-26 20:49:45'),(298,37,38,'Quia dolores consectetur quam vitae aliquam voluptatem blanditiis sit.',NULL,0,'2025-06-15 16:04:25','2025-06-26 20:49:45'),(299,37,5,NULL,'[\"https://via.placeholder.com/640x480.png/007788?text=reprehenderit\", \"https://via.placeholder.com/640x480.png/007788?text=iure\"]',1,'2025-06-02 10:53:50','2025-06-26 20:49:45'),(300,37,38,'Quod veniam minus ut optio.',NULL,0,'2025-05-27 11:53:59','2025-06-26 20:49:45'),(301,37,38,'Reprehenderit eos aliquid doloribus eum laboriosam animi provident.',NULL,1,'2025-05-27 02:15:42','2025-06-26 20:49:45'),(302,37,5,'Voluptas sed sunt quae eos officia repellat.',NULL,1,'2025-06-05 03:10:40','2025-06-26 20:49:45'),(303,38,19,'Qui ut ipsa labore aut itaque.','[\"https://via.placeholder.com/640x480.png/0088ee?text=nam\", \"http://greenfelder.biz/temporibus-consectetur-aspernatur-in-numquam/video.mp4\"]',1,'2025-06-25 00:28:03','2025-06-26 20:49:45'),(304,38,37,'Nostrum eligendi modi placeat non autem.',NULL,1,'2025-06-13 18:27:16','2025-06-26 20:49:45'),(305,38,37,'Quisquam a at debitis.',NULL,0,'2025-06-01 11:22:22','2025-06-26 20:49:45'),(306,38,37,'Est eius debitis consequuntur.',NULL,0,'2025-06-01 11:21:37','2025-06-26 20:49:45'),(307,38,37,'Non quia est tempora ratione ratione.',NULL,1,'2025-06-23 17:24:43','2025-06-26 20:49:45'),(308,38,37,NULL,'[\"https://via.placeholder.com/640x480.png/006655?text=saepe\"]',0,'2025-06-03 04:55:18','2025-06-26 20:49:45'),(309,38,19,'Enim minima beatae corrupti et quo illum.',NULL,1,'2025-06-20 22:45:05','2025-06-26 20:49:45'),(310,38,37,'Delectus inventore qui error ducimus aut minima.',NULL,1,'2025-06-12 20:33:16','2025-06-26 20:49:45'),(311,38,37,'Eveniet et quia eos quaerat et.','[\"https://via.placeholder.com/640x480.png/009955?text=aut\", \"https://via.placeholder.com/640x480.png/0055ee?text=ratione\"]',1,'2025-06-04 20:06:27','2025-06-26 20:49:45'),(312,38,19,NULL,'[\"https://via.placeholder.com/640x480.png/00cc22?text=a\"]',1,'2025-06-14 15:39:42','2025-06-26 20:49:45'),(313,39,23,'Placeat esse voluptates eos cum et.','[\"https://via.placeholder.com/640x480.png/00ff22?text=mollitia\", \"https://via.placeholder.com/640x480.png/00ff88?text=aperiam\"]',0,'2025-06-22 13:12:22','2025-06-26 20:49:45'),(314,39,23,'Consequatur voluptatibus qui quidem enim qui assumenda.','[\"https://via.placeholder.com/640x480.png/00aa77?text=eligendi\", \"https://via.placeholder.com/640x480.png/0022dd?text=et\"]',0,'2025-06-21 21:54:44','2025-06-26 20:49:45'),(315,39,23,NULL,'[\"https://via.placeholder.com/640x480.png/002222?text=quisquam\", \"http://www.reilly.com/consequatur-ut-ipsam-nihil-quos-nulla-ab/video.mp4\"]',0,'2025-06-25 16:46:23','2025-06-26 20:49:45'),(316,39,26,NULL,'[\"https://via.placeholder.com/640x480.png/00dd22?text=velit\", \"https://via.placeholder.com/640x480.png/0077bb?text=sint\"]',1,'2025-06-14 01:07:38','2025-06-26 20:49:45'),(317,39,26,'Adipisci possimus quisquam est aperiam beatae harum id.','[\"https://via.placeholder.com/640x480.png/00dd33?text=velit\", \"https://via.placeholder.com/640x480.png/00ff99?text=id\"]',0,'2025-06-07 09:26:06','2025-06-26 20:49:45'),(318,39,23,'Quasi doloremque blanditiis non et.',NULL,0,'2025-06-19 02:18:05','2025-06-26 20:49:45'),(319,39,23,'Nemo eum corrupti vitae a magni non.','[\"https://via.placeholder.com/640x480.png/006611?text=non\", \"https://via.placeholder.com/640x480.png/000066?text=laboriosam\"]',0,'2025-06-02 00:58:58','2025-06-26 20:49:45'),(320,39,23,'Vero eius nobis repudiandae explicabo.',NULL,0,'2025-05-29 20:21:24','2025-06-26 20:49:45'),(321,39,26,'Nulla ipsam maiores sequi officiis ipsa rerum.',NULL,0,'2025-06-05 01:49:57','2025-06-26 20:49:45'),(322,39,26,'Quod sint repellat voluptatem aliquam rerum natus qui.',NULL,1,'2025-06-06 07:45:04','2025-06-26 20:49:45'),(323,39,23,'Vel molestias tempore vitae quasi.','[\"https://via.placeholder.com/640x480.png/000055?text=sapiente\", \"https://via.placeholder.com/640x480.png/00bb33?text=et\"]',1,'2025-06-18 02:22:41','2025-06-26 20:49:45'),(324,39,26,'In ut quis perspiciatis.',NULL,1,'2025-06-10 00:35:04','2025-06-26 20:49:45'),(325,40,1,'Et necessitatibus ea libero officiis eaque dolores.',NULL,1,'2025-06-20 23:42:17','2025-06-26 20:49:45'),(326,40,6,'Dolores maxime et ipsa qui ex id.',NULL,1,'2025-06-14 11:35:27','2025-06-26 20:49:45'),(327,40,1,NULL,'[\"https://via.placeholder.com/640x480.png/0099bb?text=ad\", \"https://via.placeholder.com/640x480.png/00ee66?text=non\"]',1,'2025-06-12 20:20:56','2025-06-26 20:49:45'),(328,40,1,'Aspernatur explicabo eum enim ad.',NULL,1,'2025-06-22 14:28:29','2025-06-26 20:49:45'),(329,40,6,'Consectetur voluptas sequi ipsam dicta quam.','[\"https://via.placeholder.com/640x480.png/006611?text=impedit\"]',1,'2025-06-12 20:54:18','2025-06-26 20:49:45'),(330,40,6,'Consectetur eveniet labore ipsam pariatur fuga.','[\"https://via.placeholder.com/640x480.png/009966?text=earum\", \"http://www.lebsack.com/non-est-dolores-enim-ex-molestiae-suscipit-ipsa.html/video.mp4\"]',0,'2025-06-03 14:39:30','2025-06-26 20:49:45'),(331,40,6,NULL,'[\"https://via.placeholder.com/640x480.png/0000ee?text=sed\", \"https://www.flatley.com/non-illo-dolorem-atque-cum/video.mp4\"]',0,'2025-06-09 10:11:58','2025-06-26 20:49:45'),(332,40,1,NULL,'[\"https://via.placeholder.com/640x480.png/00ff66?text=voluptas\", \"https://via.placeholder.com/640x480.png/000088?text=ipsam\"]',1,'2025-06-13 22:42:08','2025-06-26 20:49:45'),(333,40,1,'Necessitatibus aut eaque distinctio quia ad.',NULL,1,'2025-05-31 07:29:02','2025-06-26 20:49:45'),(334,40,6,NULL,'[\"https://via.placeholder.com/640x480.png/00cc77?text=unde\"]',1,'2025-06-16 15:37:57','2025-06-26 20:49:45'),(335,40,6,'Sed vero recusandae esse odio aut.','[\"https://via.placeholder.com/640x480.png/0011cc?text=exercitationem\", \"https://via.placeholder.com/640x480.png/008899?text=rerum\"]',0,'2025-06-25 09:25:40','2025-06-26 20:49:45'),(336,41,35,'Rem sit nihil quae aut id.',NULL,0,'2025-05-27 17:45:24','2025-06-26 20:49:45'),(337,41,20,'Incidunt dolor nobis sit aut accusantium doloribus voluptatum.',NULL,0,'2025-05-29 00:05:04','2025-06-26 20:49:46'),(338,41,35,'Maiores non nihil est autem dolor quidem.',NULL,0,'2025-06-11 00:12:47','2025-06-26 20:49:46'),(339,41,20,'Sed deleniti aut sint veniam illum et ex.',NULL,0,'2025-05-31 16:39:06','2025-06-26 20:49:46'),(340,41,20,'Incidunt quia culpa eaque voluptatem quo quam.',NULL,0,'2025-05-27 05:41:54','2025-06-26 20:49:46'),(341,41,20,'Ducimus et voluptas quae voluptate nulla doloribus aut.',NULL,0,'2025-06-15 16:10:58','2025-06-26 20:49:46'),(342,41,20,'Vitae ut pariatur quas possimus omnis accusamus quae.',NULL,1,'2025-05-28 14:38:34','2025-06-26 20:49:46'),(343,41,20,'Nobis quisquam iste cumque commodi omnis velit.','[\"https://via.placeholder.com/640x480.png/00ee99?text=ratione\", \"http://www.casper.biz/ab-iste-odit-nesciunt-laboriosam.html/video.mp4\"]',0,'2025-05-29 06:43:35','2025-06-26 20:49:46'),(344,41,35,'Aut sunt et adipisci libero a aliquam tenetur.','[\"https://via.placeholder.com/640x480.png/00cc55?text=sed\", \"http://greenholt.com/labore-nesciunt-aperiam-voluptatem-quisquam-iure-dolor-cum-voluptas/video.mp4\"]',1,'2025-06-08 13:20:37','2025-06-26 20:49:46'),(345,41,35,'Vel vel aut optio qui ut.','[\"https://via.placeholder.com/640x480.png/0066aa?text=quam\", \"http://fritsch.info/possimus-odio-sunt-ut-repudiandae-corporis-sed-harum-odit/video.mp4\"]',0,'2025-06-24 21:26:44','2025-06-26 20:49:46'),(346,41,20,'Exercitationem velit qui quia.',NULL,1,'2025-06-02 10:20:43','2025-06-26 20:49:46'),(347,42,32,'Et et nesciunt distinctio qui.',NULL,0,'2025-06-15 01:04:59','2025-06-26 20:49:46'),(348,42,27,NULL,'[\"https://via.placeholder.com/640x480.png/0044aa?text=recusandae\"]',1,'2025-06-22 17:31:15','2025-06-26 20:49:46'),(349,42,32,'Voluptates omnis itaque quidem.','[\"https://via.placeholder.com/640x480.png/009933?text=qui\"]',0,'2025-06-11 12:06:21','2025-06-26 20:49:46'),(350,42,32,'Sit reiciendis nulla ullam et rerum amet provident fuga.','[\"https://via.placeholder.com/640x480.png/0000cc?text=necessitatibus\", \"https://via.placeholder.com/640x480.png/005588?text=molestiae\"]',1,'2025-06-12 06:38:03','2025-06-26 20:49:46'),(351,42,32,'Illo fuga nesciunt voluptatem vitae et sint.',NULL,1,'2025-06-26 16:38:14','2025-06-26 20:49:46'),(352,42,27,'Sunt nemo ipsam nisi quos mollitia ut.','[\"https://via.placeholder.com/640x480.png/0077ee?text=cum\"]',0,'2025-06-18 08:45:37','2025-06-26 20:49:46'),(353,42,32,'Quibusdam eos cum aliquid soluta qui assumenda.',NULL,0,'2025-06-14 15:59:09','2025-06-26 20:49:46'),(354,42,32,'Aut aut asperiores odit.',NULL,0,'2025-05-27 22:24:46','2025-06-26 20:49:46'),(355,42,27,NULL,'[\"https://via.placeholder.com/640x480.png/006600?text=et\", \"http://www.abernathy.info/perferendis-in-optio-sit-nemo-rem/video.mp4\"]',1,'2025-06-23 17:04:28','2025-06-26 20:49:46'),(356,43,12,'Voluptatibus voluptatibus non ipsam omnis.','[\"https://via.placeholder.com/640x480.png/00ff55?text=voluptatibus\", \"https://via.placeholder.com/640x480.png/00ddcc?text=alias\"]',0,'2025-05-31 06:54:37','2025-06-26 20:49:46'),(357,43,19,'Dolore possimus nemo occaecati tenetur.',NULL,1,'2025-06-20 19:09:12','2025-06-26 20:49:46'),(358,43,19,'Non architecto libero veniam et.','[\"https://via.placeholder.com/640x480.png/00ee00?text=dolorem\"]',1,'2025-06-24 03:27:56','2025-06-26 20:49:46'),(359,43,19,'Voluptatem dolore voluptas sed rerum pariatur labore.','[\"https://via.placeholder.com/640x480.png/00ffff?text=rem\", \"http://ferry.org/a-qui-voluptatem-autem-eaque/video.mp4\"]',0,'2025-06-20 03:54:16','2025-06-26 20:49:46'),(360,43,12,'Excepturi fuga magni nisi delectus quod ipsa.','[\"https://via.placeholder.com/640x480.png/007766?text=numquam\", \"https://ratke.com/ad-provident-voluptatem-qui-dolores-ex.html/video.mp4\"]',0,'2025-06-12 06:28:20','2025-06-26 20:49:46'),(361,44,16,'Laborum ratione est ut sit.',NULL,0,'2025-06-07 06:27:41','2025-06-26 20:49:46'),(362,44,13,NULL,'[\"https://via.placeholder.com/640x480.png/008833?text=voluptatem\", \"https://via.placeholder.com/640x480.png/0044bb?text=ullam\"]',1,'2025-05-31 00:34:31','2025-06-26 20:49:46'),(363,44,16,'Deserunt ut minima possimus dolores.','[\"https://via.placeholder.com/640x480.png/00ccee?text=repellat\", \"http://www.kreiger.com/consequatur-et-placeat-totam-adipisci-architecto.html/video.mp4\"]',1,'2025-06-13 02:24:58','2025-06-26 20:49:46'),(364,44,16,NULL,'[\"https://via.placeholder.com/640x480.png/00cc88?text=occaecati\", \"https://via.placeholder.com/640x480.png/006655?text=quaerat\"]',0,'2025-06-15 20:28:10','2025-06-26 20:49:46'),(365,44,13,'Commodi itaque impedit quas accusantium est.','[\"https://via.placeholder.com/640x480.png/009933?text=nulla\"]',0,'2025-06-01 22:03:20','2025-06-26 20:49:46'),(366,44,13,NULL,'[\"https://via.placeholder.com/640x480.png/004400?text=repellat\", \"https://www.kihn.info/architecto-laboriosam-aperiam-dolorem-natus-voluptates-reiciendis-expedita/video.mp4\"]',1,'2025-06-19 07:05:07','2025-06-26 20:49:46'),(367,44,13,'Aperiam vel eum qui ipsum.',NULL,0,'2025-06-23 19:00:15','2025-06-26 20:49:46'),(368,44,13,'Autem eum perferendis iure qui modi unde ex.',NULL,1,'2025-06-06 05:38:10','2025-06-26 20:49:46'),(369,44,13,'Repellat est consequatur quibusdam officiis placeat.','[\"https://via.placeholder.com/640x480.png/00eebb?text=repudiandae\"]',1,'2025-05-29 14:09:51','2025-06-26 20:49:46'),(370,44,13,NULL,'[\"https://via.placeholder.com/640x480.png/003311?text=reprehenderit\", \"http://www.feest.net/atque-distinctio-nostrum-qui-error-neque-sapiente-aut/video.mp4\"]',0,'2025-06-05 17:19:57','2025-06-26 20:49:46'),(371,44,16,'Ipsam ipsa magni aut sed.',NULL,0,'2025-05-29 01:46:46','2025-06-26 20:49:46'),(372,45,25,'Cumque laboriosam cum architecto iure voluptatem et aliquid quasi.',NULL,1,'2025-06-21 05:53:29','2025-06-26 20:49:46'),(373,45,25,'Et et sunt ipsa sit sequi aliquam ullam.','[\"https://via.placeholder.com/640x480.png/0044ff?text=esse\"]',1,'2025-06-10 19:43:50','2025-06-26 20:49:46'),(374,45,25,'Quam non adipisci fugiat in dolor.',NULL,1,'2025-06-21 02:08:02','2025-06-26 20:49:46'),(375,45,25,'Labore molestiae repellendus quaerat eligendi.',NULL,1,'2025-06-02 08:29:38','2025-06-26 20:49:46'),(376,45,25,'Voluptatem ea a ut doloremque et.',NULL,0,'2025-06-16 07:00:02','2025-06-26 20:49:46'),(377,45,25,'Delectus at molestiae quos eveniet aut in.','[\"https://via.placeholder.com/640x480.png/00ee99?text=laborum\", \"https://via.placeholder.com/640x480.png/002200?text=ducimus\"]',1,'2025-06-03 13:45:06','2025-06-26 20:49:46'),(378,45,25,'Sit eos nobis dignissimos nihil autem excepturi quo.',NULL,1,'2025-05-28 11:24:00','2025-06-26 20:49:46'),(379,45,30,'Placeat distinctio id et mollitia.',NULL,0,'2025-06-11 00:00:06','2025-06-26 20:49:46'),(380,46,15,'Et temporibus est ab omnis voluptas soluta ea deleniti.','[\"https://via.placeholder.com/640x480.png/009977?text=aut\", \"https://via.placeholder.com/640x480.png/0099bb?text=voluptatem\"]',1,'2025-05-28 02:36:33','2025-06-26 20:49:46'),(381,46,15,NULL,'[\"https://via.placeholder.com/640x480.png/001122?text=mollitia\", \"https://via.placeholder.com/640x480.png/007766?text=numquam\"]',0,'2025-06-03 09:36:37','2025-06-26 20:49:46'),(382,46,15,'Omnis iusto quidem ipsum voluptate ipsum.',NULL,0,'2025-06-12 08:33:18','2025-06-26 20:49:46'),(383,46,10,NULL,'[\"https://via.placeholder.com/640x480.png/00bb77?text=excepturi\", \"https://via.placeholder.com/640x480.png/00aa33?text=sequi\"]',0,'2025-06-18 19:39:37','2025-06-26 20:49:46'),(384,46,15,'Suscipit nulla illo aut doloribus ut placeat accusamus possimus.','[\"https://via.placeholder.com/640x480.png/00dddd?text=nesciunt\"]',1,'2025-05-29 11:39:36','2025-06-26 20:49:46'),(385,46,10,'Ut sit dolorem autem aut optio.',NULL,0,'2025-06-05 04:51:03','2025-06-26 20:49:46'),(386,46,15,'Atque dolor labore nam.',NULL,0,'2025-06-03 03:45:41','2025-06-26 20:49:46'),(387,46,15,'Ut qui deleniti ea nihil ut.','[\"https://via.placeholder.com/640x480.png/00cc55?text=voluptatem\", \"https://via.placeholder.com/640x480.png/0099dd?text=fugiat\"]',1,'2025-05-31 17:38:53','2025-06-26 20:49:46'),(388,47,14,'Aut quos aut cupiditate qui illum.',NULL,0,'2025-06-21 22:02:14','2025-06-26 20:49:46'),(389,47,19,'Omnis expedita sunt qui.',NULL,0,'2025-06-26 19:44:33','2025-06-26 20:49:46'),(390,47,19,NULL,'[\"https://via.placeholder.com/640x480.png/00dd99?text=itaque\"]',0,'2025-06-19 21:01:04','2025-06-26 20:49:46'),(391,47,14,'Nesciunt corrupti unde nihil.',NULL,0,'2025-06-12 00:58:20','2025-06-26 20:49:46'),(392,47,19,'Velit alias cumque adipisci voluptate est reiciendis in.',NULL,0,'2025-06-14 02:27:49','2025-06-26 20:49:46'),(393,47,19,NULL,'[\"https://via.placeholder.com/640x480.png/00cc99?text=aperiam\", \"http://cassin.org//video.mp4\"]',0,'2025-06-17 18:40:38','2025-06-26 20:49:46'),(394,47,19,'Voluptatibus et corporis et ut sunt sapiente.',NULL,0,'2025-06-03 03:41:01','2025-06-26 20:49:46'),(395,48,36,NULL,'[\"https://via.placeholder.com/640x480.png/00ff66?text=ipsam\"]',1,'2025-06-12 18:19:09','2025-06-26 20:49:46'),(396,48,23,NULL,'[\"https://via.placeholder.com/640x480.png/00bbaa?text=eum\", \"https://via.placeholder.com/640x480.png/00cccc?text=ducimus\"]',1,'2025-06-19 12:08:42','2025-06-26 20:49:46'),(397,48,23,'Laborum voluptatem repellendus nesciunt quo dolore.','[\"https://via.placeholder.com/640x480.png/008855?text=enim\", \"https://via.placeholder.com/640x480.png/001111?text=aut\"]',1,'2025-06-12 22:38:07','2025-06-26 20:49:46'),(398,48,23,'Dignissimos consequuntur sit qui natus qui aliquam temporibus.','[\"https://via.placeholder.com/640x480.png/000044?text=corporis\"]',0,'2025-05-28 22:28:17','2025-06-26 20:49:46'),(399,48,23,'Quidem asperiores voluptas sit eaque ut doloribus quidem.',NULL,0,'2025-05-31 11:43:31','2025-06-26 20:49:46'),(400,48,23,'Sed qui enim consequuntur soluta similique in.','[\"https://via.placeholder.com/640x480.png/0011ff?text=sit\", \"https://via.placeholder.com/640x480.png/002277?text=commodi\"]',1,'2025-06-25 13:57:55','2025-06-26 20:49:46'),(401,48,23,'Excepturi reprehenderit rem autem inventore dolore et dignissimos.',NULL,0,'2025-05-28 03:37:36','2025-06-26 20:49:46'),(402,48,23,'Rerum illo dolores dignissimos.','[\"https://via.placeholder.com/640x480.png/007755?text=qui\", \"http://schuppe.com/voluptate-dolorum-hic-vel.html/video.mp4\"]',1,'2025-06-07 13:53:07','2025-06-26 20:49:46'),(403,48,23,'Dolorem quas officiis rerum animi nobis consequuntur occaecati.',NULL,1,'2025-05-29 18:37:54','2025-06-26 20:49:46'),(404,48,23,'Dolor recusandae et qui ut.',NULL,0,'2025-06-07 06:41:50','2025-06-26 20:49:46'),(405,48,36,'Et laboriosam mollitia sit eum praesentium tempore.',NULL,1,'2025-06-21 07:38:33','2025-06-26 20:49:46'),(406,48,36,'Sit autem ipsam tempora consequatur ipsa totam iste.','[\"https://via.placeholder.com/640x480.png/0033aa?text=ratione\", \"https://via.placeholder.com/640x480.png/008877?text=veniam\"]',0,'2025-06-03 11:28:59','2025-06-26 20:49:46'),(407,49,25,NULL,'[\"https://via.placeholder.com/640x480.png/005511?text=ut\", \"https://via.placeholder.com/640x480.png/001188?text=fuga\"]',0,'2025-06-11 21:34:07','2025-06-26 20:49:46'),(408,49,2,'Eos voluptatem exercitationem reprehenderit sed placeat.','[\"https://via.placeholder.com/640x480.png/002255?text=quam\"]',0,'2025-06-17 11:20:03','2025-06-26 20:49:46'),(409,49,25,'Et impedit inventore reprehenderit minus.',NULL,0,'2025-06-16 22:03:42','2025-06-26 20:49:46'),(410,49,25,'Possimus atque sunt beatae repudiandae.','[\"https://via.placeholder.com/640x480.png/00eeaa?text=velit\", \"https://via.placeholder.com/640x480.png/006699?text=ratione\"]',0,'2025-06-15 04:19:04','2025-06-26 20:49:46'),(411,49,25,'Laboriosam sed reprehenderit ut ut voluptates voluptas nesciunt.','[\"https://via.placeholder.com/640x480.png/0055ee?text=aut\"]',0,'2025-06-15 00:14:45','2025-06-26 20:49:46'),(412,49,2,'Vero omnis et omnis sunt.',NULL,0,'2025-06-05 18:29:04','2025-06-26 20:49:46'),(413,49,25,NULL,'[\"https://via.placeholder.com/640x480.png/00dd44?text=ut\", \"http://www.kautzer.org/sit-ipsam-veritatis-eaque-nisi-temporibus.html/video.mp4\"]',0,'2025-06-11 18:30:01','2025-06-26 20:49:46'),(414,49,2,NULL,'[\"https://via.placeholder.com/640x480.png/002200?text=rerum\"]',0,'2025-06-04 21:19:51','2025-06-26 20:49:46'),(415,49,2,'Dolores voluptate saepe aut suscipit.',NULL,0,'2025-06-17 16:54:16','2025-06-26 20:49:46'),(416,50,18,'Laborum totam perferendis earum omnis quas voluptas itaque.',NULL,0,'2025-06-03 15:31:16','2025-06-26 20:49:46'),(417,50,18,NULL,'[\"https://via.placeholder.com/640x480.png/00aaee?text=itaque\", \"http://www.hickle.com/dignissimos-aut-harum-eum-ut-et-architecto-eius/video.mp4\"]',1,'2025-06-14 20:25:42','2025-06-26 20:49:46'),(418,50,18,'Fugiat omnis in est ab.','[\"https://via.placeholder.com/640x480.png/003366?text=iure\"]',1,'2025-05-28 13:42:46','2025-06-26 20:49:46'),(419,50,18,'Dolores accusamus perferendis id quos.',NULL,1,'2025-06-11 00:20:09','2025-06-26 20:49:46'),(420,50,18,'Rem accusantium tempora maxime et qui aut voluptatem.',NULL,0,'2025-06-18 06:07:18','2025-06-26 20:49:46'),(421,50,18,NULL,'[\"https://via.placeholder.com/640x480.png/000022?text=voluptatem\"]',0,'2025-05-28 02:22:32','2025-06-26 20:49:46'),(422,51,22,'Alias labore voluptatum ad cumque iste voluptates inventore.',NULL,0,'2025-06-08 22:28:50','2025-06-26 20:49:46'),(423,51,16,'Quae vel eum fuga ut.',NULL,0,'2025-06-03 06:48:08','2025-06-26 20:49:46'),(424,51,16,'Ut quae doloremque saepe provident sunt sapiente.','[\"https://via.placeholder.com/640x480.png/0088cc?text=nulla\", \"https://via.placeholder.com/640x480.png/009933?text=quisquam\"]',1,'2025-06-23 20:28:05','2025-06-26 20:49:46'),(425,51,16,'Ut quos iusto voluptas voluptatibus quia nihil laboriosam facilis.','[\"https://via.placeholder.com/640x480.png/00ee77?text=atque\"]',0,'2025-05-28 20:58:03','2025-06-26 20:49:46'),(426,51,22,'Accusamus quia non veritatis voluptas et sequi sit.',NULL,0,'2025-06-23 12:55:31','2025-06-26 20:49:46'),(427,51,16,'Aliquid aut sequi quia sit est.','[\"https://via.placeholder.com/640x480.png/00aa33?text=quisquam\"]',1,'2025-06-03 09:58:06','2025-06-26 20:49:46'),(428,51,16,NULL,'[\"https://via.placeholder.com/640x480.png/00cc88?text=facere\"]',0,'2025-06-03 21:13:20','2025-06-26 20:49:46'),(429,51,22,'Quia dolorem sint corporis aut eveniet ab et.',NULL,1,'2025-05-29 01:01:49','2025-06-26 20:49:46'),(430,51,22,NULL,'[\"https://via.placeholder.com/640x480.png/0011ee?text=exercitationem\"]',1,'2025-06-04 05:37:48','2025-06-26 20:49:46'),(431,51,16,'Quos unde occaecati quasi velit.',NULL,1,'2025-06-22 20:56:12','2025-06-26 20:49:46'),(432,51,16,'Neque nesciunt atque voluptatum in sequi velit.','[\"https://via.placeholder.com/640x480.png/005566?text=velit\"]',0,'2025-05-28 05:00:26','2025-06-26 20:49:46'),(433,51,22,NULL,'[\"https://via.placeholder.com/640x480.png/004433?text=autem\"]',1,'2025-06-21 15:03:11','2025-06-26 20:49:46'),(434,52,18,'Natus recusandae enim aperiam hic aut neque.',NULL,1,'2025-06-09 05:39:53','2025-06-26 20:49:46'),(435,52,36,NULL,'[\"https://via.placeholder.com/640x480.png/005555?text=qui\", \"https://via.placeholder.com/640x480.png/00bbaa?text=sit\"]',1,'2025-06-23 11:59:01','2025-06-26 20:49:46'),(436,52,36,'Dolores ea quidem atque voluptatem sint nihil quas.',NULL,0,'2025-06-08 06:10:23','2025-06-26 20:49:46'),(437,52,36,'Aut nihil similique sunt iste eius.',NULL,1,'2025-06-05 21:15:08','2025-06-26 20:49:46'),(438,52,36,'Minima dolor officiis sit ipsam et.','[\"https://via.placeholder.com/640x480.png/00ddff?text=vel\", \"https://via.placeholder.com/640x480.png/00dd55?text=cupiditate\"]',1,'2025-06-17 11:59:29','2025-06-26 20:49:46'),(439,52,18,'Eligendi qui mollitia qui nostrum quos laudantium illo.',NULL,0,'2025-05-31 11:46:47','2025-06-26 20:49:46'),(440,52,36,'Veritatis deleniti sunt soluta sit quia voluptatum.',NULL,1,'2025-06-09 00:51:53','2025-06-26 20:49:46'),(441,53,26,'Repudiandae nam hic est sunt.',NULL,1,'2025-06-14 08:46:32','2025-06-26 20:49:46'),(442,53,28,NULL,'[\"https://via.placeholder.com/640x480.png/009988?text=officia\", \"https://via.placeholder.com/640x480.png/00ee44?text=atque\"]',0,'2025-06-24 09:21:58','2025-06-26 20:49:46'),(443,53,28,'Nam incidunt nostrum excepturi mollitia odio fugit.','[\"https://via.placeholder.com/640x480.png/0011ee?text=rerum\", \"http://www.ohara.com/quos-dolores-est-in-adipisci-id-quod-placeat.html/video.mp4\"]',1,'2025-06-11 05:32:09','2025-06-26 20:49:46'),(444,53,28,'Qui maiores minima omnis vel magnam exercitationem.',NULL,1,'2025-06-18 23:30:02','2025-06-26 20:49:46'),(445,53,26,NULL,'[\"https://via.placeholder.com/640x480.png/00ddee?text=aliquid\"]',1,'2025-05-30 15:06:22','2025-06-26 20:49:46'),(446,53,28,'Vero veritatis error voluptatem quo.',NULL,0,'2025-06-24 09:36:10','2025-06-26 20:49:46'),(447,53,26,'Et aut qui atque minima fuga.',NULL,0,'2025-06-03 02:52:53','2025-06-26 20:49:46'),(448,54,38,'Quibusdam veritatis est qui.',NULL,0,'2025-06-08 15:50:06','2025-06-26 20:49:46'),(449,54,36,NULL,'[\"https://via.placeholder.com/640x480.png/007766?text=illum\", \"http://mclaughlin.com//video.mp4\"]',0,'2025-06-08 21:18:49','2025-06-26 20:49:46'),(450,54,38,'Inventore sed commodi voluptate mollitia veritatis est.',NULL,1,'2025-06-26 11:20:46','2025-06-26 20:49:46'),(451,54,38,'Officiis cupiditate incidunt est culpa at.',NULL,1,'2025-06-02 23:36:24','2025-06-26 20:49:46'),(452,54,38,NULL,'[\"https://via.placeholder.com/640x480.png/00aa22?text=saepe\", \"https://via.placeholder.com/640x480.png/0055ee?text=quibusdam\"]',0,'2025-06-06 18:33:35','2025-06-26 20:49:46'),(453,54,38,'Neque laborum aut ex.','[\"https://via.placeholder.com/640x480.png/0066cc?text=non\", \"https://via.placeholder.com/640x480.png/0044dd?text=nihil\"]',1,'2025-05-30 06:53:09','2025-06-26 20:49:46'),(454,55,23,'Voluptas voluptas delectus molestias porro eligendi voluptates.',NULL,0,'2025-06-26 02:37:33','2025-06-26 20:49:46'),(455,55,23,'Dolorum corporis sit similique vitae corporis provident sed.',NULL,1,'2025-06-20 06:36:57','2025-06-26 20:49:46'),(456,55,23,NULL,'[\"https://via.placeholder.com/640x480.png/002277?text=quis\", \"https://via.placeholder.com/640x480.png/00dd33?text=quia\"]',1,'2025-06-18 15:37:01','2025-06-26 20:49:46'),(457,55,23,'Deserunt ducimus soluta sequi.',NULL,0,'2025-06-19 10:31:29','2025-06-26 20:49:46'),(458,55,23,'Veniam suscipit consequuntur commodi corrupti nesciunt vel.','[\"https://via.placeholder.com/640x480.png/003366?text=soluta\", \"http://www.cummings.org/minus-sint-voluptates-deleniti-et-aut-minima-et-ducimus/video.mp4\"]',1,'2025-05-28 05:59:51','2025-06-26 20:49:46'),(459,56,32,'Qui in quis sit exercitationem alias accusamus.',NULL,1,'2025-06-23 17:13:30','2025-06-26 20:49:46'),(460,56,36,'Distinctio omnis in impedit quas eveniet sunt nemo.',NULL,1,'2025-05-26 22:41:08','2025-06-26 20:49:46'),(461,56,32,NULL,'[\"https://via.placeholder.com/640x480.png/001111?text=sapiente\", \"http://www.wehner.org//video.mp4\"]',0,'2025-06-10 01:51:28','2025-06-26 20:49:46'),(462,56,36,'Provident aut cupiditate dolorum delectus nam porro.',NULL,0,'2025-06-24 23:45:55','2025-06-26 20:49:46'),(463,56,32,NULL,'[\"https://via.placeholder.com/640x480.png/0099ff?text=cum\", \"https://www.ebert.com/ducimus-accusamus-nesciunt-dolorem-dolor/video.mp4\"]',0,'2025-06-23 19:10:38','2025-06-26 20:49:46'),(464,56,36,'Aut eum velit minima dolor facilis pariatur non.',NULL,0,'2025-06-21 07:52:49','2025-06-26 20:49:46'),(465,57,38,'Et id qui ut eum rem.',NULL,1,'2025-05-26 21:24:30','2025-06-26 20:49:46'),(466,57,19,'Quaerat molestias id quam ex.',NULL,0,'2025-05-27 07:32:43','2025-06-26 20:49:46'),(467,57,19,NULL,'[\"https://via.placeholder.com/640x480.png/00cc11?text=sapiente\", \"https://via.placeholder.com/640x480.png/0022bb?text=dolorum\"]',0,'2025-06-18 22:07:36','2025-06-26 20:49:46'),(468,57,38,'Nostrum aut pariatur voluptas.',NULL,0,'2025-06-02 19:01:47','2025-06-26 20:49:46'),(469,57,19,'Voluptas laudantium ea voluptatem qui.','[\"https://via.placeholder.com/640x480.png/003377?text=blanditiis\", \"https://via.placeholder.com/640x480.png/0099cc?text=veritatis\"]',1,'2025-06-08 06:37:22','2025-06-26 20:49:46'),(470,57,38,NULL,'[\"https://via.placeholder.com/640x480.png/00bb99?text=aperiam\", \"http://mcdermott.net/assumenda-ut-non-ea-debitis-non-totam-mollitia/video.mp4\"]',1,'2025-06-08 05:06:54','2025-06-26 20:49:46'),(471,57,19,'Nemo velit ex illum minus.',NULL,0,'2025-05-31 01:02:18','2025-06-26 20:49:46'),(472,58,10,'Architecto illum deserunt ut assumenda nemo quis eos sapiente.',NULL,0,'2025-06-24 16:37:40','2025-06-26 20:49:46'),(473,58,12,'Ea sapiente laborum minus quam doloribus.',NULL,0,'2025-05-31 16:01:59','2025-06-26 20:49:46'),(474,58,10,NULL,'[\"https://via.placeholder.com/640x480.png/0099cc?text=deserunt\", \"https://via.placeholder.com/640x480.png/00aa11?text=sit\"]',1,'2025-06-04 17:40:59','2025-06-26 20:49:46'),(475,58,10,NULL,'[\"https://via.placeholder.com/640x480.png/001122?text=incidunt\", \"http://collins.biz/molestiae-qui-recusandae-ut-odio-at-officia.html/video.mp4\"]',0,'2025-06-08 09:29:13','2025-06-26 20:49:46'),(476,58,12,'Quia nobis ea porro omnis omnis.',NULL,0,'2025-05-27 00:53:47','2025-06-26 20:49:46'),(477,59,32,'Quas qui veniam magni quo dolorem veritatis.','[\"https://via.placeholder.com/640x480.png/0011dd?text=non\"]',0,'2025-05-28 03:12:16','2025-06-26 20:49:46'),(478,59,41,'Nemo voluptas optio omnis accusamus.',NULL,0,'2025-06-02 02:03:58','2025-06-26 20:49:46'),(479,59,41,'A sit id qui modi qui ratione totam.',NULL,1,'2025-06-07 14:43:38','2025-06-26 20:49:46'),(480,59,41,'Cupiditate eaque illum nihil nostrum.',NULL,0,'2025-06-11 22:13:41','2025-06-26 20:49:46'),(481,59,41,'A deserunt amet sequi beatae.','[\"https://via.placeholder.com/640x480.png/00aa55?text=odio\", \"http://larson.biz/mollitia-architecto-ut-asperiores.html/video.mp4\"]',0,'2025-06-08 08:15:38','2025-06-26 20:49:46'),(482,59,41,NULL,'[\"https://via.placeholder.com/640x480.png/00bbdd?text=suscipit\"]',0,'2025-06-25 19:43:01','2025-06-26 20:49:46'),(483,59,32,'Minima laborum alias voluptatem fugiat.','[\"https://via.placeholder.com/640x480.png/00bbdd?text=autem\", \"https://via.placeholder.com/640x480.png/002200?text=nihil\"]',1,'2025-06-16 12:53:08','2025-06-26 20:49:46'),(484,59,32,'Officiis et ut beatae quia aspernatur expedita.',NULL,0,'2025-06-07 21:04:16','2025-06-26 20:49:46'),(485,59,41,NULL,'[\"https://via.placeholder.com/640x480.png/0066cc?text=quia\", \"https://via.placeholder.com/640x480.png/003388?text=porro\"]',0,'2025-06-05 01:44:59','2025-06-26 20:49:46'),(486,60,26,'Laboriosam nobis exercitationem beatae dignissimos porro.',NULL,0,'2025-06-24 03:11:16','2025-06-26 20:49:46'),(487,60,26,NULL,'[\"https://via.placeholder.com/640x480.png/00ddee?text=rerum\", \"https://via.placeholder.com/640x480.png/009900?text=vel\"]',1,'2025-06-12 12:14:12','2025-06-26 20:49:46'),(488,60,26,'Enim ut voluptatum aperiam velit et nostrum.',NULL,1,'2025-06-04 18:15:58','2025-06-26 20:49:46'),(489,60,5,NULL,'[\"https://via.placeholder.com/640x480.png/00dd77?text=aut\", \"http://tromp.net/officia-culpa-exercitationem-et-voluptas/video.mp4\"]',1,'2025-06-01 02:13:03','2025-06-26 20:49:46'),(490,60,5,'Provident hic inventore aut.','[\"https://via.placeholder.com/640x480.png/00cc99?text=laboriosam\", \"http://cole.net/aperiam-ipsa-molestiae-quia-eligendi-iste-hic-minus-qui/video.mp4\"]',0,'2025-06-26 07:43:44','2025-06-26 20:49:46'),(491,61,19,'Rerum nesciunt et saepe ad vel dicta eum.','[\"https://via.placeholder.com/640x480.png/005599?text=rerum\", \"https://via.placeholder.com/640x480.png/0033aa?text=maxime\"]',0,'2025-05-27 13:50:54','2025-06-26 20:49:46'),(492,61,19,'Sed ex architecto omnis nisi fugiat.',NULL,0,'2025-05-28 14:01:19','2025-06-26 20:49:46'),(493,61,19,'Non non reprehenderit voluptatem ipsa nobis quia.',NULL,1,'2025-06-25 22:03:35','2025-06-26 20:49:46'),(494,61,19,'Quidem ducimus accusantium aut dolorem tenetur et.',NULL,0,'2025-06-20 09:04:11','2025-06-26 20:49:46'),(495,61,40,'Omnis error ea minus officia voluptas inventore exercitationem.',NULL,1,'2025-06-11 03:31:25','2025-06-26 20:49:46'),(496,61,40,'Consequuntur excepturi eius laboriosam atque molestiae.',NULL,1,'2025-06-14 10:17:59','2025-06-26 20:49:46'),(497,61,40,'Delectus nisi aliquid nobis et dicta.',NULL,1,'2025-06-06 19:50:55','2025-06-26 20:49:46'),(498,61,40,'Nobis vitae labore in cupiditate.',NULL,1,'2025-06-11 10:38:09','2025-06-26 20:49:46'),(499,61,40,'Quasi fuga aspernatur sit eos.','[\"https://via.placeholder.com/640x480.png/0099ee?text=soluta\"]',0,'2025-06-13 03:57:16','2025-06-26 20:49:46'),(500,62,4,'Sunt ullam id fugiat.','[\"https://via.placeholder.com/640x480.png/000055?text=porro\", \"http://romaguera.com/ipsum-recusandae-placeat-velit-omnis-dolore-facilis/video.mp4\"]',0,'2025-06-10 08:12:59','2025-06-26 20:49:46'),(501,62,4,'Eligendi animi explicabo corporis veniam.',NULL,0,'2025-06-11 15:55:47','2025-06-26 20:49:46'),(502,62,26,'Quasi illo expedita voluptatem ut id.',NULL,1,'2025-06-15 23:58:08','2025-06-26 20:49:46'),(503,62,26,'Optio vitae sit sunt ut qui.',NULL,1,'2025-05-29 03:36:48','2025-06-26 20:49:46'),(504,62,4,'Temporibus laborum eos voluptatem eligendi.',NULL,0,'2025-06-16 02:57:42','2025-06-26 20:49:46'),(505,63,24,'Ut dolores natus voluptas eaque.','[\"https://via.placeholder.com/640x480.png/0077ee?text=sunt\", \"https://via.placeholder.com/640x480.png/0077dd?text=est\"]',1,'2025-06-08 17:16:13','2025-06-26 20:49:46'),(506,63,24,'Dolore harum repellat ratione nemo at voluptatum voluptatibus.','[\"https://via.placeholder.com/640x480.png/00dd55?text=consequuntur\", \"https://via.placeholder.com/640x480.png/009900?text=beatae\"]',1,'2025-05-28 03:14:50','2025-06-26 20:49:46'),(507,63,18,NULL,'[\"https://via.placeholder.com/640x480.png/00cc44?text=molestiae\", \"http://mayert.info/est-quis-ipsam-tenetur-eaque-itaque-est-nesciunt.html/video.mp4\"]',1,'2025-06-16 22:32:44','2025-06-26 20:49:46'),(508,63,18,'Ea ipsam dolor corrupti natus ut et ducimus.',NULL,0,'2025-06-14 21:43:46','2025-06-26 20:49:46'),(509,63,24,'Sed eius aut consequatur est unde numquam totam beatae.','[\"https://via.placeholder.com/640x480.png/008800?text=molestiae\"]',1,'2025-06-02 19:44:44','2025-06-26 20:49:46'),(510,63,18,'Excepturi deserunt quasi et.',NULL,0,'2025-06-08 07:06:59','2025-06-26 20:49:46'),(511,63,24,'Et aspernatur magnam similique dolorem rerum rerum aut temporibus.','[\"https://via.placeholder.com/640x480.png/002277?text=qui\"]',0,'2025-06-17 08:34:56','2025-06-26 20:49:46'),(512,63,24,'Rerum sit nihil a nulla velit eligendi.',NULL,0,'2025-06-01 14:59:25','2025-06-26 20:49:46'),(513,63,18,'Ipsum distinctio rerum consequatur reprehenderit vitae et odio architecto.',NULL,0,'2025-05-31 16:07:48','2025-06-26 20:49:46'),(514,63,18,'Aut non qui ut necessitatibus voluptatem praesentium.',NULL,0,'2025-06-01 16:38:25','2025-06-26 20:49:46'),(515,63,18,'Dignissimos quae voluptas sequi consectetur placeat excepturi quae.',NULL,0,'2025-06-06 01:49:11','2025-06-26 20:49:46'),(516,63,18,'Sint maiores et possimus accusantium consectetur.','[\"https://via.placeholder.com/640x480.png/00ee11?text=sit\", \"https://via.placeholder.com/640x480.png/002266?text=qui\"]',0,'2025-06-02 14:07:06','2025-06-26 20:49:46'),(517,64,16,'Aliquam ut nemo id provident est delectus qui soluta.',NULL,0,'2025-06-01 11:05:35','2025-06-26 20:49:46'),(518,64,16,'Nostrum tenetur reiciendis veritatis ea occaecati ullam ullam vitae.','[\"https://via.placeholder.com/640x480.png/000044?text=occaecati\", \"http://cummerata.com/aliquam-autem-voluptatem-est-quibusdam-est/video.mp4\"]',0,'2025-05-31 17:43:49','2025-06-26 20:49:46'),(519,64,16,'Facilis atque itaque incidunt quod.','[\"https://via.placeholder.com/640x480.png/00ccee?text=libero\"]',1,'2025-05-29 09:01:10','2025-06-26 20:49:46'),(520,64,16,'Doloremque nostrum culpa natus et.',NULL,0,'2025-06-11 03:28:17','2025-06-26 20:49:46'),(521,64,16,'Non iusto earum rerum ex in voluptatem.',NULL,1,'2025-06-02 02:07:35','2025-06-26 20:49:46'),(522,64,19,'Ab qui ut dolorum.',NULL,1,'2025-06-22 05:27:23','2025-06-26 20:49:46'),(523,64,16,'Nulla dolorem omnis autem aut.','[\"https://via.placeholder.com/640x480.png/00aa33?text=non\", \"http://www.pagac.biz//video.mp4\"]',0,'2025-06-10 11:10:10','2025-06-26 20:49:46'),(524,64,19,NULL,'[\"https://via.placeholder.com/640x480.png/0055ee?text=dolor\", \"http://koepp.info//video.mp4\"]',1,'2025-06-25 19:08:14','2025-06-26 20:49:46'),(525,64,16,NULL,'[\"https://via.placeholder.com/640x480.png/0000dd?text=aut\", \"http://nienow.com/incidunt-tenetur-numquam-cum/video.mp4\"]',0,'2025-06-16 06:14:04','2025-06-26 20:49:46'),(526,65,35,NULL,'[\"https://via.placeholder.com/640x480.png/009988?text=eum\"]',0,'2025-06-19 09:56:38','2025-06-26 20:49:46'),(527,65,35,'Sint ex et ut ab odio.',NULL,1,'2025-05-28 12:42:37','2025-06-26 20:49:46'),(528,65,2,'Et nihil est non laborum.',NULL,0,'2025-06-16 15:14:07','2025-06-26 20:49:46'),(529,65,35,'Hic quo maxime aspernatur reprehenderit.','[\"https://via.placeholder.com/640x480.png/00dd33?text=et\"]',1,'2025-06-18 19:27:48','2025-06-26 20:49:46'),(530,65,2,'Sint dignissimos cum hic ratione est rerum.',NULL,0,'2025-06-18 15:17:48','2025-06-26 20:49:46'),(531,65,2,'Dolorum quia impedit culpa dolores earum est eveniet.','[\"https://via.placeholder.com/640x480.png/00eebb?text=ullam\"]',1,'2025-06-08 07:00:04','2025-06-26 20:49:46'),(532,65,35,'Sit assumenda illum possimus qui qui qui.',NULL,1,'2025-06-06 00:50:55','2025-06-26 20:49:46'),(533,65,2,'Sunt repellat est soluta at.',NULL,1,'2025-06-18 15:23:13','2025-06-26 20:49:46'),(534,66,17,'Ad voluptas occaecati quaerat excepturi iste sapiente.','[\"https://via.placeholder.com/640x480.png/00ffee?text=minus\", \"https://via.placeholder.com/640x480.png/0000bb?text=veniam\"]',1,'2025-06-19 12:11:06','2025-06-26 20:49:46'),(535,66,28,'Voluptate laudantium illum culpa est quis quasi vero excepturi.',NULL,1,'2025-06-17 17:51:11','2025-06-26 20:49:46'),(536,66,28,NULL,'[\"https://via.placeholder.com/640x480.png/00bb99?text=voluptates\", \"https://via.placeholder.com/640x480.png/00ff11?text=qui\"]',1,'2025-06-26 17:52:20','2025-06-26 20:49:46'),(537,66,28,NULL,'[\"https://via.placeholder.com/640x480.png/0099bb?text=sequi\"]',0,'2025-06-23 12:50:19','2025-06-26 20:49:46'),(538,66,28,'Vel harum iure enim expedita omnis sunt voluptates.',NULL,0,'2025-06-14 05:33:47','2025-06-26 20:49:46'),(539,66,17,NULL,'[\"https://via.placeholder.com/640x480.png/00ee22?text=nobis\", \"http://lubowitz.com/veritatis-quae-optio-rerum-quisquam-perspiciatis.html/video.mp4\"]',0,'2025-06-24 23:46:57','2025-06-26 20:49:46'),(540,66,28,NULL,'[\"https://via.placeholder.com/640x480.png/00bb66?text=facere\", \"https://via.placeholder.com/640x480.png/002255?text=inventore\"]',0,'2025-06-17 06:22:29','2025-06-26 20:49:46'),(541,66,17,'A eius ad magnam a.',NULL,1,'2025-06-10 20:05:41','2025-06-26 20:49:46'),(542,66,28,'Qui rerum laborum quo qui id omnis consequatur id.',NULL,0,'2025-05-31 13:54:05','2025-06-26 20:49:46'),(543,67,10,'Qui excepturi sed et neque quod et laudantium.',NULL,0,'2025-06-10 12:49:08','2025-06-26 20:49:46'),(544,67,10,'Et rerum ut sint facere odio ipsam.',NULL,0,'2025-06-19 19:26:40','2025-06-26 20:49:46'),(545,67,10,'Quia id eius et aut.','[\"https://via.placeholder.com/640x480.png/0033cc?text=vero\", \"https://via.placeholder.com/640x480.png/0033bb?text=iste\"]',0,'2025-05-29 09:03:03','2025-06-26 20:49:46'),(546,67,10,'Reiciendis esse quia voluptatem perspiciatis sit fugiat.','[\"https://via.placeholder.com/640x480.png/00ff99?text=pariatur\", \"https://via.placeholder.com/640x480.png/009944?text=fuga\"]',1,'2025-06-22 05:10:55','2025-06-26 20:49:46'),(547,67,10,'Consectetur accusamus vero aperiam omnis ducimus.','[\"https://via.placeholder.com/640x480.png/00cccc?text=non\", \"http://swaniawski.info/saepe-numquam-sapiente-esse-quo-veritatis-fuga-ullam/video.mp4\"]',1,'2025-06-08 08:14:27','2025-06-26 20:49:46'),(548,67,40,'Minima voluptatum libero omnis laborum.','[\"https://via.placeholder.com/640x480.png/004466?text=qui\", \"https://via.placeholder.com/640x480.png/009988?text=omnis\"]',1,'2025-05-31 11:14:04','2025-06-26 20:49:46'),(549,68,7,'Natus consequatur repudiandae est quod molestiae.','[\"https://via.placeholder.com/640x480.png/002255?text=itaque\"]',0,'2025-06-12 16:02:47','2025-06-26 20:49:46'),(550,68,35,'Aliquid ex velit quia.','[\"https://via.placeholder.com/640x480.png/00ff99?text=fuga\", \"https://via.placeholder.com/640x480.png/0099ee?text=ullam\"]',1,'2025-06-19 22:37:37','2025-06-26 20:49:46'),(551,68,7,'Voluptas consectetur odit quod qui aspernatur omnis sunt.','[\"https://via.placeholder.com/640x480.png/0011aa?text=praesentium\", \"http://okeefe.com/eius-magni-rem-consequatur-sit-et-fuga-molestiae-aut.html/video.mp4\"]',0,'2025-06-03 02:11:48','2025-06-26 20:49:46'),(552,68,35,NULL,'[\"https://via.placeholder.com/640x480.png/00ddee?text=provident\", \"http://www.towne.com//video.mp4\"]',0,'2025-06-18 12:36:37','2025-06-26 20:49:46'),(553,68,7,NULL,'[\"https://via.placeholder.com/640x480.png/00aa33?text=et\", \"https://via.placeholder.com/640x480.png/0000cc?text=dolore\"]',0,'2025-06-02 20:53:12','2025-06-26 20:49:46'),(554,69,5,'Veniam tempora inventore maiores rerum vero ipsam exercitationem.',NULL,1,'2025-06-07 13:47:09','2025-06-26 20:49:46'),(555,69,5,'Ea ducimus et suscipit corporis.','[\"https://via.placeholder.com/640x480.png/00ddbb?text=recusandae\", \"https://via.placeholder.com/640x480.png/001199?text=saepe\"]',0,'2025-06-15 21:04:23','2025-06-26 20:49:46'),(556,69,23,NULL,'[\"https://via.placeholder.com/640x480.png/004422?text=harum\", \"https://via.placeholder.com/640x480.png/00cc77?text=et\"]',0,'2025-06-04 18:31:13','2025-06-26 20:49:46'),(557,69,5,'Voluptas occaecati sed illo saepe placeat vel.',NULL,1,'2025-06-05 16:20:46','2025-06-26 20:49:46'),(558,69,5,'Veritatis nihil provident est consequuntur architecto dolore dolorem.',NULL,0,'2025-06-21 18:46:15','2025-06-26 20:49:46'),(559,69,5,'Nesciunt magni ad illum ad corrupti.','[\"https://via.placeholder.com/640x480.png/0033cc?text=saepe\", \"https://via.placeholder.com/640x480.png/00aa33?text=a\"]',0,'2025-06-06 03:28:04','2025-06-26 20:49:46'),(560,70,24,'Id id et voluptatem iusto et ad.',NULL,1,'2025-06-14 10:47:04','2025-06-26 20:49:46'),(561,70,1,'At sint dolores optio velit.',NULL,1,'2025-06-08 19:38:25','2025-06-26 20:49:46'),(562,70,1,'Sunt blanditiis corrupti et cum quasi rerum.',NULL,0,'2025-06-22 12:11:28','2025-06-26 20:49:46'),(563,70,1,'Eveniet est iusto est nesciunt ut.',NULL,1,'2025-06-08 08:41:28','2025-06-26 20:49:46'),(564,70,1,'Ut veritatis qui repellendus distinctio corporis.',NULL,0,'2025-06-18 00:27:39','2025-06-26 20:49:46'),(565,70,24,'Accusamus dicta repudiandae ut alias atque natus et facilis.','[\"https://via.placeholder.com/640x480.png/00ccbb?text=eius\"]',1,'2025-06-23 03:33:35','2025-06-26 20:49:46'),(566,70,1,'Qui optio excepturi neque esse.',NULL,1,'2025-05-28 09:09:17','2025-06-26 20:49:46'),(567,71,36,'Incidunt dolorem maxime rerum quia eveniet ab.','[\"https://via.placeholder.com/640x480.png/00ff66?text=doloribus\", \"https://via.placeholder.com/640x480.png/0000ff?text=optio\"]',1,'2025-06-11 13:11:13','2025-06-26 20:49:46'),(568,71,36,'Rerum illum omnis cumque minus.','[\"https://via.placeholder.com/640x480.png/002200?text=aut\", \"https://via.placeholder.com/640x480.png/0033aa?text=non\"]',0,'2025-06-24 16:30:46','2025-06-26 20:49:46'),(569,71,36,'Placeat dolorum dicta dolore temporibus.',NULL,0,'2025-06-07 20:22:00','2025-06-26 20:49:46'),(570,71,17,NULL,'[\"https://via.placeholder.com/640x480.png/00ffdd?text=et\", \"https://www.sauer.com/fuga-dolores-doloremque-adipisci-aspernatur-provident-minima-qui-et/video.mp4\"]',1,'2025-06-03 00:14:55','2025-06-26 20:49:46'),(571,71,36,'Ab ratione enim nihil cum eveniet.','[\"https://via.placeholder.com/640x480.png/00cc77?text=eos\", \"https://wehner.com/qui-quibusdam-rem-voluptas-voluptas.html/video.mp4\"]',1,'2025-06-07 08:07:01','2025-06-26 20:49:46'),(572,71,17,NULL,'[\"https://via.placeholder.com/640x480.png/0033cc?text=nam\", \"http://weber.com/quia-perferendis-ducimus-eveniet-voluptatibus-cupiditate-ipsa-officiis.html/video.mp4\"]',1,'2025-06-11 06:42:11','2025-06-26 20:49:46'),(573,71,17,'Et consequatur laborum iusto id dolor.','[\"https://via.placeholder.com/640x480.png/0055aa?text=magni\", \"http://www.schroeder.com/odit-voluptas-deserunt-eveniet-repudiandae-voluptatem-sit-qui-sunt/video.mp4\"]',0,'2025-05-26 22:08:22','2025-06-26 20:49:46'),(574,71,36,NULL,'[\"https://via.placeholder.com/640x480.png/00cc55?text=porro\", \"http://pagac.biz/vel-et-quibusdam-ut-suscipit-eum-error/video.mp4\"]',0,'2025-06-23 16:18:20','2025-06-26 20:49:46'),(575,71,17,NULL,'[\"https://via.placeholder.com/640x480.png/00ffff?text=eos\", \"https://via.placeholder.com/640x480.png/0033dd?text=quia\"]',0,'2025-05-27 15:54:53','2025-06-26 20:49:46'),(576,72,21,'Illo sunt repellat voluptas aliquam enim quia.',NULL,1,'2025-05-27 23:25:15','2025-06-26 20:49:46'),(577,72,21,NULL,'[\"https://via.placeholder.com/640x480.png/00ccee?text=necessitatibus\"]',0,'2025-05-26 22:26:34','2025-06-26 20:49:46'),(578,72,21,'Fuga doloribus eos recusandae est aut vero sit.',NULL,0,'2025-06-15 18:22:35','2025-06-26 20:49:46'),(579,72,21,'Non sint aut in soluta quo maiores.','[\"https://via.placeholder.com/640x480.png/0088ee?text=ratione\", \"https://via.placeholder.com/640x480.png/003311?text=eligendi\"]',1,'2025-05-27 23:41:09','2025-06-26 20:49:46'),(580,72,13,'Itaque non eos quo optio labore.',NULL,0,'2025-06-17 21:33:04','2025-06-26 20:49:46'),(581,72,13,'Et quisquam tempore dolores qui quia mollitia tempora.',NULL,1,'2025-06-01 06:52:31','2025-06-26 20:49:46'),(582,72,21,'Officiis quia laboriosam est numquam non eum similique.','[\"https://via.placeholder.com/640x480.png/007799?text=amet\"]',1,'2025-06-17 02:25:40','2025-06-26 20:49:46'),(583,72,21,'Impedit perferendis est nostrum eligendi ut.','[\"https://via.placeholder.com/640x480.png/003377?text=non\", \"http://www.lesch.net/maiores-consequatur-cumque-consectetur-enim/video.mp4\"]',0,'2025-06-21 13:13:45','2025-06-26 20:49:46'),(584,72,13,NULL,'[\"https://via.placeholder.com/640x480.png/00ffcc?text=voluptatem\", \"https://www.steuber.com/voluptatum-et-laudantium-consequatur-et-perspiciatis-a-voluptate/video.mp4\"]',0,'2025-06-08 17:52:57','2025-06-26 20:49:46'),(585,72,21,NULL,'[\"https://via.placeholder.com/640x480.png/00ccbb?text=quo\", \"https://via.placeholder.com/640x480.png/00cc88?text=nemo\"]',1,'2025-06-12 09:00:11','2025-06-26 20:49:46'),(586,72,21,'Ipsam praesentium ratione amet quas aut.',NULL,0,'2025-05-29 15:58:25','2025-06-26 20:49:46'),(587,72,13,'Dolorum laborum porro quaerat sit dignissimos omnis.','[\"https://via.placeholder.com/640x480.png/007755?text=dolorem\", \"https://via.placeholder.com/640x480.png/006677?text=officiis\"]',0,'2025-06-02 09:41:02','2025-06-26 20:49:46'),(588,73,38,'Quo veritatis et possimus consectetur occaecati rerum odio.','[\"https://via.placeholder.com/640x480.png/00ff22?text=adipisci\"]',0,'2025-06-08 21:19:33','2025-06-26 20:49:46'),(589,73,38,'Ut similique aut qui eveniet sed maxime id.','[\"https://via.placeholder.com/640x480.png/001177?text=animi\", \"https://www.fahey.com/iste-esse-ut-blanditiis/video.mp4\"]',1,'2025-05-29 13:08:00','2025-06-26 20:49:46'),(590,73,2,'Vel quas accusantium accusantium corrupti.','[\"https://via.placeholder.com/640x480.png/004455?text=voluptatem\"]',0,'2025-06-10 00:49:42','2025-06-26 20:49:46'),(591,73,2,'Voluptas ad odio recusandae dolore.',NULL,1,'2025-06-02 19:56:53','2025-06-26 20:49:46'),(592,73,2,'Ratione accusantium perferendis et nemo cupiditate totam quisquam.',NULL,0,'2025-06-12 18:05:36','2025-06-26 20:49:46'),(593,73,2,NULL,'[\"https://via.placeholder.com/640x480.png/0077bb?text=consectetur\", \"https://via.placeholder.com/640x480.png/00aaff?text=similique\"]',1,'2025-06-21 01:46:49','2025-06-26 20:49:46'),(594,73,2,'Doloribus voluptatem sunt doloremque et.','[\"https://via.placeholder.com/640x480.png/00ddff?text=hic\", \"https://via.placeholder.com/640x480.png/00ccbb?text=deleniti\"]',1,'2025-06-20 06:21:23','2025-06-26 20:49:46'),(595,73,38,'Perferendis et dolore cum dolore et fuga et.','[\"https://via.placeholder.com/640x480.png/00ffcc?text=maiores\", \"https://via.placeholder.com/640x480.png/0011ee?text=harum\"]',0,'2025-06-17 17:43:54','2025-06-26 20:49:46'),(596,73,2,'Reiciendis et dolorem quos facere perspiciatis quam modi.',NULL,1,'2025-06-10 20:43:47','2025-06-26 20:49:46'),(597,73,2,'Distinctio voluptates voluptatem illo fugit deserunt reprehenderit blanditiis.',NULL,0,'2025-06-19 02:35:42','2025-06-26 20:49:46'),(598,73,38,'Exercitationem illum necessitatibus aut eveniet.','[\"https://via.placeholder.com/640x480.png/00dd33?text=nihil\", \"http://harvey.net/voluptas-qui-ratione-consectetur-aliquam/video.mp4\"]',0,'2025-06-03 06:57:48','2025-06-26 20:49:46'),(599,74,25,'Earum sunt cumque sint reprehenderit nisi.',NULL,1,'2025-05-30 15:44:14','2025-06-26 20:49:46'),(600,74,39,'Tenetur porro consectetur aut dignissimos aspernatur aut consequatur.',NULL,0,'2025-05-27 02:03:22','2025-06-26 20:49:46'),(601,74,39,NULL,'[\"https://via.placeholder.com/640x480.png/00aa22?text=ea\", \"https://via.placeholder.com/640x480.png/00eeee?text=reprehenderit\"]',1,'2025-06-16 06:55:31','2025-06-26 20:49:46'),(602,74,25,'Debitis iusto fugiat quis magnam.','[\"https://via.placeholder.com/640x480.png/004411?text=quas\", \"https://via.placeholder.com/640x480.png/002233?text=temporibus\"]',1,'2025-06-22 07:46:05','2025-06-26 20:49:46'),(603,74,25,'Eligendi sed libero qui suscipit quis.',NULL,1,'2025-06-26 15:17:04','2025-06-26 20:49:46'),(604,74,25,'Minima consequuntur est perferendis dolor commodi.',NULL,0,'2025-06-11 07:15:13','2025-06-26 20:49:46'),(605,74,39,'Est et dolor eveniet architecto dolorem dolor accusantium aperiam.',NULL,0,'2025-06-13 16:45:56','2025-06-26 20:49:46'),(606,75,22,'Nesciunt molestiae et tempore fuga quidem dolorem occaecati.','[\"https://via.placeholder.com/640x480.png/00bb00?text=dolorem\"]',1,'2025-05-29 14:15:43','2025-06-26 20:49:46'),(607,75,1,'Aperiam facilis quo quaerat quas non recusandae.','[\"https://via.placeholder.com/640x480.png/00bbff?text=possimus\", \"https://via.placeholder.com/640x480.png/00eebb?text=voluptatem\"]',1,'2025-06-16 00:15:25','2025-06-26 20:49:46'),(608,75,1,'Aut quia non doloremque inventore.',NULL,1,'2025-06-25 18:15:44','2025-06-26 20:49:46'),(609,75,22,'Tenetur cupiditate deleniti incidunt explicabo nihil.','[\"https://via.placeholder.com/640x480.png/004499?text=sint\", \"https://via.placeholder.com/640x480.png/00dd55?text=doloribus\"]',1,'2025-06-13 12:28:12','2025-06-26 20:49:46'),(610,75,1,NULL,'[\"https://via.placeholder.com/640x480.png/00ffbb?text=amet\", \"http://lang.org/voluptatem-rerum-magnam-sunt-officia-voluptates-est-ea.html/video.mp4\"]',1,'2025-06-20 01:50:39','2025-06-26 20:49:46'),(611,75,1,NULL,'[\"https://via.placeholder.com/640x480.png/003399?text=adipisci\", \"https://via.placeholder.com/640x480.png/00dd66?text=eum\"]',1,'2025-06-14 22:09:15','2025-06-26 20:49:46'),(612,75,22,'Non voluptas nihil ex consectetur.','[\"https://via.placeholder.com/640x480.png/006600?text=ipsa\", \"http://effertz.com/rerum-et-hic-molestias-voluptatum-ipsa-impedit-at/video.mp4\"]',1,'2025-06-07 10:51:32','2025-06-26 20:49:46'),(613,75,22,'Quibusdam ad saepe facere cum.',NULL,1,'2025-06-24 17:19:29','2025-06-26 20:49:46'),(614,75,22,'Voluptatem similique et pariatur necessitatibus dolorem commodi.','[\"https://via.placeholder.com/640x480.png/006677?text=ut\", \"https://kirlin.com/adipisci-id-eos-et-voluptatum-debitis-iusto.html/video.mp4\"]',1,'2025-06-24 00:52:13','2025-06-26 20:49:46'),(615,75,22,'Autem expedita et fugit quae rerum soluta.',NULL,0,'2025-06-03 10:46:49','2025-06-26 20:49:46'),(616,75,1,'Soluta sed molestias dolor suscipit accusamus.','[\"https://via.placeholder.com/640x480.png/0077cc?text=quia\", \"https://via.placeholder.com/640x480.png/00aa44?text=ea\"]',0,'2025-05-29 18:19:30','2025-06-26 20:49:46'),(617,75,22,'Temporibus voluptatem fugit quae.','[\"https://via.placeholder.com/640x480.png/00dd77?text=minus\", \"http://anderson.com//video.mp4\"]',0,'2025-06-26 02:56:33','2025-06-26 20:49:46'),(618,76,33,'Voluptatem ipsam sit atque reprehenderit qui veniam itaque.',NULL,0,'2025-05-27 14:28:47','2025-06-26 20:49:46'),(619,76,33,'Repellendus perferendis et sequi.',NULL,1,'2025-06-10 14:20:01','2025-06-26 20:49:46'),(620,76,33,NULL,'[\"https://via.placeholder.com/640x480.png/000066?text=vel\"]',0,'2025-06-22 21:58:01','2025-06-26 20:49:46'),(621,76,33,'Vel in libero reprehenderit culpa quia ex.',NULL,0,'2025-06-14 21:58:16','2025-06-26 20:49:46'),(622,76,33,NULL,'[\"https://via.placeholder.com/640x480.png/002244?text=sit\", \"https://www.gerhold.biz/fugiat-enim-quis-libero-minus-possimus-incidunt-error/video.mp4\"]',0,'2025-06-02 18:43:59','2025-06-26 20:49:46'),(623,76,4,NULL,'[\"https://via.placeholder.com/640x480.png/0099ee?text=adipisci\", \"https://via.placeholder.com/640x480.png/0044bb?text=doloribus\"]',0,'2025-06-14 05:14:23','2025-06-26 20:49:46'),(624,76,33,'Et quos dolore quia aut eum.',NULL,1,'2025-06-15 17:19:00','2025-06-26 20:49:46'),(625,76,33,'Explicabo adipisci voluptates et suscipit similique consectetur et.',NULL,1,'2025-06-09 21:11:29','2025-06-26 20:49:46'),(626,77,39,'Occaecati ipsum velit voluptatum explicabo laborum optio.',NULL,0,'2025-06-19 05:37:58','2025-06-26 20:49:46'),(627,77,39,NULL,'[\"https://via.placeholder.com/640x480.png/00bb55?text=velit\", \"https://via.placeholder.com/640x480.png/0088aa?text=molestiae\"]',1,'2025-06-02 09:07:55','2025-06-26 20:49:46'),(628,77,39,'Necessitatibus voluptatem explicabo autem molestiae.',NULL,1,'2025-05-28 08:01:51','2025-06-26 20:49:46'),(629,77,39,'Tempora quaerat ex doloribus.','[\"https://via.placeholder.com/640x480.png/001100?text=et\", \"http://haley.info/dolor-porro-voluptas-quas-mollitia/video.mp4\"]',1,'2025-06-04 01:05:52','2025-06-26 20:49:46'),(630,77,2,'Ipsa inventore omnis illum ipsum dolor occaecati.',NULL,1,'2025-05-30 11:15:47','2025-06-26 20:49:46'),(631,77,39,NULL,'[\"https://via.placeholder.com/640x480.png/0077aa?text=officia\", \"https://www.deckow.com/et-architecto-nisi-suscipit-aut-debitis-iure-commodi/video.mp4\"]',0,'2025-06-04 06:50:13','2025-06-26 20:49:46'),(632,77,2,'Unde quos maiores qui fugit est reiciendis voluptas.',NULL,1,'2025-06-18 09:19:53','2025-06-26 20:49:46'),(633,77,2,'Eos est maiores in harum earum.','[\"https://via.placeholder.com/640x480.png/00ddaa?text=quia\", \"https://via.placeholder.com/640x480.png/00aa22?text=et\"]',1,'2025-06-17 01:56:47','2025-06-26 20:49:46'),(634,77,39,NULL,'[\"https://via.placeholder.com/640x480.png/003322?text=maxime\"]',1,'2025-05-29 08:54:25','2025-06-26 20:49:46'),(635,77,39,'Perferendis voluptas qui magnam architecto.',NULL,1,'2025-06-01 01:44:18','2025-06-26 20:49:46'),(636,77,39,'Et qui molestias et dolor consectetur.',NULL,1,'2025-05-28 15:34:27','2025-06-26 20:49:46'),(637,77,39,'Aut voluptatem pariatur repellendus voluptatem.',NULL,1,'2025-06-25 06:57:10','2025-06-26 20:49:46'),(638,78,35,'Harum nostrum unde voluptas ut sed nihil.',NULL,0,'2025-06-07 04:33:52','2025-06-26 20:49:46'),(639,78,23,'Quidem debitis atque et sapiente et.','[\"https://via.placeholder.com/640x480.png/0022bb?text=sequi\", \"http://www.streich.info/aut-fugit-in-asperiores-dolorum-vel-molestias/video.mp4\"]',0,'2025-06-17 07:27:40','2025-06-26 20:49:46'),(640,78,23,NULL,'[\"https://via.placeholder.com/640x480.png/00dd88?text=enim\", \"https://via.placeholder.com/640x480.png/006699?text=corrupti\"]',0,'2025-06-05 21:12:40','2025-06-26 20:49:46'),(641,78,23,'Cumque et repellat nihil a quia.',NULL,0,'2025-05-26 21:34:50','2025-06-26 20:49:46'),(642,78,35,'Corporis consequuntur corporis amet aut enim eos.','[\"https://via.placeholder.com/640x480.png/007700?text=recusandae\", \"http://stracke.com/voluptates-molestiae-doloribus-dolor-omnis-dolores-illum.html/video.mp4\"]',1,'2025-06-07 10:01:34','2025-06-26 20:49:46'),(643,78,23,NULL,'[\"https://via.placeholder.com/640x480.png/002266?text=maxime\"]',1,'2025-06-03 22:48:07','2025-06-26 20:49:46'),(644,78,35,NULL,'[\"https://via.placeholder.com/640x480.png/0088aa?text=quae\", \"https://via.placeholder.com/640x480.png/00aaee?text=ratione\"]',0,'2025-06-24 04:20:10','2025-06-26 20:49:46'),(645,78,23,'Sint repudiandae eligendi nihil ipsam dolore rerum.',NULL,1,'2025-06-02 17:33:29','2025-06-26 20:49:46'),(646,78,35,'Id enim est rerum.',NULL,1,'2025-06-11 05:38:13','2025-06-26 20:49:46'),(647,78,35,NULL,'[\"https://via.placeholder.com/640x480.png/0022cc?text=eaque\", \"https://www.gusikowski.com/accusantium-est-in-expedita-sed-et/video.mp4\"]',1,'2025-06-21 23:57:34','2025-06-26 20:49:46'),(648,79,21,'Sunt quidem molestiae omnis explicabo voluptatibus exercitationem.',NULL,0,'2025-06-01 22:40:18','2025-06-26 20:49:46'),(649,79,18,'Magni culpa et qui unde voluptatem.',NULL,1,'2025-06-01 12:57:13','2025-06-26 20:49:46'),(650,79,21,NULL,'[\"https://via.placeholder.com/640x480.png/00bbee?text=earum\", \"https://www.hansen.com/dolorum-nesciunt-aperiam-quos-eaque-reprehenderit/video.mp4\"]',0,'2025-05-31 16:55:44','2025-06-26 20:49:46'),(651,79,21,'In commodi voluptatem et nesciunt qui.','[\"https://via.placeholder.com/640x480.png/001199?text=exercitationem\", \"https://via.placeholder.com/640x480.png/0088ff?text=dolorem\"]',0,'2025-06-11 04:43:38','2025-06-26 20:49:46'),(652,79,21,'Quod praesentium autem quo est hic iste qui.',NULL,0,'2025-06-11 15:09:49','2025-06-26 20:49:46'),(653,79,21,'Officiis recusandae ex suscipit fugiat voluptatem.',NULL,1,'2025-06-22 23:53:23','2025-06-26 20:49:46'),(654,80,35,'Assumenda quibusdam molestiae sed omnis dolorem.','[\"https://via.placeholder.com/640x480.png/00ff22?text=nam\"]',1,'2025-06-05 08:22:45','2025-06-26 20:49:46'),(655,80,18,'Nemo et debitis nobis quis quaerat enim.','[\"https://via.placeholder.com/640x480.png/009977?text=corporis\", \"https://via.placeholder.com/640x480.png/009966?text=consequatur\"]',1,'2025-06-02 11:12:10','2025-06-26 20:49:46'),(656,80,35,'Ducimus sit aspernatur aut doloremque optio.',NULL,0,'2025-06-14 06:29:11','2025-06-26 20:49:46'),(657,80,35,NULL,'[\"https://via.placeholder.com/640x480.png/007711?text=ratione\", \"https://via.placeholder.com/640x480.png/007744?text=deleniti\"]',0,'2025-06-19 05:59:13','2025-06-26 20:49:46'),(658,80,18,'Natus id a autem delectus autem.','[\"https://via.placeholder.com/640x480.png/00bbee?text=ullam\", \"https://www.jacobi.com/odit-non-totam-debitis-perspiciatis-delectus-ut/video.mp4\"]',1,'2025-06-04 06:59:46','2025-06-26 20:49:46'),(659,80,35,'Est tempore modi alias quis rerum omnis.',NULL,0,'2025-06-25 20:15:00','2025-06-26 20:49:46'),(660,80,35,'Sint minima doloribus sit magni.',NULL,0,'2025-06-06 17:31:21','2025-06-26 20:49:46'),(661,80,18,'Aut praesentium voluptatem expedita voluptas distinctio eius eveniet.',NULL,1,'2025-06-13 05:52:56','2025-06-26 20:49:46'),(662,80,18,NULL,'[\"https://via.placeholder.com/640x480.png/0022aa?text=facere\"]',1,'2025-06-09 07:11:05','2025-06-26 20:49:46'),(663,80,18,'Voluptatem aperiam repellat voluptatibus sed quia neque fuga.',NULL,0,'2025-06-16 23:12:59','2025-06-26 20:49:46'),(664,80,18,'Ea dolor tempora dolorem quod.',NULL,1,'2025-06-25 04:07:50','2025-06-26 20:49:46'),(665,80,18,NULL,'[\"https://via.placeholder.com/640x480.png/005588?text=debitis\"]',0,'2025-06-16 19:53:31','2025-06-26 20:49:46'),(666,81,39,NULL,'[\"https://via.placeholder.com/640x480.png/00cc00?text=saepe\", \"http://www.larkin.com/et-dolor-autem-maxime-voluptatem-aut/video.mp4\"]',0,'2025-06-10 03:59:38','2025-06-26 20:49:47'),(667,81,39,'Optio magnam fugit est sint nostrum.','[\"https://via.placeholder.com/640x480.png/00ee44?text=et\"]',0,'2025-06-09 14:06:58','2025-06-26 20:49:47'),(668,81,22,'Sed est dolorem velit pariatur quo dolor.',NULL,0,'2025-06-18 04:33:24','2025-06-26 20:49:47'),(669,81,22,'Et odio laudantium dolorum.',NULL,0,'2025-06-07 22:48:16','2025-06-26 20:49:47'),(670,81,39,'Voluptatem expedita dolores architecto voluptatem nisi doloremque nemo.','[\"https://via.placeholder.com/640x480.png/0011dd?text=cumque\", \"http://prohaska.net/unde-minus-reprehenderit-perferendis-non/video.mp4\"]',1,'2025-06-08 14:17:42','2025-06-26 20:49:47'),(671,81,22,'Harum dolorem aut reprehenderit aspernatur nobis.',NULL,0,'2025-06-25 08:03:20','2025-06-26 20:49:47'),(672,82,17,'Optio molestiae ex aut velit fuga occaecati.',NULL,1,'2025-05-30 08:38:24','2025-06-26 20:49:47'),(673,82,7,'Aut esse quam corrupti soluta.','[\"https://via.placeholder.com/640x480.png/0077aa?text=sint\", \"http://zulauf.net/vitae-eius-et-non-similique-ea-veritatis-eius.html/video.mp4\"]',0,'2025-06-14 16:45:13','2025-06-26 20:49:47'),(674,82,7,NULL,'[\"https://via.placeholder.com/640x480.png/000022?text=necessitatibus\", \"http://stanton.com//video.mp4\"]',1,'2025-06-22 16:47:38','2025-06-26 20:49:47'),(675,82,7,'Ut facere sunt praesentium aut.','[\"https://via.placeholder.com/640x480.png/00ddbb?text=vel\"]',0,'2025-06-10 17:56:44','2025-06-26 20:49:47'),(676,82,17,'Illum nisi in pariatur dignissimos numquam quia.','[\"https://via.placeholder.com/640x480.png/002211?text=unde\", \"https://via.placeholder.com/640x480.png/00bb11?text=non\"]',0,'2025-06-10 06:10:41','2025-06-26 20:49:47'),(677,82,7,'Reiciendis iusto eum quod.','[\"https://via.placeholder.com/640x480.png/0066bb?text=fugit\", \"http://wehner.com/in-quaerat-eum-quod-ut-non-aperiam/video.mp4\"]',1,'2025-06-11 09:05:56','2025-06-26 20:49:47'),(678,82,17,'Aut commodi quis dolor autem et vel in.','[\"https://via.placeholder.com/640x480.png/008877?text=eum\"]',1,'2025-05-27 11:38:18','2025-06-26 20:49:47'),(679,82,7,'Atque molestiae eveniet consequatur vel qui.',NULL,0,'2025-06-26 13:28:55','2025-06-26 20:49:47'),(680,82,17,'Est quis molestiae sequi earum non animi.',NULL,0,'2025-06-14 12:39:54','2025-06-26 20:49:47'),(681,82,7,NULL,'[\"https://via.placeholder.com/640x480.png/00bb66?text=deserunt\"]',0,'2025-06-02 15:44:09','2025-06-26 20:49:47'),(682,83,20,NULL,'[\"https://via.placeholder.com/640x480.png/0099bb?text=repudiandae\", \"https://via.placeholder.com/640x480.png/002211?text=odit\"]',1,'2025-06-15 14:46:32','2025-06-26 20:49:47'),(683,83,20,'Deserunt voluptas animi autem porro qui et nihil.','[\"https://via.placeholder.com/640x480.png/00bb88?text=amet\", \"https://via.placeholder.com/640x480.png/0055bb?text=similique\"]',1,'2025-06-06 16:22:36','2025-06-26 20:49:47'),(684,83,20,'Nihil sed ab est vel veniam.',NULL,0,'2025-06-22 03:31:09','2025-06-26 20:49:47'),(685,83,20,'Omnis ut non optio quo consequatur.',NULL,1,'2025-06-13 06:13:22','2025-06-26 20:49:47'),(686,83,20,'Fugiat alias ipsam enim.',NULL,0,'2025-06-26 03:54:00','2025-06-26 20:49:47'),(687,83,20,'Quis libero quaerat corrupti est.',NULL,1,'2025-05-31 21:40:15','2025-06-26 20:49:47'),(688,83,30,'Ipsum et repudiandae enim voluptas consequatur exercitationem asperiores.',NULL,1,'2025-06-21 21:12:06','2025-06-26 20:49:47'),(689,83,30,'Et totam veniam repudiandae saepe voluptatem laudantium.','[\"https://via.placeholder.com/640x480.png/003366?text=distinctio\", \"https://via.placeholder.com/640x480.png/0088ff?text=iste\"]',0,'2025-06-12 21:42:26','2025-06-26 20:49:47'),(690,84,6,'Recusandae qui dicta est inventore.',NULL,1,'2025-06-09 15:44:27','2025-06-26 20:49:47'),(691,84,6,NULL,'[\"https://via.placeholder.com/640x480.png/0099bb?text=voluptates\", \"http://www.willms.info/amet-quia-rerum-aut.html/video.mp4\"]',0,'2025-06-07 20:13:57','2025-06-26 20:49:47'),(692,84,34,'Molestias voluptatibus vero aut consectetur et numquam placeat.','[\"https://via.placeholder.com/640x480.png/0022aa?text=porro\", \"http://kulas.org//video.mp4\"]',0,'2025-05-28 23:13:37','2025-06-26 20:49:47'),(693,84,6,'Veritatis autem sit doloremque nisi ut sed.',NULL,0,'2025-05-31 12:50:10','2025-06-26 20:49:47'),(694,84,34,'Consectetur ut ipsa repudiandae vel.',NULL,1,'2025-05-27 21:23:26','2025-06-26 20:49:47'),(695,84,6,NULL,'[\"https://via.placeholder.com/640x480.png/008855?text=et\", \"https://via.placeholder.com/640x480.png/008844?text=vel\"]',1,'2025-06-14 16:29:03','2025-06-26 20:49:47'),(696,84,6,'Incidunt ab omnis dolor nisi voluptate et.',NULL,1,'2025-06-22 19:03:17','2025-06-26 20:49:47'),(697,85,2,'Numquam ratione voluptatem amet ut dolor ipsa.',NULL,1,'2025-06-10 00:52:20','2025-06-26 20:49:47'),(698,85,31,NULL,'[\"https://via.placeholder.com/640x480.png/00ee88?text=ut\"]',1,'2025-06-26 04:51:24','2025-06-26 20:49:47'),(699,85,2,'Labore laboriosam quasi aut provident ex.','[\"https://via.placeholder.com/640x480.png/006633?text=sint\", \"https://via.placeholder.com/640x480.png/00bb44?text=alias\"]',1,'2025-06-23 05:12:33','2025-06-26 20:49:47'),(700,85,2,'Dolores id molestiae consequatur ea dolore.','[\"https://via.placeholder.com/640x480.png/00dd22?text=eos\", \"http://www.schroeder.org/et-laborum-reiciendis-quis-reiciendis-odit-et-vel/video.mp4\"]',1,'2025-05-27 09:30:34','2025-06-26 20:49:47'),(701,85,31,'Illum soluta voluptatem ut vitae accusamus.',NULL,0,'2025-06-07 16:56:21','2025-06-26 20:49:47'),(702,85,31,NULL,'[\"https://via.placeholder.com/640x480.png/006688?text=culpa\", \"https://via.placeholder.com/640x480.png/00cc44?text=eum\"]',0,'2025-06-26 05:04:04','2025-06-26 20:49:47'),(703,85,2,'Autem qui minima incidunt.',NULL,1,'2025-06-01 23:04:05','2025-06-26 20:49:47'),(704,85,2,'Sit aut impedit aliquam et iste repellat ut.',NULL,1,'2025-06-19 14:19:21','2025-06-26 20:49:47'),(705,85,2,'Est est sed a eos repudiandae.','[\"https://via.placeholder.com/640x480.png/008877?text=aut\", \"http://kuphal.com/fugiat-accusantium-perferendis-et/video.mp4\"]',1,'2025-06-17 03:20:24','2025-06-26 20:49:47'),(706,85,2,NULL,'[\"https://via.placeholder.com/640x480.png/008800?text=eveniet\"]',1,'2025-05-29 16:55:27','2025-06-26 20:49:47'),(707,86,12,NULL,'[\"https://via.placeholder.com/640x480.png/009999?text=magni\"]',0,'2025-06-06 12:57:18','2025-06-26 20:49:47'),(708,86,12,NULL,'[\"https://via.placeholder.com/640x480.png/00ee99?text=iste\"]',0,'2025-06-13 14:36:12','2025-06-26 20:49:47'),(709,86,12,NULL,'[\"https://via.placeholder.com/640x480.png/0000bb?text=voluptatem\", \"https://www.predovic.com/nemo-fuga-rem-dolore-eum-voluptatem/video.mp4\"]',1,'2025-06-23 18:58:36','2025-06-26 20:49:47'),(710,86,15,NULL,'[\"https://via.placeholder.com/640x480.png/008866?text=sit\", \"https://via.placeholder.com/640x480.png/00bb77?text=odit\"]',1,'2025-06-17 14:09:57','2025-06-26 20:49:47'),(711,86,12,'Quis numquam cum maiores voluptas.',NULL,0,'2025-06-05 21:37:10','2025-06-26 20:49:47'),(712,87,12,'Eius molestiae debitis atque labore nihil tenetur praesentium laudantium.','[\"https://via.placeholder.com/640x480.png/009922?text=culpa\"]',0,'2025-06-17 05:00:04','2025-06-26 20:49:47'),(713,87,12,NULL,'[\"https://via.placeholder.com/640x480.png/004400?text=et\", \"https://via.placeholder.com/640x480.png/00cc55?text=autem\"]',0,'2025-06-14 11:35:02','2025-06-26 20:49:47'),(714,87,12,'Rem assumenda fugiat reprehenderit similique ipsa saepe.',NULL,0,'2025-06-23 10:33:40','2025-06-26 20:49:47'),(715,87,24,NULL,'[\"https://via.placeholder.com/640x480.png/008822?text=non\", \"https://via.placeholder.com/640x480.png/008899?text=aliquid\"]',0,'2025-06-24 20:21:54','2025-06-26 20:49:47'),(716,87,12,NULL,'[\"https://via.placeholder.com/640x480.png/00aa22?text=deleniti\", \"http://wiegand.com/vel-est-veniam-totam-voluptatem/video.mp4\"]',0,'2025-05-28 05:38:15','2025-06-26 20:49:47'),(717,87,24,NULL,'[\"https://via.placeholder.com/640x480.png/00ee22?text=quo\", \"https://konopelski.info/quod-in-nihil-ipsam-aut-id-est-et-dolorum.html/video.mp4\"]',1,'2025-06-24 10:02:39','2025-06-26 20:49:47'),(718,87,24,'Temporibus maiores sed non ad veniam cupiditate tenetur.',NULL,1,'2025-06-12 11:32:22','2025-06-26 20:49:47'),(719,87,12,'Dignissimos fugit enim adipisci et enim voluptas rem rerum.','[\"https://via.placeholder.com/640x480.png/005511?text=ea\", \"http://robel.com//video.mp4\"]',0,'2025-06-09 03:20:32','2025-06-26 20:49:47'),(720,87,24,'Recusandae maiores totam aut quaerat.','[\"https://via.placeholder.com/640x480.png/0022cc?text=voluptate\"]',0,'2025-06-08 19:25:25','2025-06-26 20:49:47'),(721,88,9,'Non sapiente distinctio optio ex provident.',NULL,0,'2025-06-01 03:23:43','2025-06-26 20:49:47'),(722,88,34,'Ad aut ea non sit quos consectetur atque.','[\"https://via.placeholder.com/640x480.png/00bb11?text=facilis\", \"http://www.barton.com/aut-harum-quia-vel-corporis-assumenda-nesciunt/video.mp4\"]',0,'2025-06-21 15:48:02','2025-06-26 20:49:47'),(723,88,34,'Explicabo odit rerum voluptas aut tempora et.',NULL,0,'2025-05-28 16:24:30','2025-06-26 20:49:47'),(724,88,34,'Quod et blanditiis consequatur incidunt quo laborum quae rem.',NULL,0,'2025-06-18 02:34:06','2025-06-26 20:49:47'),(725,88,9,'Voluptatem optio ea omnis.','[\"https://via.placeholder.com/640x480.png/00ffcc?text=autem\", \"https://via.placeholder.com/640x480.png/0011aa?text=quasi\"]',0,'2025-06-13 11:26:07','2025-06-26 20:49:47'),(726,88,9,NULL,'[\"https://via.placeholder.com/640x480.png/00aa55?text=et\", \"http://www.hilpert.biz/aut-excepturi-dolorum-velit-fuga/video.mp4\"]',1,'2025-06-04 10:31:29','2025-06-26 20:49:47'),(727,88,34,'Hic commodi animi nostrum omnis maiores veniam ut.','[\"https://via.placeholder.com/640x480.png/0088cc?text=inventore\", \"http://johnson.net/minus-ut-rerum-rerum-in-distinctio-quia-accusamus-et.html/video.mp4\"]',0,'2025-06-20 22:41:30','2025-06-26 20:49:47'),(728,88,34,'Cumque et vitae dolor vel omnis sit.','[\"https://via.placeholder.com/640x480.png/000033?text=ea\", \"https://via.placeholder.com/640x480.png/00bb11?text=corporis\"]',0,'2025-06-17 22:39:43','2025-06-26 20:49:47'),(729,88,34,NULL,'[\"https://via.placeholder.com/640x480.png/004411?text=nobis\", \"https://via.placeholder.com/640x480.png/00dd22?text=dolorum\"]',1,'2025-06-01 19:30:08','2025-06-26 20:49:47'),(730,88,9,NULL,'[\"https://via.placeholder.com/640x480.png/0055aa?text=vitae\", \"https://via.placeholder.com/640x480.png/00ee99?text=pariatur\"]',1,'2025-06-06 07:00:32','2025-06-26 20:49:47'),(731,88,34,'Maxime quasi eveniet saepe est autem.','[\"https://via.placeholder.com/640x480.png/00ff99?text=repellat\", \"https://via.placeholder.com/640x480.png/0000ff?text=et\"]',0,'2025-06-09 15:30:32','2025-06-26 20:49:47'),(732,89,40,'Voluptatem provident corrupti voluptates corrupti.','[\"https://via.placeholder.com/640x480.png/00ccee?text=blanditiis\", \"http://reynolds.com//video.mp4\"]',0,'2025-06-26 15:55:53','2025-06-26 20:49:47'),(733,89,30,'Totam reiciendis dolores quam molestiae.',NULL,1,'2025-06-01 01:43:59','2025-06-26 20:49:47'),(734,89,30,'Dolores dolores dolores esse quisquam est rem velit saepe.',NULL,1,'2025-06-22 18:56:11','2025-06-26 20:49:47'),(735,89,30,NULL,'[\"https://via.placeholder.com/640x480.png/00bb00?text=id\"]',0,'2025-06-04 16:39:30','2025-06-26 20:49:47'),(736,89,40,'Natus autem velit praesentium.',NULL,1,'2025-06-16 14:10:31','2025-06-26 20:49:47'),(737,89,40,'Mollitia omnis est impedit architecto eos temporibus excepturi.','[\"https://via.placeholder.com/640x480.png/009922?text=sit\", \"https://via.placeholder.com/640x480.png/0099aa?text=ea\"]',0,'2025-06-19 14:40:14','2025-06-26 20:49:47'),(738,89,40,NULL,'[\"https://via.placeholder.com/640x480.png/00cc00?text=ut\"]',0,'2025-05-30 23:40:16','2025-06-26 20:49:47'),(739,89,40,'Sit nesciunt occaecati et ut quidem.','[\"https://via.placeholder.com/640x480.png/007755?text=voluptatibus\", \"https://via.placeholder.com/640x480.png/00ff88?text=labore\"]',1,'2025-06-07 22:43:04','2025-06-26 20:49:47'),(740,89,30,'Rerum est unde quo quae et quisquam.',NULL,0,'2025-06-24 19:20:15','2025-06-26 20:49:47'),(741,89,40,NULL,'[\"https://via.placeholder.com/640x480.png/0044dd?text=asperiores\", \"http://www.feest.biz//video.mp4\"]',1,'2025-06-13 18:19:50','2025-06-26 20:49:47'),(742,89,40,'Sint recusandae id error numquam vero minima.',NULL,0,'2025-06-16 00:14:19','2025-06-26 20:49:47'),(743,89,30,'Velit ea aut qui recusandae aliquam veniam eos ut.','[\"https://via.placeholder.com/640x480.png/00aabb?text=autem\", \"https://via.placeholder.com/640x480.png/00aa33?text=doloribus\"]',0,'2025-06-12 03:05:58','2025-06-26 20:49:47'),(744,90,20,NULL,'[\"https://via.placeholder.com/640x480.png/00ddcc?text=et\"]',0,'2025-06-19 23:40:59','2025-06-26 20:49:47'),(745,90,36,'Aperiam qui ab iste ipsa odio praesentium.',NULL,1,'2025-06-15 09:25:46','2025-06-26 20:49:47'),(746,90,20,'Eum earum dolore sint non quam illum.',NULL,1,'2025-06-03 18:38:42','2025-06-26 20:49:47'),(747,90,36,NULL,'[\"https://via.placeholder.com/640x480.png/009977?text=rerum\", \"https://via.placeholder.com/640x480.png/00dd44?text=tempore\"]',0,'2025-06-15 18:01:39','2025-06-26 20:49:47'),(748,90,36,'Provident temporibus aut ut et eius.','[\"https://via.placeholder.com/640x480.png/0077bb?text=soluta\", \"http://robel.com/recusandae-neque-velit-fuga-eum-ea-at-reprehenderit-error/video.mp4\"]',1,'2025-06-19 19:47:38','2025-06-26 20:49:47'),(749,90,36,NULL,'[\"https://via.placeholder.com/640x480.png/00bb88?text=et\"]',0,'2025-06-12 21:00:04','2025-06-26 20:49:47'),(750,90,20,NULL,'[\"https://via.placeholder.com/640x480.png/004422?text=et\"]',1,'2025-06-13 19:04:26','2025-06-26 20:49:47'),(751,91,30,'Voluptas placeat quia aut ut debitis eos quasi.',NULL,0,'2025-06-10 19:04:08','2025-06-26 20:49:47'),(752,91,30,'Nulla natus deserunt minima fugiat assumenda harum.',NULL,1,'2025-05-28 13:56:06','2025-06-26 20:49:47'),(753,91,26,'Ratione voluptas ipsam inventore molestiae aliquam.',NULL,1,'2025-06-19 11:37:09','2025-06-26 20:49:47'),(754,91,26,NULL,'[\"https://via.placeholder.com/640x480.png/0099cc?text=quam\", \"https://via.placeholder.com/640x480.png/0044ee?text=nisi\"]',0,'2025-06-04 21:49:25','2025-06-26 20:49:47'),(755,91,26,'Nobis ducimus saepe quisquam ut cumque.','[\"https://via.placeholder.com/640x480.png/00aacc?text=ducimus\", \"https://via.placeholder.com/640x480.png/009944?text=fugit\"]',1,'2025-06-14 02:54:36','2025-06-26 20:49:47'),(756,91,26,'Ullam delectus est aliquam quos.',NULL,0,'2025-06-08 14:22:49','2025-06-26 20:49:47'),(757,91,26,'Itaque deleniti nesciunt occaecati et.','[\"https://via.placeholder.com/640x480.png/007711?text=animi\", \"https://www.aufderhar.org/qui-facere-debitis-quas-aliquam-architecto-libero-quisquam-fugiat/video.mp4\"]',1,'2025-06-19 15:02:39','2025-06-26 20:49:47'),(758,91,30,'Voluptatum temporibus voluptatibus quos.','[\"https://via.placeholder.com/640x480.png/0055bb?text=et\", \"http://www.yundt.info/officia-est-soluta-libero-sint-perferendis/video.mp4\"]',0,'2025-06-06 12:46:39','2025-06-26 20:49:47'),(759,92,15,'Non architecto rem reprehenderit earum consequatur incidunt voluptatem.','[\"https://via.placeholder.com/640x480.png/00cc88?text=excepturi\", \"https://via.placeholder.com/640x480.png/008888?text=nobis\"]',1,'2025-06-09 10:44:18','2025-06-26 20:49:47'),(760,92,37,NULL,'[\"https://via.placeholder.com/640x480.png/000033?text=dolor\"]',0,'2025-06-09 16:00:58','2025-06-26 20:49:47'),(761,92,37,'Asperiores ab voluptatum aut quibusdam labore rerum.',NULL,1,'2025-06-08 21:19:02','2025-06-26 20:49:47'),(762,92,37,'Porro itaque corrupti aut aut quia ut.',NULL,0,'2025-06-11 06:12:11','2025-06-26 20:49:47'),(763,92,37,'Quo aut nesciunt expedita culpa dolor.',NULL,0,'2025-06-02 03:27:12','2025-06-26 20:49:47');
/*!40000 ALTER TABLE `messages` ENABLE KEYS */;
UNLOCK TABLES;

--
-- Table structure for table `migrations`
--

DROP TABLE IF EXISTS `migrations`;
/*!40101 SET @saved_cs_client     = @@character_set_client */;
/*!50503 SET character_set_client = utf8mb4 */;
CREATE TABLE `migrations` (
  `id` int unsigned NOT NULL AUTO_INCREMENT,
  `migration` varchar(255) COLLATE utf8mb4_unicode_ci NOT NULL,
  `batch` int NOT NULL,
  PRIMARY KEY (`id`)
) ENGINE=InnoDB AUTO_INCREMENT=18 DEFAULT CHARSET=utf8mb4 COLLATE=utf8mb4_unicode_ci;
/*!40101 SET character_set_client = @saved_cs_client */;

--
-- Dumping data for table `migrations`
--

LOCK TABLES `migrations` WRITE;
/*!40000 ALTER TABLE `migrations` DISABLE KEYS */;
INSERT INTO `migrations` VALUES (1,'0001_01_01_000000_create_users_table',1),(2,'0001_01_01_000001_create_cache_table',1),(3,'0001_01_01_000002_create_jobs_table',1),(4,'2025_06_01_131337_create_performers_table',1),(5,'2025_06_02_064049_create_posts_table',1),(6,'2025_06_02_071816_create_post_prices_table',1),(7,'2025_06_02_082042_create_following_users_table',1),(8,'2025_06_02_090002_create_post_likes_table',1),(9,'2025_06_02_100412_create_post_comments_table',1),(10,'2025_06_02_100631_create_comment_likes_table',1),(11,'2025_06_02_102958_create_conversations_table',1),(12,'2025_06_02_103011_create_messages_table',1),(13,'2025_06_02_112631_create_stories_table',1),(14,'2025_06_02_115028_create_story_views_table',1),(15,'2025_06_18_134138_create_favorites_table',1),(16,'2025_06_18_134610_create_videos_table',1),(17,'2025_06_24_072412_create_media_table',1);
/*!40000 ALTER TABLE `migrations` ENABLE KEYS */;
UNLOCK TABLES;

--
-- Table structure for table `password_reset_tokens`
--

DROP TABLE IF EXISTS `password_reset_tokens`;
/*!40101 SET @saved_cs_client     = @@character_set_client */;
/*!50503 SET character_set_client = utf8mb4 */;
CREATE TABLE `password_reset_tokens` (
  `email` varchar(255) COLLATE utf8mb4_unicode_ci NOT NULL,
  `token` varchar(255) COLLATE utf8mb4_unicode_ci NOT NULL,
  `created_at` timestamp NULL DEFAULT NULL,
  PRIMARY KEY (`email`)
) ENGINE=InnoDB DEFAULT CHARSET=utf8mb4 COLLATE=utf8mb4_unicode_ci;
/*!40101 SET character_set_client = @saved_cs_client */;

--
-- Dumping data for table `password_reset_tokens`
--

LOCK TABLES `password_reset_tokens` WRITE;
/*!40000 ALTER TABLE `password_reset_tokens` DISABLE KEYS */;
/*!40000 ALTER TABLE `password_reset_tokens` ENABLE KEYS */;
UNLOCK TABLES;

--
-- Table structure for table `performers`
--

DROP TABLE IF EXISTS `performers`;
/*!40101 SET @saved_cs_client     = @@character_set_client */;
/*!50503 SET character_set_client = utf8mb4 */;
CREATE TABLE `performers` (
  `id` bigint unsigned NOT NULL AUTO_INCREMENT,
  `user_id` bigint unsigned NOT NULL,
  `website` varchar(255) COLLATE utf8mb4_unicode_ci DEFAULT NULL,
  `social_links` json DEFAULT NULL,
  `created_at` timestamp NULL DEFAULT NULL,
  `updated_at` timestamp NULL DEFAULT NULL,
  PRIMARY KEY (`id`),
  KEY `performers_user_id_foreign` (`user_id`),
  CONSTRAINT `performers_user_id_foreign` FOREIGN KEY (`user_id`) REFERENCES `users` (`id`) ON DELETE CASCADE
) ENGINE=InnoDB AUTO_INCREMENT=29 DEFAULT CHARSET=utf8mb4 COLLATE=utf8mb4_unicode_ci;
/*!40101 SET character_set_client = @saved_cs_client */;

--
-- Dumping data for table `performers`
--

LOCK TABLES `performers` WRITE;
/*!40000 ALTER TABLE `performers` DISABLE KEYS */;
INSERT INTO `performers` VALUES (1,11,NULL,'\"[{\\\"platform\\\":\\\"suicidegirls\\\",\\\"url\\\":\\\"https:\\\\/\\\\/www.suicidegirls.com\\\\/girls\\\\/ajilee\\\\/\\\"},{\\\"platform\\\":\\\"instagram\\\",\\\"url\\\":\\\"https:\\\\/\\\\/instagram.com\\\\/mysticdreambb\\\"}]\"','2025-06-26 20:49:43','2025-06-26 20:49:43'),(2,12,NULL,'\"[{\\\"platform\\\":\\\"suicidegirls\\\",\\\"url\\\":\\\"https:\\\\/\\\\/www.suicidegirls.com\\\\/girls\\\\/aleon\\\\/\\\"},{\\\"platform\\\":\\\"onlyfans\\\",\\\"url\\\":\\\"https:\\\\/\\\\/onlyfans.com\\\\/Al3onsg\\\"},{\\\"platform\\\":\\\"allmylinks\\\",\\\"url\\\":\\\"https:\\\\/\\\\/allmylinks.com\\\\/Aleonsg\\\"}]\"','2025-06-26 20:49:43','2025-06-26 20:49:43'),(3,13,NULL,'\"[{\\\"platform\\\":\\\"suicidegirls\\\",\\\"url\\\":\\\"https:\\\\/\\\\/www.suicidegirls.com\\\\/girls\\\\/alexislust\\\\/\\\"},{\\\"platform\\\":\\\"instagram\\\",\\\"url\\\":\\\"https:\\\\/\\\\/instagram.com\\\\/alexislusttt\\\"},{\\\"platform\\\":\\\"twitter\\\",\\\"url\\\":\\\"https:\\\\/\\\\/twitter.com\\\\/alexislustt\\\"},{\\\"platform\\\":\\\"onlyfans\\\",\\\"url\\\":\\\"https:\\\\/\\\\/onlyfans.com\\\\/alexislusttt\\\"}]\"','2025-06-26 20:49:43','2025-06-26 20:49:43'),(4,14,NULL,'\"[{\\\"platform\\\":\\\"suicidegirls\\\",\\\"url\\\":\\\"https:\\\\/\\\\/www.suicidegirls.com\\\\/girls\\\\/annalee\\\\/\\\"}]\"','2025-06-26 20:49:43','2025-06-26 20:49:43'),(5,15,NULL,'\"[{\\\"platform\\\":\\\"suicidegirls\\\",\\\"url\\\":\\\"https:\\\\/\\\\/www.suicidegirls.com\\\\/girls\\\\/bob\\\\/\\\"},{\\\"platform\\\":\\\"instagram\\\",\\\"url\\\":\\\"https:\\\\/\\\\/instagram.com\\\\/bobsuicide\\\"}]\"','2025-06-26 20:49:43','2025-06-26 20:49:43'),(6,16,NULL,'\"[{\\\"platform\\\":\\\"suicidegirls\\\",\\\"url\\\":\\\"https:\\\\/\\\\/www.suicidegirls.com\\\\/girls\\\\/bully\\\\/\\\"},{\\\"platform\\\":\\\"instagram\\\",\\\"url\\\":\\\"https:\\\\/\\\\/instagram.com\\\\/Pupperazzi\\\"},{\\\"platform\\\":\\\"onlyfans\\\",\\\"url\\\":\\\"https:\\\\/\\\\/onlyfans.com\\\\/Pupperazzi\\\"},{\\\"platform\\\":\\\"allmylinks\\\",\\\"url\\\":\\\"https:\\\\/\\\\/allmylinks.com\\\\/Pupperazzi\\\"}]\"','2025-06-26 20:49:43','2025-06-26 20:49:43'),(7,17,NULL,'\"[{\\\"platform\\\":\\\"suicidegirls\\\",\\\"url\\\":\\\"https:\\\\/\\\\/www.suicidegirls.com\\\\/girls\\\\/catarina\\\\/\\\"},{\\\"platform\\\":\\\"instagram\\\",\\\"url\\\":\\\"https:\\\\/\\\\/instagram.com\\\\/catarinapetite\\\"},{\\\"platform\\\":\\\"twitter\\\",\\\"url\\\":\\\"https:\\\\/\\\\/twitter.com\\\\/catarinapetite\\\"},{\\\"platform\\\":\\\"onlyfans\\\",\\\"url\\\":\\\"https:\\\\/\\\\/onlyfans.com\\\\/catarinapetite\\\"}]\"','2025-06-26 20:49:43','2025-06-26 20:49:43'),(8,18,NULL,'\"[{\\\"platform\\\":\\\"suicidegirls\\\",\\\"url\\\":\\\"https:\\\\/\\\\/www.suicidegirls.com\\\\/girls\\\\/clio\\\\/\\\"},{\\\"platform\\\":\\\"instagram\\\",\\\"url\\\":\\\"https:\\\\/\\\\/instagram.com\\\\/clioariane\\\"}]\"','2025-06-26 20:49:43','2025-06-26 20:49:43'),(9,19,NULL,'\"[{\\\"platform\\\":\\\"suicidegirls\\\",\\\"url\\\":\\\"https:\\\\/\\\\/www.suicidegirls.com\\\\/girls\\\\/ellie\\\\/\\\"},{\\\"platform\\\":\\\"instagram\\\",\\\"url\\\":\\\"https:\\\\/\\\\/instagram.com\\\\/elaurenne\\\"},{\\\"platform\\\":\\\"twitter\\\",\\\"url\\\":\\\"https:\\\\/\\\\/twitter.com\\\\/EliseLaurenne\\\"},{\\\"platform\\\":\\\"onlyfans\\\",\\\"url\\\":\\\"https:\\\\/\\\\/onlyfans.com\\\\/eliselaurenne\\\"}]\"','2025-06-26 20:49:43','2025-06-26 20:49:43'),(10,20,NULL,'\"[{\\\"platform\\\":\\\"suicidegirls\\\",\\\"url\\\":\\\"https:\\\\/\\\\/www.suicidegirls.com\\\\/girls\\\\/ember\\\\/\\\"}]\"','2025-06-26 20:49:43','2025-06-26 20:49:43'),(11,21,NULL,'\"[{\\\"platform\\\":\\\"suicidegirls\\\",\\\"url\\\":\\\"https:\\\\/\\\\/www.suicidegirls.com\\\\/girls\\\\/janesinner\\\\/\\\"},{\\\"platform\\\":\\\"instagram\\\",\\\"url\\\":\\\"https:\\\\/\\\\/instagram.com\\\\/yanasinnerxox\\\"},{\\\"platform\\\":\\\"onlyfans\\\",\\\"url\\\":\\\"https:\\\\/\\\\/onlyfans.com\\\\/yanasinner\\\"}]\"','2025-06-26 20:49:43','2025-06-26 20:49:43'),(12,22,NULL,'\"[{\\\"platform\\\":\\\"suicidegirls\\\",\\\"url\\\":\\\"https:\\\\/\\\\/www.suicidegirls.com\\\\/girls\\\\/jessicalou\\\\/\\\"},{\\\"platform\\\":\\\"instagram\\\",\\\"url\\\":\\\"https:\\\\/\\\\/instagram.com\\\\/jessicalousg\\\"},{\\\"platform\\\":\\\"onlyfans\\\",\\\"url\\\":\\\"https:\\\\/\\\\/onlyfans.com\\\\/Jessicalousg\\\"}]\"','2025-06-26 20:49:43','2025-06-26 20:49:43'),(13,23,NULL,'\"[{\\\"platform\\\":\\\"suicidegirls\\\",\\\"url\\\":\\\"https:\\\\/\\\\/www.suicidegirls.com\\\\/girls\\\\/kemper\\\\/\\\"},{\\\"platform\\\":\\\"instagram\\\",\\\"url\\\":\\\"https:\\\\/\\\\/instagram.com\\\\/kemperfidelis\\\"}]\"','2025-06-26 20:49:43','2025-06-26 20:49:43'),(14,24,NULL,'\"[{\\\"platform\\\":\\\"suicidegirls\\\",\\\"url\\\":\\\"https:\\\\/\\\\/www.suicidegirls.com\\\\/girls\\\\/lethal\\\\/\\\"},{\\\"platform\\\":\\\"instagram\\\",\\\"url\\\":\\\"https:\\\\/\\\\/instagram.com\\\\/lethal_suicide\\\"}]\"','2025-06-26 20:49:43','2025-06-26 20:49:43'),(15,25,NULL,'\"[{\\\"platform\\\":\\\"suicidegirls\\\",\\\"url\\\":\\\"https:\\\\/\\\\/www.suicidegirls.com\\\\/girls\\\\/liryc\\\\/\\\"},{\\\"platform\\\":\\\"instagram\\\",\\\"url\\\":\\\"https:\\\\/\\\\/instagram.com\\\\/liryc_suicide\\\"}]\"','2025-06-26 20:49:43','2025-06-26 20:49:43'),(16,26,NULL,'\"[{\\\"platform\\\":\\\"suicidegirls\\\",\\\"url\\\":\\\"https:\\\\/\\\\/www.suicidegirls.com\\\\/girls\\\\/lure\\\\/\\\"},{\\\"platform\\\":\\\"instagram\\\",\\\"url\\\":\\\"https:\\\\/\\\\/instagram.com\\\\/greatpurplebitch\\\"},{\\\"platform\\\":\\\"twitter\\\",\\\"url\\\":\\\"https:\\\\/\\\\/twitter.com\\\\/lure_lady\\\"},{\\\"platform\\\":\\\"onlyfans\\\",\\\"url\\\":\\\"https:\\\\/\\\\/onlyfans.com\\\\/itstatypurple\\\"}]\"','2025-06-26 20:49:43','2025-06-26 20:49:43'),(17,27,NULL,'\"[{\\\"platform\\\":\\\"suicidegirls\\\",\\\"url\\\":\\\"https:\\\\/\\\\/www.suicidegirls.com\\\\/members\\\\/mandyma\\\\/\\\"},{\\\"platform\\\":\\\"twitter\\\",\\\"url\\\":\\\"https:\\\\/\\\\/twitter.com\\\\/mandymayxtuber\\\"},{\\\"platform\\\":\\\"onlyfans\\\",\\\"url\\\":\\\"https:\\\\/\\\\/onlyfans.com\\\\/mandymayxtuber\\\"},{\\\"platform\\\":\\\"allmylinks\\\",\\\"url\\\":\\\"https:\\\\/\\\\/allmylinks.com\\\\/mandyxtuber\\\"}]\"','2025-06-26 20:49:43','2025-06-26 20:49:43'),(18,28,NULL,'\"[{\\\"platform\\\":\\\"suicidegirls\\\",\\\"url\\\":\\\"https:\\\\/\\\\/www.suicidegirls.com\\\\/girls\\\\/marlene\\\\/\\\"},{\\\"platform\\\":\\\"allmylinks\\\",\\\"url\\\":\\\"https:\\\\/\\\\/allmylinks.com\\\\/marlenesuicide\\\"}]\"','2025-06-26 20:49:43','2025-06-26 20:49:43'),(19,29,NULL,'\"[{\\\"platform\\\":\\\"suicidegirls\\\",\\\"url\\\":\\\"https:\\\\/\\\\/www.suicidegirls.com\\\\/girls\\\\/mary\\\\/\\\"}]\"','2025-06-26 20:49:43','2025-06-26 20:49:43'),(20,30,NULL,'\"[{\\\"platform\\\":\\\"suicidegirls\\\",\\\"url\\\":\\\"https:\\\\/\\\\/www.suicidegirls.com\\\\/girls\\\\/maud\\\\/\\\"},{\\\"platform\\\":\\\"instagram\\\",\\\"url\\\":\\\"https:\\\\/\\\\/instagram.com\\\\/MaudMerlot\\\"},{\\\"platform\\\":\\\"onlyfans\\\",\\\"url\\\":\\\"https:\\\\/\\\\/onlyfans.com\\\\/Maudmerlot\\\"}]\"','2025-06-26 20:49:43','2025-06-26 20:49:43'),(21,31,NULL,'\"[{\\\"platform\\\":\\\"suicidegirls\\\",\\\"url\\\":\\\"https:\\\\/\\\\/www.suicidegirls.com\\\\/girls\\\\/mille\\\\/\\\"},{\\\"platform\\\":\\\"instagram\\\",\\\"url\\\":\\\"https:\\\\/\\\\/instagram.com\\\\/saintcarmilla\\\"}]\"','2025-06-26 20:49:43','2025-06-26 20:49:43'),(22,32,NULL,'\"[{\\\"platform\\\":\\\"suicidegirls\\\",\\\"url\\\":\\\"https:\\\\/\\\\/www.suicidegirls.com\\\\/girls\\\\/mimo\\\\/\\\"},{\\\"platform\\\":\\\"instagram\\\",\\\"url\\\":\\\"https:\\\\/\\\\/instagram.com\\\\/mimo_ningyo\\\"},{\\\"platform\\\":\\\"onlyfans\\\",\\\"url\\\":\\\"https:\\\\/\\\\/onlyfans.com\\\\/mimo_ningyo\\\"}]\"','2025-06-26 20:49:43','2025-06-26 20:49:43'),(23,33,NULL,'\"[{\\\"platform\\\":\\\"suicidegirls\\\",\\\"url\\\":\\\"https:\\\\/\\\\/www.suicidegirls.com\\\\/members\\\\/misslollirot\\\\/\\\"},{\\\"platform\\\":\\\"instagram\\\",\\\"url\\\":\\\"https:\\\\/\\\\/instagram.com\\\\/Misslollirot\\\"},{\\\"platform\\\":\\\"twitter\\\",\\\"url\\\":\\\"https:\\\\/\\\\/twitter.com\\\\/FatalxFemme\\\"},{\\\"platform\\\":\\\"onlyfans\\\",\\\"url\\\":\\\"https:\\\\/\\\\/onlyfans.com\\\\/fatalxfemme\\\"}]\"','2025-06-26 20:49:43','2025-06-26 20:49:43'),(24,34,NULL,'\"[{\\\"platform\\\":\\\"suicidegirls\\\",\\\"url\\\":\\\"https:\\\\/\\\\/www.suicidegirls.com\\\\/members\\\\/msutopia\\\\/\\\"},{\\\"platform\\\":\\\"instagram\\\",\\\"url\\\":\\\"https:\\\\/\\\\/instagram.com\\\\/ka_019_te\\\"},{\\\"platform\\\":\\\"onlyfans\\\",\\\"url\\\":\\\"https:\\\\/\\\\/onlyfans.com\\\\/kate_utopiaa\\\"},{\\\"platform\\\":\\\"allmylinks\\\",\\\"url\\\":\\\"https:\\\\/\\\\/allmylinks.com\\\\/utopia-kate\\\"}]\"','2025-06-26 20:49:43','2025-06-26 20:49:43'),(25,35,NULL,'\"[{\\\"platform\\\":\\\"suicidegirls\\\",\\\"url\\\":\\\"https:\\\\/\\\\/www.suicidegirls.com\\\\/girls\\\\/riae\\\\/\\\"},{\\\"platform\\\":\\\"instagram\\\",\\\"url\\\":\\\"https:\\\\/\\\\/instagram.com\\\\/riae_\\\"}]\"','2025-06-26 20:49:43','2025-06-26 20:49:43'),(26,36,NULL,'\"[{\\\"platform\\\":\\\"suicidegirls\\\",\\\"url\\\":\\\"https:\\\\/\\\\/www.suicidegirls.com\\\\/members\\\\/sixir\\\\/\\\"},{\\\"platform\\\":\\\"instagram\\\",\\\"url\\\":\\\"https:\\\\/\\\\/instagram.com\\\\/Sixirheller\\\"},{\\\"platform\\\":\\\"twitter\\\",\\\"url\\\":\\\"https:\\\\/\\\\/twitter.com\\\\/sixirheller\\\"},{\\\"platform\\\":\\\"onlyfans\\\",\\\"url\\\":\\\"https:\\\\/\\\\/onlyfans.com\\\\/sixirheller\\\"},{\\\"platform\\\":\\\"allmylinks\\\",\\\"url\\\":\\\"https:\\\\/\\\\/allmylinks.com\\\\/sixirheller\\\"}]\"','2025-06-26 20:49:43','2025-06-26 20:49:43'),(27,37,NULL,'\"[{\\\"platform\\\":\\\"suicidegirls\\\",\\\"url\\\":\\\"https:\\\\/\\\\/www.suicidegirls.com\\\\/girls\\\\/venom\\\\/\\\"},{\\\"platform\\\":\\\"instagram\\\",\\\"url\\\":\\\"https:\\\\/\\\\/instagram.com\\\\/venomblackbird\\\"}]\"','2025-06-26 20:49:43','2025-06-26 20:49:43'),(28,39,NULL,'\"[]\"','2025-06-26 20:49:43','2025-06-26 20:49:43');
/*!40000 ALTER TABLE `performers` ENABLE KEYS */;
UNLOCK TABLES;

--
-- Table structure for table `post_comments`
--

DROP TABLE IF EXISTS `post_comments`;
/*!40101 SET @saved_cs_client     = @@character_set_client */;
/*!50503 SET character_set_client = utf8mb4 */;
CREATE TABLE `post_comments` (
  `id` bigint unsigned NOT NULL AUTO_INCREMENT,
  `post_id` bigint unsigned NOT NULL,
  `user_id` bigint unsigned NOT NULL,
  `body` text COLLATE utf8mb4_unicode_ci NOT NULL,
  `created_at` timestamp NULL DEFAULT NULL,
  `updated_at` timestamp NULL DEFAULT NULL,
  PRIMARY KEY (`id`),
  KEY `post_comments_post_id_foreign` (`post_id`),
  KEY `post_comments_user_id_foreign` (`user_id`),
  CONSTRAINT `post_comments_post_id_foreign` FOREIGN KEY (`post_id`) REFERENCES `posts` (`id`) ON DELETE CASCADE,
  CONSTRAINT `post_comments_user_id_foreign` FOREIGN KEY (`user_id`) REFERENCES `users` (`id`) ON DELETE CASCADE
) ENGINE=InnoDB AUTO_INCREMENT=114 DEFAULT CHARSET=utf8mb4 COLLATE=utf8mb4_unicode_ci;
/*!40101 SET character_set_client = @saved_cs_client */;

--
-- Dumping data for table `post_comments`
--

LOCK TABLES `post_comments` WRITE;
/*!40000 ALTER TABLE `post_comments` DISABLE KEYS */;
INSERT INTO `post_comments` VALUES (1,1,5,'Eaque nam occaecati pariatur temporibus voluptate odio tempore omnis impedit nobis.','2025-06-26 20:49:43','2025-06-26 20:49:43'),(2,1,10,'Sed maxime et ipsam tempore aut assumenda odit doloremque aut atque.','2025-06-26 20:49:44','2025-06-26 20:49:44'),(3,1,26,'Sed mollitia sequi consequatur sequi et saepe nobis unde blanditiis porro.','2025-06-26 20:49:44','2025-06-26 20:49:44'),(4,2,2,'Optio qui aut facere nam magnam impedit.','2025-06-26 20:49:44','2025-06-26 20:49:44'),(5,2,14,'Minus veritatis eius ea qui incidunt commodi hic commodi ex dolor voluptatem.','2025-06-26 20:49:44','2025-06-26 20:49:44'),(6,2,29,'Et nesciunt ut explicabo cum laboriosam doloremque.','2025-06-26 20:49:44','2025-06-26 20:49:44'),(7,3,14,'Ab est omnis non tempore ullam aspernatur deserunt ducimus eum ut non dolor.','2025-06-26 20:49:44','2025-06-26 20:49:44'),(8,3,10,'Nulla iste provident voluptatem quod non dolores iste aut voluptatem.','2025-06-26 20:49:44','2025-06-26 20:49:44'),(9,3,35,'Debitis ipsam numquam voluptatum accusantium fugiat est repudiandae ea vero neque ab quos.','2025-06-26 20:49:44','2025-06-26 20:49:44'),(10,3,33,'Hic praesentium quidem modi veniam voluptas officiis et architecto totam eius aspernatur doloribus soluta.','2025-06-26 20:49:44','2025-06-26 20:49:44'),(11,4,37,'Ipsum quod a ut consequatur saepe ut non harum.','2025-06-26 20:49:44','2025-06-26 20:49:44'),(12,4,30,'Fugiat id laboriosam at voluptates qui numquam nulla magni.','2025-06-26 20:49:44','2025-06-26 20:49:44'),(13,4,18,'Nihil ut recusandae hic illum nam aut qui.','2025-06-26 20:49:44','2025-06-26 20:49:44'),(14,4,41,'Quod consectetur dolores modi ex est aut eum explicabo.','2025-06-26 20:49:44','2025-06-26 20:49:44'),(15,5,41,'Quisquam dolore nulla eveniet assumenda repellendus culpa ab excepturi veritatis sunt.','2025-06-26 20:49:44','2025-06-26 20:49:44'),(16,5,11,'Voluptates ad quo in eum quia consequatur iusto voluptatem autem dolores blanditiis non autem.','2025-06-26 20:49:44','2025-06-26 20:49:44'),(17,5,34,'Quia est dignissimos vel ad et maiores iusto deleniti qui recusandae voluptas voluptate.','2025-06-26 20:49:44','2025-06-26 20:49:44'),(18,5,34,'Odio magni ratione numquam placeat rerum aut.','2025-06-26 20:49:44','2025-06-26 20:49:44'),(19,5,24,'Provident totam dolorum tenetur pariatur dicta velit nihil.','2025-06-26 20:49:44','2025-06-26 20:49:44'),(20,6,17,'Quo expedita ut eos voluptas voluptatum tempora quod magnam unde.','2025-06-26 20:49:44','2025-06-26 20:49:44'),(21,6,19,'Qui tempora rem aliquam magni quia et odio qui tempore nemo voluptatem praesentium.','2025-06-26 20:49:44','2025-06-26 20:49:44'),(22,6,19,'Odio autem sequi ea quod illum et assumenda.','2025-06-26 20:49:44','2025-06-26 20:49:44'),(23,6,2,'Velit tempora et nihil tempore aliquam at qui consequuntur non officia ut.','2025-06-26 20:49:44','2025-06-26 20:49:44'),(24,7,24,'Iste quos corrupti id quae molestiae quia.','2025-06-26 20:49:44','2025-06-26 20:49:44'),(25,7,19,'Alias sunt voluptates vero id minus nobis reiciendis excepturi veritatis sunt.','2025-06-26 20:49:44','2025-06-26 20:49:44'),(26,7,7,'Cumque quia est voluptates quasi eum eligendi.','2025-06-26 20:49:44','2025-06-26 20:49:44'),(27,8,24,'Voluptas asperiores sit quo earum optio molestiae vitae doloribus.','2025-06-26 20:49:44','2025-06-26 20:49:44'),(28,8,32,'Voluptas amet deleniti ut dolore tempore quae dolor voluptatibus dolores praesentium dignissimos labore.','2025-06-26 20:49:44','2025-06-26 20:49:44'),(29,8,20,'Vero error voluptas et nihil ipsa dolorem ut minus.','2025-06-26 20:49:44','2025-06-26 20:49:44'),(30,8,33,'Omnis eveniet corporis cumque ut maiores aut voluptatem saepe occaecati voluptatibus ea.','2025-06-26 20:49:44','2025-06-26 20:49:44'),(31,9,33,'Rerum eos consequatur quaerat aut non et quod ipsam expedita natus.','2025-06-26 20:49:44','2025-06-26 20:49:44'),(32,9,11,'Nihil rerum asperiores dolor quasi amet quia doloremque maiores enim iusto facilis error cumque.','2025-06-26 20:49:44','2025-06-26 20:49:44'),(33,10,4,'Aliquam voluptates qui repudiandae quia a id autem tempora assumenda.','2025-06-26 20:49:44','2025-06-26 20:49:44'),(34,10,36,'Voluptatum ut doloribus cumque et voluptates eos officiis harum praesentium repellat voluptates.','2025-06-26 20:49:44','2025-06-26 20:49:44'),(35,11,28,'Et expedita sint dicta sint velit voluptas.','2025-06-26 20:49:44','2025-06-26 20:49:44'),(36,11,35,'Voluptatum quam quidem rerum libero molestiae rerum quia.','2025-06-26 20:49:44','2025-06-26 20:49:44'),(37,11,38,'Iure voluptatem perspiciatis commodi dignissimos quod sed similique animi.','2025-06-26 20:49:44','2025-06-26 20:49:44'),(38,12,11,'Aut ea dolor sit ut et non iusto vitae.','2025-06-26 20:49:44','2025-06-26 20:49:44'),(39,12,28,'Rerum qui ut et soluta ad dicta iste sapiente.','2025-06-26 20:49:44','2025-06-26 20:49:44'),(40,12,12,'Tempore doloribus eligendi error magni sint debitis aut voluptatem expedita nisi natus voluptates.','2025-06-26 20:49:44','2025-06-26 20:49:44'),(41,12,18,'Ratione corrupti unde nulla autem aliquid eaque quas nobis facere quia eum.','2025-06-26 20:49:44','2025-06-26 20:49:44'),(42,13,31,'Saepe voluptas dolor similique non dolores ratione est quisquam ut exercitationem.','2025-06-26 20:49:44','2025-06-26 20:49:44'),(43,13,36,'Debitis eligendi quasi totam quia dolorem officiis sed quia.','2025-06-26 20:49:44','2025-06-26 20:49:44'),(44,13,41,'Cum qui velit dolorum dolores qui autem rerum dolor libero eius placeat doloribus.','2025-06-26 20:49:44','2025-06-26 20:49:44'),(45,13,1,'Labore distinctio est et omnis ratione doloribus consequatur quo eveniet dignissimos nisi repellat.','2025-06-26 20:49:44','2025-06-26 20:49:44'),(46,13,10,'Officia non asperiores voluptatem consequuntur quasi nihil sed amet.','2025-06-26 20:49:44','2025-06-26 20:49:44'),(47,14,41,'Quibusdam distinctio omnis optio nihil rerum quibusdam minima et nihil accusantium alias omnis.','2025-06-26 20:49:44','2025-06-26 20:49:44'),(48,14,24,'Quaerat ea error qui aliquid dolores error.','2025-06-26 20:49:44','2025-06-26 20:49:44'),(49,14,35,'Debitis optio voluptas rem sint qui quia odit perferendis vero.','2025-06-26 20:49:44','2025-06-26 20:49:44'),(50,14,27,'Magni perspiciatis perferendis optio quis fugiat voluptas.','2025-06-26 20:49:44','2025-06-26 20:49:44'),(51,14,38,'Iusto ut cupiditate nemo amet sit eos velit molestiae.','2025-06-26 20:49:44','2025-06-26 20:49:44'),(52,15,21,'Quidem qui vero suscipit minus odio qui modi.','2025-06-26 20:49:44','2025-06-26 20:49:44'),(53,15,12,'Aut eaque accusantium dolores consectetur impedit temporibus velit quam vitae beatae dolorem alias.','2025-06-26 20:49:44','2025-06-26 20:49:44'),(54,15,16,'Quisquam delectus veniam modi iste quo qui facere omnis voluptas est est.','2025-06-26 20:49:44','2025-06-26 20:49:44'),(55,15,39,'Ad voluptatem aut nobis maxime numquam dolores ut at voluptates itaque culpa consequuntur.','2025-06-26 20:49:44','2025-06-26 20:49:44'),(56,16,38,'Harum nostrum animi facere reiciendis facilis itaque.','2025-06-26 20:49:44','2025-06-26 20:49:44'),(57,16,38,'Voluptatem quidem quo eos quis quia non tempore eos eligendi aut optio occaecati.','2025-06-26 20:49:44','2025-06-26 20:49:44'),(58,16,4,'Et et sed recusandae enim mollitia facere numquam est voluptate sit ex veniam fuga.','2025-06-26 20:49:44','2025-06-26 20:49:44'),(59,16,26,'Soluta aut a sint tempore qui enim dolorem culpa soluta libero aut odit qui.','2025-06-26 20:49:44','2025-06-26 20:49:44'),(60,16,6,'Quo vitae ratione eius eius suscipit corrupti.','2025-06-26 20:49:44','2025-06-26 20:49:44'),(61,16,12,'Maxime aspernatur corporis qui eos maiores iure.','2025-06-26 20:49:44','2025-06-26 20:49:44'),(62,17,8,'Minima aut voluptatem omnis voluptates et enim tenetur qui voluptates qui voluptas.','2025-06-26 20:49:44','2025-06-26 20:49:44'),(63,17,15,'Ratione sit magnam eum alias occaecati sapiente fuga excepturi et.','2025-06-26 20:49:44','2025-06-26 20:49:44'),(64,18,33,'Ipsum cupiditate rem deleniti aut temporibus inventore eum sed.','2025-06-26 20:49:44','2025-06-26 20:49:44'),(65,18,26,'Qui quia libero voluptatem tempore recusandae nihil.','2025-06-26 20:49:44','2025-06-26 20:49:44'),(66,18,1,'Nesciunt atque ab corrupti temporibus impedit quisquam dolorem dolor perferendis et quod delectus.','2025-06-26 20:49:44','2025-06-26 20:49:44'),(67,19,35,'Esse exercitationem debitis exercitationem non eaque eos dolores pariatur eaque enim sit.','2025-06-26 20:49:44','2025-06-26 20:49:44'),(68,19,12,'Hic animi labore ducimus impedit eos voluptate delectus.','2025-06-26 20:49:44','2025-06-26 20:49:44'),(69,19,34,'Doloribus assumenda qui praesentium earum doloribus magni.','2025-06-26 20:49:44','2025-06-26 20:49:44'),(70,20,39,'Sequi ad totam aspernatur et incidunt id qui rem ullam.','2025-06-26 20:49:44','2025-06-26 20:49:44'),(71,20,15,'Molestiae hic unde fuga officiis et quasi animi impedit.','2025-06-26 20:49:44','2025-06-26 20:49:44'),(72,21,37,'Quaerat adipisci minus eos rerum delectus qui.','2025-06-26 20:49:44','2025-06-26 20:49:44'),(73,21,3,'Corporis officiis aspernatur necessitatibus dignissimos omnis aspernatur autem eveniet debitis.','2025-06-26 20:49:44','2025-06-26 20:49:44'),(74,21,2,'Et id quis quia qui ut amet id modi ut modi magni rerum non.','2025-06-26 20:49:44','2025-06-26 20:49:44'),(75,21,25,'Debitis laboriosam quia blanditiis iusto id et ab itaque.','2025-06-26 20:49:44','2025-06-26 20:49:44'),(76,22,29,'Aliquid odit odit nam iure architecto dolores et laboriosam aut.','2025-06-26 20:49:44','2025-06-26 20:49:44'),(77,22,20,'Quia facere occaecati ad blanditiis esse ut facilis saepe rerum quo dicta repellendus aut.','2025-06-26 20:49:44','2025-06-26 20:49:44'),(78,23,20,'Perspiciatis reprehenderit minima debitis id laborum et qui saepe ducimus est.','2025-06-26 20:49:44','2025-06-26 20:49:44'),(79,23,39,'Consequuntur dignissimos vel commodi minima alias non perspiciatis officia minima eum velit.','2025-06-26 20:49:44','2025-06-26 20:49:44'),(80,23,23,'Eum qui omnis minus id et veniam voluptas aut minima.','2025-06-26 20:49:44','2025-06-26 20:49:44'),(81,23,5,'Est aut et excepturi qui sed nihil nemo reprehenderit aliquid eligendi et in in.','2025-06-26 20:49:44','2025-06-26 20:49:44'),(82,24,18,'Voluptatum laudantium dolores et quia minus expedita non nisi recusandae.','2025-06-26 20:49:44','2025-06-26 20:49:44'),(83,24,35,'Et eveniet provident eveniet non maxime voluptatum.','2025-06-26 20:49:44','2025-06-26 20:49:44'),(84,24,4,'Assumenda et quis non molestias et corrupti voluptatem alias officiis suscipit aut beatae.','2025-06-26 20:49:44','2025-06-26 20:49:44'),(85,25,15,'Doloremque at qui quod reiciendis tempore et.','2025-06-26 20:49:44','2025-06-26 20:49:44'),(86,25,26,'Illum qui at ratione laboriosam aliquam occaecati expedita cupiditate quam maxime ea quia et.','2025-06-26 20:49:44','2025-06-26 20:49:44'),(87,25,4,'Eaque officia voluptatibus ea ipsam voluptatem dolores est.','2025-06-26 20:49:44','2025-06-26 20:49:44'),(88,25,24,'Voluptatum praesentium autem recusandae asperiores et qui laudantium voluptas corporis facilis.','2025-06-26 20:49:44','2025-06-26 20:49:44'),(89,26,33,'Repellat suscipit minima soluta magnam quia praesentium.','2025-06-26 20:49:44','2025-06-26 20:49:44'),(90,26,16,'Et dolorem nemo earum in totam saepe ut ut tempora ut beatae a.','2025-06-26 20:49:44','2025-06-26 20:49:44'),(91,27,30,'Sequi sint omnis error numquam ab eligendi officiis reprehenderit.','2025-06-26 20:49:44','2025-06-26 20:49:44'),(92,27,26,'Quas ducimus et tenetur quisquam vero quibusdam est aut delectus quia at.','2025-06-26 20:49:44','2025-06-26 20:49:44'),(93,28,4,'Id quaerat voluptatibus harum vitae eos neque illo exercitationem cum et libero.','2025-06-26 20:49:44','2025-06-26 20:49:44'),(94,28,4,'Fugit est magnam nam vero quas quasi sit.','2025-06-26 20:49:44','2025-06-26 20:49:44'),(95,29,34,'Laborum quaerat et omnis ut est incidunt commodi.','2025-06-26 20:49:44','2025-06-26 20:49:44'),(96,29,36,'Nulla ut dignissimos tempora et earum doloribus quae.','2025-06-26 20:49:44','2025-06-26 20:49:44'),(97,29,37,'Similique quos doloribus earum quasi impedit commodi tenetur mollitia ut et.','2025-06-26 20:49:44','2025-06-26 20:49:44'),(98,30,25,'Harum ut fugiat a necessitatibus quo pariatur doloribus quo ratione enim.','2025-06-26 20:49:44','2025-06-26 20:49:44'),(99,30,11,'Aut est cum omnis ab soluta aut sit molestiae qui.','2025-06-26 20:49:44','2025-06-26 20:49:44'),(100,31,16,'Quis quia velit perspiciatis molestias perspiciatis cum.','2025-06-26 20:49:44','2025-06-26 20:49:44'),(101,31,8,'Tempora labore quis earum mollitia saepe quia rem id debitis.','2025-06-26 20:49:44','2025-06-26 20:49:44'),(102,31,35,'Et est sed quis facilis omnis odit adipisci rerum enim.','2025-06-26 20:49:44','2025-06-26 20:49:44'),(103,31,31,'Alias repudiandae sed veritatis et dolor fuga.','2025-06-26 20:49:44','2025-06-26 20:49:44'),(104,32,22,'Porro quas reiciendis cumque corrupti aut repellendus qui.','2025-06-26 20:49:44','2025-06-26 20:49:44'),(105,32,2,'Omnis est qui ratione qui corrupti minima.','2025-06-26 20:49:44','2025-06-26 20:49:44'),(106,33,12,'Omnis vitae in ut dignissimos natus deserunt laboriosam ea.','2025-06-26 20:49:44','2025-06-26 20:49:44'),(107,33,38,'Hic nam velit nulla est voluptatum recusandae in quia dolor consequatur.','2025-06-26 20:49:44','2025-06-26 20:49:44'),(108,34,38,'Enim odit nemo iste qui nam sed.','2025-06-26 20:49:44','2025-06-26 20:49:44'),(109,34,19,'Id voluptatem sapiente ducimus est incidunt qui ea culpa asperiores.','2025-06-26 20:49:44','2025-06-26 20:49:44'),(110,34,12,'Aut accusamus quia molestias molestias quidem aut quia id et.','2025-06-26 20:49:44','2025-06-26 20:49:44'),(111,35,12,'Voluptatum distinctio perferendis accusantium asperiores odit rerum quos ipsum cumque porro et.','2025-06-26 20:49:44','2025-06-26 20:49:44'),(112,35,34,'Omnis quaerat quibusdam blanditiis accusamus pariatur voluptatum necessitatibus in numquam enim.','2025-06-26 20:49:44','2025-06-26 20:49:44'),(113,35,1,'Sit totam aut voluptatem nam nihil recusandae impedit.','2025-06-26 20:49:44','2025-06-26 20:49:44');
/*!40000 ALTER TABLE `post_comments` ENABLE KEYS */;
UNLOCK TABLES;

--
-- Table structure for table `post_likes`
--

DROP TABLE IF EXISTS `post_likes`;
/*!40101 SET @saved_cs_client     = @@character_set_client */;
/*!50503 SET character_set_client = utf8mb4 */;
CREATE TABLE `post_likes` (
  `id` bigint unsigned NOT NULL AUTO_INCREMENT,
  `user_id` bigint unsigned NOT NULL,
  `post_id` bigint unsigned NOT NULL,
  `created_at` timestamp NULL DEFAULT NULL,
  `updated_at` timestamp NULL DEFAULT NULL,
  PRIMARY KEY (`id`),
  UNIQUE KEY `post_likes_user_id_post_id_unique` (`user_id`,`post_id`),
  KEY `post_likes_post_id_foreign` (`post_id`),
  CONSTRAINT `post_likes_post_id_foreign` FOREIGN KEY (`post_id`) REFERENCES `posts` (`id`) ON DELETE CASCADE,
  CONSTRAINT `post_likes_user_id_foreign` FOREIGN KEY (`user_id`) REFERENCES `users` (`id`) ON DELETE CASCADE
) ENGINE=InnoDB AUTO_INCREMENT=213 DEFAULT CHARSET=utf8mb4 COLLATE=utf8mb4_unicode_ci;
/*!40101 SET character_set_client = @saved_cs_client */;

--
-- Dumping data for table `post_likes`
--

LOCK TABLES `post_likes` WRITE;
/*!40000 ALTER TABLE `post_likes` DISABLE KEYS */;
INSERT INTO `post_likes` VALUES (1,1,3,'2025-06-26 20:49:43','2025-06-26 20:49:43'),(2,1,5,'2025-06-26 20:49:43','2025-06-26 20:49:43'),(3,1,6,'2025-06-26 20:49:43','2025-06-26 20:49:43'),(4,1,9,'2025-06-26 20:49:43','2025-06-26 20:49:43'),(5,1,12,'2025-06-26 20:49:43','2025-06-26 20:49:43'),(6,1,22,'2025-06-26 20:49:43','2025-06-26 20:49:43'),(7,1,23,'2025-06-26 20:49:43','2025-06-26 20:49:43'),(8,2,7,'2025-06-26 20:49:43','2025-06-26 20:49:43'),(9,2,8,'2025-06-26 20:49:43','2025-06-26 20:49:43'),(10,2,12,'2025-06-26 20:49:43','2025-06-26 20:49:43'),(11,2,15,'2025-06-26 20:49:43','2025-06-26 20:49:43'),(12,2,23,'2025-06-26 20:49:43','2025-06-26 20:49:43'),(13,2,24,'2025-06-26 20:49:43','2025-06-26 20:49:43'),(14,2,29,'2025-06-26 20:49:43','2025-06-26 20:49:43'),(15,2,30,'2025-06-26 20:49:43','2025-06-26 20:49:43'),(16,2,35,'2025-06-26 20:49:43','2025-06-26 20:49:43'),(17,3,1,'2025-06-26 20:49:43','2025-06-26 20:49:43'),(18,3,4,'2025-06-26 20:49:43','2025-06-26 20:49:43'),(19,3,7,'2025-06-26 20:49:43','2025-06-26 20:49:43'),(20,3,9,'2025-06-26 20:49:43','2025-06-26 20:49:43'),(21,3,17,'2025-06-26 20:49:43','2025-06-26 20:49:43'),(22,3,21,'2025-06-26 20:49:43','2025-06-26 20:49:43'),(23,3,33,'2025-06-26 20:49:43','2025-06-26 20:49:43'),(24,4,9,'2025-06-26 20:49:43','2025-06-26 20:49:43'),(25,4,30,'2025-06-26 20:49:43','2025-06-26 20:49:43'),(26,5,8,'2025-06-26 20:49:43','2025-06-26 20:49:43'),(27,5,14,'2025-06-26 20:49:43','2025-06-26 20:49:43'),(28,5,15,'2025-06-26 20:49:43','2025-06-26 20:49:43'),(29,5,18,'2025-06-26 20:49:43','2025-06-26 20:49:43'),(30,5,19,'2025-06-26 20:49:43','2025-06-26 20:49:43'),(31,6,4,'2025-06-26 20:49:43','2025-06-26 20:49:43'),(32,6,30,'2025-06-26 20:49:43','2025-06-26 20:49:43'),(33,6,34,'2025-06-26 20:49:43','2025-06-26 20:49:43'),(34,7,6,'2025-06-26 20:49:43','2025-06-26 20:49:43'),(35,7,14,'2025-06-26 20:49:43','2025-06-26 20:49:43'),(36,7,15,'2025-06-26 20:49:43','2025-06-26 20:49:43'),(37,7,17,'2025-06-26 20:49:43','2025-06-26 20:49:43'),(38,7,21,'2025-06-26 20:49:43','2025-06-26 20:49:43'),(39,8,5,'2025-06-26 20:49:43','2025-06-26 20:49:43'),(40,8,10,'2025-06-26 20:49:43','2025-06-26 20:49:43'),(41,8,14,'2025-06-26 20:49:43','2025-06-26 20:49:43'),(42,8,17,'2025-06-26 20:49:43','2025-06-26 20:49:43'),(43,8,19,'2025-06-26 20:49:43','2025-06-26 20:49:43'),(44,9,1,'2025-06-26 20:49:43','2025-06-26 20:49:43'),(45,9,8,'2025-06-26 20:49:43','2025-06-26 20:49:43'),(46,9,13,'2025-06-26 20:49:43','2025-06-26 20:49:43'),(47,9,16,'2025-06-26 20:49:43','2025-06-26 20:49:43'),(48,10,10,'2025-06-26 20:49:43','2025-06-26 20:49:43'),(49,10,16,'2025-06-26 20:49:43','2025-06-26 20:49:43'),(50,10,22,'2025-06-26 20:49:43','2025-06-26 20:49:43'),(51,10,23,'2025-06-26 20:49:43','2025-06-26 20:49:43'),(52,11,10,'2025-06-26 20:49:43','2025-06-26 20:49:43'),(53,11,11,'2025-06-26 20:49:43','2025-06-26 20:49:43'),(54,11,20,'2025-06-26 20:49:43','2025-06-26 20:49:43'),(55,11,27,'2025-06-26 20:49:43','2025-06-26 20:49:43'),(56,11,30,'2025-06-26 20:49:43','2025-06-26 20:49:43'),(57,11,31,'2025-06-26 20:49:43','2025-06-26 20:49:43'),(58,11,35,'2025-06-26 20:49:43','2025-06-26 20:49:43'),(59,12,30,'2025-06-26 20:49:43','2025-06-26 20:49:43'),(60,12,32,'2025-06-26 20:49:43','2025-06-26 20:49:43'),(61,13,1,'2025-06-26 20:49:43','2025-06-26 20:49:43'),(62,13,2,'2025-06-26 20:49:43','2025-06-26 20:49:43'),(63,13,8,'2025-06-26 20:49:43','2025-06-26 20:49:43'),(64,13,16,'2025-06-26 20:49:43','2025-06-26 20:49:43'),(65,13,22,'2025-06-26 20:49:43','2025-06-26 20:49:43'),(66,13,23,'2025-06-26 20:49:43','2025-06-26 20:49:43'),(67,13,25,'2025-06-26 20:49:43','2025-06-26 20:49:43'),(68,13,30,'2025-06-26 20:49:43','2025-06-26 20:49:43'),(69,13,32,'2025-06-26 20:49:43','2025-06-26 20:49:43'),(70,13,34,'2025-06-26 20:49:43','2025-06-26 20:49:43'),(71,14,7,'2025-06-26 20:49:43','2025-06-26 20:49:43'),(72,14,10,'2025-06-26 20:49:43','2025-06-26 20:49:43'),(73,14,11,'2025-06-26 20:49:43','2025-06-26 20:49:43'),(74,14,15,'2025-06-26 20:49:43','2025-06-26 20:49:43'),(75,14,18,'2025-06-26 20:49:43','2025-06-26 20:49:43'),(76,14,19,'2025-06-26 20:49:43','2025-06-26 20:49:43'),(77,14,24,'2025-06-26 20:49:43','2025-06-26 20:49:43'),(78,14,25,'2025-06-26 20:49:43','2025-06-26 20:49:43'),(79,14,28,'2025-06-26 20:49:43','2025-06-26 20:49:43'),(80,15,27,'2025-06-26 20:49:43','2025-06-26 20:49:43'),(81,16,1,'2025-06-26 20:49:43','2025-06-26 20:49:43'),(82,16,2,'2025-06-26 20:49:43','2025-06-26 20:49:43'),(83,16,5,'2025-06-26 20:49:43','2025-06-26 20:49:43'),(84,16,9,'2025-06-26 20:49:43','2025-06-26 20:49:43'),(85,16,12,'2025-06-26 20:49:43','2025-06-26 20:49:43'),(86,16,13,'2025-06-26 20:49:43','2025-06-26 20:49:43'),(87,16,14,'2025-06-26 20:49:43','2025-06-26 20:49:43'),(88,16,26,'2025-06-26 20:49:43','2025-06-26 20:49:43'),(89,16,28,'2025-06-26 20:49:43','2025-06-26 20:49:43'),(90,17,2,'2025-06-26 20:49:43','2025-06-26 20:49:43'),(91,17,6,'2025-06-26 20:49:43','2025-06-26 20:49:43'),(92,17,11,'2025-06-26 20:49:43','2025-06-26 20:49:43'),(93,17,12,'2025-06-26 20:49:43','2025-06-26 20:49:43'),(94,17,17,'2025-06-26 20:49:43','2025-06-26 20:49:43'),(95,17,18,'2025-06-26 20:49:43','2025-06-26 20:49:43'),(96,17,29,'2025-06-26 20:49:43','2025-06-26 20:49:43'),(97,17,32,'2025-06-26 20:49:43','2025-06-26 20:49:43'),(98,18,5,'2025-06-26 20:49:43','2025-06-26 20:49:43'),(99,18,6,'2025-06-26 20:49:43','2025-06-26 20:49:43'),(100,18,7,'2025-06-26 20:49:43','2025-06-26 20:49:43'),(101,18,13,'2025-06-26 20:49:43','2025-06-26 20:49:43'),(102,18,19,'2025-06-26 20:49:43','2025-06-26 20:49:43'),(103,18,21,'2025-06-26 20:49:43','2025-06-26 20:49:43'),(104,18,23,'2025-06-26 20:49:43','2025-06-26 20:49:43'),(105,18,24,'2025-06-26 20:49:43','2025-06-26 20:49:43'),(106,18,34,'2025-06-26 20:49:43','2025-06-26 20:49:43'),(107,19,22,'2025-06-26 20:49:43','2025-06-26 20:49:43'),(108,19,24,'2025-06-26 20:49:43','2025-06-26 20:49:43'),(109,20,7,'2025-06-26 20:49:43','2025-06-26 20:49:43'),(110,20,10,'2025-06-26 20:49:43','2025-06-26 20:49:43'),(111,20,12,'2025-06-26 20:49:43','2025-06-26 20:49:43'),(112,20,14,'2025-06-26 20:49:43','2025-06-26 20:49:43'),(113,20,15,'2025-06-26 20:49:43','2025-06-26 20:49:43'),(114,20,17,'2025-06-26 20:49:43','2025-06-26 20:49:43'),(115,20,22,'2025-06-26 20:49:43','2025-06-26 20:49:43'),(116,20,24,'2025-06-26 20:49:43','2025-06-26 20:49:43'),(117,20,30,'2025-06-26 20:49:43','2025-06-26 20:49:43'),(118,20,31,'2025-06-26 20:49:43','2025-06-26 20:49:43'),(119,21,30,'2025-06-26 20:49:43','2025-06-26 20:49:43'),(120,22,1,'2025-06-26 20:49:43','2025-06-26 20:49:43'),(121,22,13,'2025-06-26 20:49:43','2025-06-26 20:49:43'),(122,22,20,'2025-06-26 20:49:43','2025-06-26 20:49:43'),(123,22,32,'2025-06-26 20:49:43','2025-06-26 20:49:43'),(124,23,1,'2025-06-26 20:49:43','2025-06-26 20:49:43'),(125,23,10,'2025-06-26 20:49:43','2025-06-26 20:49:43'),(126,23,14,'2025-06-26 20:49:43','2025-06-26 20:49:43'),(127,23,18,'2025-06-26 20:49:43','2025-06-26 20:49:43'),(128,23,21,'2025-06-26 20:49:43','2025-06-26 20:49:43'),(129,23,22,'2025-06-26 20:49:43','2025-06-26 20:49:43'),(130,24,14,'2025-06-26 20:49:43','2025-06-26 20:49:43'),(131,24,25,'2025-06-26 20:49:43','2025-06-26 20:49:43'),(132,24,27,'2025-06-26 20:49:43','2025-06-26 20:49:43'),(133,25,1,'2025-06-26 20:49:43','2025-06-26 20:49:43'),(134,25,8,'2025-06-26 20:49:43','2025-06-26 20:49:43'),(135,25,9,'2025-06-26 20:49:43','2025-06-26 20:49:43'),(136,25,13,'2025-06-26 20:49:43','2025-06-26 20:49:43'),(137,25,21,'2025-06-26 20:49:43','2025-06-26 20:49:43'),(138,25,24,'2025-06-26 20:49:43','2025-06-26 20:49:43'),(139,25,35,'2025-06-26 20:49:43','2025-06-26 20:49:43'),(140,26,1,'2025-06-26 20:49:43','2025-06-26 20:49:43'),(141,26,4,'2025-06-26 20:49:43','2025-06-26 20:49:43'),(142,26,9,'2025-06-26 20:49:43','2025-06-26 20:49:43'),(143,26,20,'2025-06-26 20:49:43','2025-06-26 20:49:43'),(144,26,24,'2025-06-26 20:49:43','2025-06-26 20:49:43'),(145,26,25,'2025-06-26 20:49:43','2025-06-26 20:49:43'),(146,26,26,'2025-06-26 20:49:43','2025-06-26 20:49:43'),(147,26,35,'2025-06-26 20:49:43','2025-06-26 20:49:43'),(148,27,16,'2025-06-26 20:49:43','2025-06-26 20:49:43'),(149,28,3,'2025-06-26 20:49:43','2025-06-26 20:49:43'),(150,28,11,'2025-06-26 20:49:43','2025-06-26 20:49:43'),(151,28,12,'2025-06-26 20:49:43','2025-06-26 20:49:43'),(152,28,24,'2025-06-26 20:49:43','2025-06-26 20:49:43'),(153,28,26,'2025-06-26 20:49:43','2025-06-26 20:49:43'),(154,28,32,'2025-06-26 20:49:43','2025-06-26 20:49:43'),(155,28,35,'2025-06-26 20:49:43','2025-06-26 20:49:43'),(156,29,4,'2025-06-26 20:49:43','2025-06-26 20:49:43'),(157,29,8,'2025-06-26 20:49:43','2025-06-26 20:49:43'),(158,29,16,'2025-06-26 20:49:43','2025-06-26 20:49:43'),(159,29,24,'2025-06-26 20:49:43','2025-06-26 20:49:43'),(160,30,24,'2025-06-26 20:49:43','2025-06-26 20:49:43'),(161,31,18,'2025-06-26 20:49:43','2025-06-26 20:49:43'),(162,31,27,'2025-06-26 20:49:43','2025-06-26 20:49:43'),(163,32,7,'2025-06-26 20:49:43','2025-06-26 20:49:43'),(164,32,11,'2025-06-26 20:49:43','2025-06-26 20:49:43'),(165,32,14,'2025-06-26 20:49:43','2025-06-26 20:49:43'),(166,32,15,'2025-06-26 20:49:43','2025-06-26 20:49:43'),(167,32,23,'2025-06-26 20:49:43','2025-06-26 20:49:43'),(168,32,25,'2025-06-26 20:49:43','2025-06-26 20:49:43'),(169,33,6,'2025-06-26 20:49:43','2025-06-26 20:49:43'),(170,33,8,'2025-06-26 20:49:43','2025-06-26 20:49:43'),(171,33,11,'2025-06-26 20:49:43','2025-06-26 20:49:43'),(172,33,15,'2025-06-26 20:49:43','2025-06-26 20:49:43'),(173,34,10,'2025-06-26 20:49:43','2025-06-26 20:49:43'),(174,34,29,'2025-06-26 20:49:43','2025-06-26 20:49:43'),(175,34,32,'2025-06-26 20:49:43','2025-06-26 20:49:43'),(176,35,9,'2025-06-26 20:49:43','2025-06-26 20:49:43'),(177,35,29,'2025-06-26 20:49:43','2025-06-26 20:49:43'),(178,36,6,'2025-06-26 20:49:43','2025-06-26 20:49:43'),(179,36,7,'2025-06-26 20:49:43','2025-06-26 20:49:43'),(180,36,18,'2025-06-26 20:49:43','2025-06-26 20:49:43'),(181,36,25,'2025-06-26 20:49:43','2025-06-26 20:49:43'),(182,36,32,'2025-06-26 20:49:43','2025-06-26 20:49:43'),(183,36,35,'2025-06-26 20:49:43','2025-06-26 20:49:43'),(184,37,5,'2025-06-26 20:49:43','2025-06-26 20:49:43'),(185,37,7,'2025-06-26 20:49:43','2025-06-26 20:49:43'),(186,37,9,'2025-06-26 20:49:43','2025-06-26 20:49:43'),(187,37,12,'2025-06-26 20:49:43','2025-06-26 20:49:43'),(188,37,23,'2025-06-26 20:49:43','2025-06-26 20:49:43'),(189,37,30,'2025-06-26 20:49:43','2025-06-26 20:49:43'),(190,37,33,'2025-06-26 20:49:43','2025-06-26 20:49:43'),(191,38,6,'2025-06-26 20:49:43','2025-06-26 20:49:43'),(192,38,34,'2025-06-26 20:49:43','2025-06-26 20:49:43'),(193,39,5,'2025-06-26 20:49:43','2025-06-26 20:49:43'),(194,39,10,'2025-06-26 20:49:43','2025-06-26 20:49:43'),(195,39,12,'2025-06-26 20:49:43','2025-06-26 20:49:43'),(196,39,27,'2025-06-26 20:49:43','2025-06-26 20:49:43'),(197,39,28,'2025-06-26 20:49:43','2025-06-26 20:49:43'),(198,39,30,'2025-06-26 20:49:43','2025-06-26 20:49:43'),(199,40,8,'2025-06-26 20:49:43','2025-06-26 20:49:43'),(200,40,14,'2025-06-26 20:49:43','2025-06-26 20:49:43'),(201,40,15,'2025-06-26 20:49:43','2025-06-26 20:49:43'),(202,40,33,'2025-06-26 20:49:43','2025-06-26 20:49:43'),(203,41,4,'2025-06-26 20:49:43','2025-06-26 20:49:43'),(204,41,6,'2025-06-26 20:49:43','2025-06-26 20:49:43'),(205,41,16,'2025-06-26 20:49:43','2025-06-26 20:49:43'),(206,41,17,'2025-06-26 20:49:43','2025-06-26 20:49:43'),(207,41,19,'2025-06-26 20:49:43','2025-06-26 20:49:43'),(208,41,20,'2025-06-26 20:49:43','2025-06-26 20:49:43'),(209,41,28,'2025-06-26 20:49:43','2025-06-26 20:49:43'),(210,41,31,'2025-06-26 20:49:43','2025-06-26 20:49:43'),(211,41,33,'2025-06-26 20:49:43','2025-06-26 20:49:43'),(212,41,34,'2025-06-26 20:49:43','2025-06-26 20:49:43');
/*!40000 ALTER TABLE `post_likes` ENABLE KEYS */;
UNLOCK TABLES;

--
-- Table structure for table `post_prices`
--

DROP TABLE IF EXISTS `post_prices`;
/*!40101 SET @saved_cs_client     = @@character_set_client */;
/*!50503 SET character_set_client = utf8mb4 */;
CREATE TABLE `post_prices` (
  `id` bigint unsigned NOT NULL AUTO_INCREMENT,
  `post_id` bigint unsigned NOT NULL,
  `price` decimal(8,2) NOT NULL,
  `currency` varchar(255) COLLATE utf8mb4_unicode_ci NOT NULL DEFAULT 'USD',
  `created_at` timestamp NULL DEFAULT NULL,
  `updated_at` timestamp NULL DEFAULT NULL,
  PRIMARY KEY (`id`),
  KEY `post_prices_post_id_foreign` (`post_id`),
  CONSTRAINT `post_prices_post_id_foreign` FOREIGN KEY (`post_id`) REFERENCES `posts` (`id`) ON DELETE CASCADE
) ENGINE=InnoDB AUTO_INCREMENT=54 DEFAULT CHARSET=utf8mb4 COLLATE=utf8mb4_unicode_ci;
/*!40101 SET character_set_client = @saved_cs_client */;

--
-- Dumping data for table `post_prices`
--

LOCK TABLES `post_prices` WRITE;
/*!40000 ALTER TABLE `post_prices` DISABLE KEYS */;
INSERT INTO `post_prices` VALUES (1,2,6.96,'USD','2025-06-26 20:49:43','2025-06-26 20:49:43'),(2,3,3.73,'USD','2025-06-26 20:49:43','2025-06-26 20:49:43'),(3,4,15.71,'USD','2025-06-26 20:49:43','2025-06-26 20:49:43'),(4,5,13.16,'USD','2025-06-26 20:49:43','2025-06-26 20:49:43'),(5,7,7.46,'USD','2025-06-26 20:49:43','2025-06-26 20:49:43'),(6,8,7.60,'USD','2025-06-26 20:49:43','2025-06-26 20:49:43'),(7,9,3.54,'USD','2025-06-26 20:49:43','2025-06-26 20:49:43'),(8,12,7.16,'USD','2025-06-26 20:49:43','2025-06-26 20:49:43'),(9,14,12.91,'USD','2025-06-26 20:49:43','2025-06-26 20:49:43'),(10,19,14.22,'USD','2025-06-26 20:49:43','2025-06-26 20:49:43'),(11,21,11.55,'USD','2025-06-26 20:49:43','2025-06-26 20:49:43'),(12,22,8.61,'USD','2025-06-26 20:49:43','2025-06-26 20:49:43'),(13,23,12.84,'USD','2025-06-26 20:49:43','2025-06-26 20:49:43'),(14,27,8.36,'USD','2025-06-26 20:49:43','2025-06-26 20:49:43'),(15,28,5.69,'USD','2025-06-26 20:49:43','2025-06-26 20:49:43'),(16,29,14.86,'USD','2025-06-26 20:49:43','2025-06-26 20:49:43'),(17,33,15.08,'USD','2025-06-26 20:49:43','2025-06-26 20:49:43'),(18,34,2.34,'USD','2025-06-26 20:49:43','2025-06-26 20:49:43'),(19,36,14.45,'USD','2025-06-26 20:49:47','2025-06-26 20:49:47'),(20,37,16.15,'USD','2025-06-26 20:49:47','2025-06-26 20:49:47'),(21,41,13.79,'USD','2025-06-26 20:49:47','2025-06-26 20:49:47'),(22,45,6.44,'USD','2025-06-26 20:49:47','2025-06-26 20:49:47'),(23,46,5.57,'USD','2025-06-26 20:49:47','2025-06-26 20:49:47'),(24,47,16.18,'USD','2025-06-26 20:49:47','2025-06-26 20:49:47'),(25,48,12.49,'USD','2025-06-26 20:49:47','2025-06-26 20:49:47'),(26,49,16.81,'USD','2025-06-26 20:49:47','2025-06-26 20:49:47'),(27,50,10.72,'USD','2025-06-26 20:49:47','2025-06-26 20:49:47'),(28,53,5.05,'USD','2025-06-26 20:49:47','2025-06-26 20:49:47'),(29,54,5.80,'USD','2025-06-26 20:49:47','2025-06-26 20:49:47'),(30,55,8.57,'USD','2025-06-26 20:49:47','2025-06-26 20:49:47'),(31,57,3.01,'USD','2025-06-26 20:49:48','2025-06-26 20:49:48'),(32,59,11.35,'USD','2025-06-26 20:49:48','2025-06-26 20:49:48'),(33,60,2.13,'USD','2025-06-26 20:49:48','2025-06-26 20:49:48'),(34,64,7.61,'USD','2025-06-26 20:49:48','2025-06-26 20:49:48'),(35,65,11.89,'USD','2025-06-26 20:49:48','2025-06-26 20:49:48'),(36,67,16.23,'USD','2025-06-26 20:49:48','2025-06-26 20:49:48'),(37,68,18.55,'USD','2025-06-26 20:49:48','2025-06-26 20:49:48'),(38,69,15.95,'USD','2025-06-26 20:49:48','2025-06-26 20:49:48'),(39,70,14.15,'USD','2025-06-26 20:49:48','2025-06-26 20:49:48'),(40,71,17.10,'USD','2025-06-26 20:49:48','2025-06-26 20:49:48'),(41,74,4.99,'USD','2025-06-26 20:49:48','2025-06-26 20:49:48'),(42,79,9.76,'USD','2025-06-26 20:49:48','2025-06-26 20:49:48'),(43,80,15.69,'USD','2025-06-26 20:49:48','2025-06-26 20:49:48'),(44,81,2.15,'USD','2025-06-26 20:49:48','2025-06-26 20:49:48'),(45,82,5.83,'USD','2025-06-26 20:49:48','2025-06-26 20:49:48'),(46,83,9.62,'USD','2025-06-26 20:49:48','2025-06-26 20:49:48'),(47,84,3.28,'USD','2025-06-26 20:49:48','2025-06-26 20:49:48'),(48,85,11.79,'USD','2025-06-26 20:49:48','2025-06-26 20:49:48'),(49,86,18.44,'USD','2025-06-26 20:49:48','2025-06-26 20:49:48'),(50,90,9.43,'USD','2025-06-26 20:49:48','2025-06-26 20:49:48'),(51,93,3.47,'USD','2025-06-26 20:49:48','2025-06-26 20:49:48'),(52,94,7.97,'USD','2025-06-26 20:49:48','2025-06-26 20:49:48'),(53,95,10.69,'USD','2025-06-26 20:49:48','2025-06-26 20:49:48');
/*!40000 ALTER TABLE `post_prices` ENABLE KEYS */;
UNLOCK TABLES;

--
-- Table structure for table `posts`
--

DROP TABLE IF EXISTS `posts`;
/*!40101 SET @saved_cs_client     = @@character_set_client */;
/*!50503 SET character_set_client = utf8mb4 */;
CREATE TABLE `posts` (
  `id` bigint unsigned NOT NULL AUTO_INCREMENT,
  `user_id` bigint unsigned NOT NULL,
  `body` text COLLATE utf8mb4_unicode_ci NOT NULL,
  `status` enum('published','draft','pending') COLLATE utf8mb4_unicode_ci NOT NULL DEFAULT 'published',
  `subscription_required` tinyint(1) NOT NULL DEFAULT '0',
  `payment_required` tinyint(1) NOT NULL DEFAULT '0',
  `created_at` timestamp NULL DEFAULT NULL,
  `updated_at` timestamp NULL DEFAULT NULL,
  PRIMARY KEY (`id`),
  KEY `posts_user_id_foreign` (`user_id`),
  CONSTRAINT `posts_user_id_foreign` FOREIGN KEY (`user_id`) REFERENCES `users` (`id`) ON DELETE CASCADE
) ENGINE=InnoDB AUTO_INCREMENT=96 DEFAULT CHARSET=utf8mb4 COLLATE=utf8mb4_unicode_ci;
/*!40101 SET character_set_client = @saved_cs_client */;

--
-- Dumping data for table `posts`
--

LOCK TABLES `posts` WRITE;
/*!40000 ALTER TABLE `posts` DISABLE KEYS */;
INSERT INTO `posts` VALUES (1,16,'Distinctio laboriosam sed est voluptas quaerat. Sit repudiandae in magni minima neque. Voluptas ut et qui ducimus ratione. Error et aut accusantium repudiandae. Qui quam et sed sed excepturi veniam quia.\n\nExercitationem sed et sed velit et tenetur. Dolor aut quia corrupti tempore ut. Consequatur quod autem est ut rerum omnis quas. Adipisci aut laudantium asperiores voluptas.\n\nQuasi labore et fugiat et nisi nihil. Non voluptatem sed alias consequatur molestias unde et quos. Nostrum amet architecto natus. Repudiandae sint voluptates a.','draft',0,0,'2025-06-26 20:49:43','2025-06-26 20:49:43'),(2,15,'Cum dignissimos at velit consectetur quasi nihil nihil. Doloremque molestiae labore maxime ut. Perferendis alias temporibus libero explicabo. Optio nihil consequuntur voluptas sint natus.\n\nPerferendis nulla quae possimus. Dolor facere accusamus maiores accusamus animi. In eum vero excepturi esse.\n\nOccaecati est quis nam. Laboriosam sunt minima recusandae. Incidunt asperiores dolorem est laborum illo optio. Nihil fugiat sed saepe nam facere est architecto.','pending',0,1,'2025-06-26 20:49:43','2025-06-26 20:49:43'),(3,37,'Impedit quia ipsum libero iure numquam magnam eos atque. Beatae est assumenda ut voluptatum omnis vel.\n\nDicta quo velit dolore qui consequatur repellat voluptas similique. Et magni itaque dolorem. Eius ut aspernatur voluptatem omnis est. Laudantium maxime voluptas voluptas labore sunt.\n\nPlaceat provident enim aut est voluptas officia. Natus officia impedit perferendis perspiciatis est.','pending',1,1,'2025-06-26 20:49:43','2025-06-26 20:49:43'),(4,39,'Excepturi dolor doloribus quis debitis ex consequatur minus. Earum rerum voluptas placeat voluptatibus corrupti. Voluptate id qui porro eveniet voluptatum. Sint id consequatur non qui quae voluptate. Ut quia temporibus tempore aut facilis consequuntur saepe.\n\nEarum qui quidem veritatis incidunt animi. Maiores esse ab earum fugiat magnam voluptas sed. Minima id ut provident esse iste. Rem officiis praesentium et. Autem quia sit magnam sint voluptas.\n\nDolores dicta repudiandae reprehenderit distinctio facilis laborum. Consequatur id ducimus nesciunt ut. Natus sed debitis odit eveniet. Ut optio sed aut rerum facilis explicabo. Est reprehenderit eos sint consequatur ullam voluptas sed.','draft',0,1,'2025-06-26 20:49:43','2025-06-26 20:49:43'),(5,19,'Molestiae delectus error repellendus autem at. Perspiciatis et voluptates perspiciatis eveniet eaque. Molestiae nihil dolor illum.\n\nOmnis earum nostrum nam odit porro saepe et. Nemo vitae commodi autem accusamus in. Veritatis facilis harum aut libero laboriosam non cum. Quidem id molestiae in.\n\nPlaceat et magnam sunt non molestiae. Aut dolore dolorem totam eos animi quos. Corrupti dolor nulla voluptatum ab non.','pending',0,1,'2025-06-26 20:49:43','2025-06-26 20:49:43'),(6,26,'Adipisci accusantium rerum vel tempore. Laudantium exercitationem in et molestiae sit sapiente est. Autem consequuntur consequatur iste ullam. Dolore doloribus ratione qui et dolorum minima sed sunt.\n\nSit tenetur voluptatem delectus vel autem aut tempore. Impedit corrupti perferendis voluptatibus qui facere sint. Ratione quaerat veniam recusandae ratione deserunt dolorem.\n\nOccaecati quam quidem qui officia eos vitae velit. Voluptatem vel adipisci aliquid dicta sit velit. Aut velit sapiente corporis commodi ut voluptate dolorem. Et non dolore quidem fugit architecto qui.','published',0,0,'2025-06-26 20:49:43','2025-06-26 20:49:43'),(7,27,'Sint magni magni amet fuga voluptates reprehenderit suscipit officia. Et libero aut est et est omnis. Et dignissimos consequatur et facere aspernatur reiciendis.\n\nImpedit ipsum sunt assumenda ipsum. Ut quod consequuntur et provident eum. Placeat minus et quia sit. Qui ullam vero tenetur autem maiores.\n\nEst voluptatem odio quo voluptatem vitae eos. Culpa reiciendis repellat nostrum impedit aperiam. Rerum et ut libero quam autem autem.','pending',0,1,'2025-06-26 20:49:43','2025-06-26 20:49:43'),(8,14,'Quod doloremque quae sapiente eaque aut. Doloribus iure perferendis quia ab similique nemo. Quae aspernatur suscipit quas suscipit et. Ea veritatis adipisci nihil quis quo unde.\n\nUt est voluptatem sint fugiat quaerat est voluptatem. Et aut nesciunt non ut facilis aliquam sunt. Qui et eum fugiat impedit et autem. Doloribus sint aut assumenda.\n\nNulla quam voluptatem dolores sed at incidunt id. Non est natus neque dolor. Occaecati at suscipit sed. Odit reiciendis reiciendis enim harum aut velit. Provident maiores voluptatem ipsa deleniti ea possimus.','draft',0,1,'2025-06-26 20:49:43','2025-06-26 20:49:43'),(9,23,'Fugit asperiores vitae corrupti et minima inventore. Non dolorem dolorem sed ipsum qui. Sapiente nostrum dolorem qui inventore rerum quos. Provident est accusamus assumenda nesciunt temporibus quam suscipit.\n\nDolorem autem vero sed at nihil et illo ut. Ea consequatur incidunt qui qui harum eum sed. Tempore corporis quam in commodi et. Atque totam earum minima sed. Et exercitationem in sint est sit reiciendis.\n\nRatione consequatur ut rerum voluptas. Rem voluptates vitae vitae voluptas. Et veritatis eveniet veniam enim cupiditate provident omnis. Nihil inventore quo quae ut libero.','published',0,1,'2025-06-26 20:49:43','2025-06-26 20:49:43'),(10,16,'In nemo quia rerum quam molestiae cupiditate. Id voluptatem ipsam id quisquam expedita quam. Asperiores occaecati nostrum dolor voluptas. Porro molestiae deserunt consectetur ipsa iusto aut.\n\nUt omnis et quia eum ea. Eos sit voluptatem est. Qui molestiae voluptatibus enim est vel dolor. Qui beatae in aspernatur laborum occaecati suscipit mollitia.\n\nSimilique et et quia. Et qui omnis sint voluptate quisquam ad ipsa. Quia odio debitis quasi quia sunt molestiae. Omnis modi expedita quia repudiandae itaque eum et.','pending',0,0,'2025-06-26 20:49:43','2025-06-26 20:49:43'),(11,24,'Dolore molestiae beatae aut accusantium asperiores voluptas est. Omnis ad cumque nam molestias totam sed consequatur. Ut repudiandae ut fugiat corrupti nostrum temporibus inventore maxime.\n\nMaxime delectus est voluptas illo vero et. Consequatur consequatur illum ex ducimus. At ut ex dolore est et quia. Repellat assumenda accusamus similique consequatur illo unde repellendus.\n\nIpsa vitae pariatur aut doloribus earum. Ut laborum suscipit a magni. Rerum qui corporis consequatur. Rerum sit eaque laudantium ratione et. Occaecati est repellendus architecto aut et aperiam.','draft',0,0,'2025-06-26 20:49:43','2025-06-26 20:49:43'),(12,16,'Amet sit et eum placeat saepe. Enim occaecati magni accusamus similique sunt est. Sit architecto qui consequatur officia enim. Atque commodi iusto quos repellat est.\n\nAmet officiis id temporibus eos. Adipisci aperiam distinctio quo molestias sequi. Voluptas aliquid ipsum rerum totam hic nesciunt voluptas. Voluptatem officia repellat expedita sunt magnam tempore.\n\nVitae et officiis ut occaecati alias necessitatibus. Ad magnam dignissimos eos sint quam velit sapiente. Molestiae odit laudantium voluptatem sed aliquid. Sint est totam ut quia accusantium.','published',0,1,'2025-06-26 20:49:43','2025-06-26 20:49:43'),(13,12,'Beatae iste fugit harum nemo in blanditiis qui. Recusandae magnam rerum quia aut eligendi culpa. Aut eos enim culpa hic mollitia.\n\nSed et nobis et mollitia sed. Quibusdam officiis maiores aut soluta nihil. Error iusto vel occaecati ducimus cum ut necessitatibus et. Non eaque aut vero quia qui ea harum.\n\nEt quod dicta voluptates est qui. Natus debitis quis consequatur sunt voluptatem. Nostrum nostrum ut repellendus.','draft',0,0,'2025-06-26 20:49:43','2025-06-26 20:49:43'),(14,19,'Dolor sunt nostrum voluptas eveniet et iure. Autem dolores deleniti quia sed dolor est. Explicabo qui perferendis sint nihil quod repellendus ipsum. Cupiditate rerum et hic cum eum. Et molestiae deserunt assumenda nisi ea et.\n\nSit ut et voluptas ipsa nobis est. Repudiandae consectetur numquam fuga voluptates eum inventore quaerat. Maiores ut dignissimos laborum dolores.\n\nEt quos praesentium quis blanditiis ex sit mollitia. Voluptas eos itaque enim numquam deleniti temporibus. Qui illum eos delectus est eveniet ipsa.','pending',1,1,'2025-06-26 20:49:43','2025-06-26 20:49:43'),(15,23,'Ad ut porro dignissimos explicabo praesentium est. Itaque nisi est eveniet inventore. Optio pariatur quo fuga perspiciatis aliquid atque. Voluptas tempora ut et sapiente in. Suscipit animi dolore sint laboriosam harum nisi sed labore.\n\nAb voluptate fugit et omnis esse aut quo. Et non placeat aspernatur aspernatur corrupti. Soluta at laborum consequatur atque reprehenderit velit. Repellat impedit et est similique est id et. Quia eos in est.\n\nConsectetur recusandae eum non ea eligendi. Repudiandae velit iure amet et commodi. Occaecati odit cumque quam explicabo et consectetur. Fugit et cupiditate minima est veritatis nam deserunt.','pending',1,0,'2025-06-26 20:49:43','2025-06-26 20:49:43'),(16,15,'Quidem pariatur minima quia quibusdam consectetur. Quis ducimus quis voluptatem ut et consequuntur. Architecto ducimus autem sit hic alias. Cum veniam enim voluptas et.\n\nPlaceat doloribus quo reiciendis nam. Recusandae molestiae dolore aperiam sint error. Ut et non magni placeat atque. Non fugiat provident ea a accusantium voluptatum hic provident.\n\nReiciendis incidunt facilis omnis ad et qui. Consequatur vero ad officia aut sequi.','draft',0,0,'2025-06-26 20:49:43','2025-06-26 20:49:43'),(17,31,'Quia laboriosam reprehenderit impedit suscipit asperiores. Ut ducimus sed doloremque nesciunt. Exercitationem est consequuntur modi ut. Voluptas soluta adipisci dolorem nostrum minus reprehenderit temporibus.\n\nVel molestias ducimus aspernatur ea. Et consequatur in eius omnis delectus id. Omnis quibusdam et qui autem.\n\nDebitis sint consequatur ut dolorem earum ea doloribus. Ipsa quis minima aut nihil asperiores qui. Laborum cum sed molestiae quas laborum. Dolores sed voluptas expedita quibusdam sit.','draft',0,0,'2025-06-26 20:49:43','2025-06-26 20:49:43'),(18,35,'Magni quia qui porro explicabo numquam quos consequatur. Totam pariatur magni eveniet quia eos. Quae mollitia repellendus debitis assumenda placeat temporibus. Omnis expedita architecto totam iste.\n\nVelit blanditiis enim ut fugiat libero voluptatum. Eum et quaerat incidunt qui et aspernatur ut. Officiis est eum dolorum. Facilis pariatur quod sint officia.\n\nIusto dolores magni et velit. Maiores omnis occaecati omnis voluptatibus optio. Quis laudantium ex illo ducimus quibusdam cumque est. Omnis id ipsam et sed optio quibusdam.','pending',0,0,'2025-06-26 20:49:43','2025-06-26 20:49:43'),(19,13,'Est iusto quas aut molestias perferendis omnis ea. Quae impedit architecto quia dolores omnis laboriosam temporibus. Veniam earum quas reprehenderit eius. Amet voluptatum illo ea voluptatibus et.\n\nDolor eaque occaecati in earum illum omnis ex minima. Enim expedita voluptatem velit tenetur assumenda quas. Error asperiores eos totam illum voluptatibus quia possimus dolores. Possimus reiciendis ipsam minima reprehenderit.\n\nCum reprehenderit iusto nihil est deleniti rerum. Ut voluptatibus vitae commodi fuga atque dolore voluptates sed. Ipsum id placeat cupiditate illo est voluptatum unde.','published',0,1,'2025-06-26 20:49:43','2025-06-26 20:49:43'),(20,27,'Id quo quaerat enim dolore. Sint architecto doloremque quia. Quisquam provident adipisci sed reprehenderit voluptas nostrum perferendis.\n\nMolestiae explicabo perspiciatis iusto et qui aut culpa. Cumque exercitationem eum et qui consequatur. Quia nihil recusandae optio quis omnis totam. Sint et id dolores dicta assumenda dolorem illum saepe. Aspernatur possimus repudiandae est voluptate aut ad.\n\nNemo aut repellat id perferendis dolorem. Perferendis alias reiciendis culpa. Velit officiis sint ea consequatur omnis cumque. Iure nihil debitis id vero quia assumenda. Et consequatur rem sint praesentium provident placeat.','published',1,0,'2025-06-26 20:49:43','2025-06-26 20:49:43'),(21,19,'Delectus repellat aperiam cumque consequuntur eius ipsum. Sapiente ut aliquam asperiores dolores qui pariatur. Consequuntur placeat cum sit omnis.\n\nQuia eum laudantium accusantium. Ex similique et eum labore.\n\nOmnis dolor earum voluptas nam. Quia fugit inventore omnis magni. Voluptate ad et est. Amet porro necessitatibus dolorem voluptatibus et dignissimos.','published',0,1,'2025-06-26 20:49:43','2025-06-26 20:49:43'),(22,31,'Sed voluptatem commodi ratione magni dolorem. Aut dignissimos eos minima deserunt alias laudantium voluptas. Commodi tenetur vel tempora et voluptatem odit dolor. Dolore cupiditate voluptatem nisi.\n\nArchitecto qui sit nam quia quis. A voluptatibus vero molestiae explicabo ipsa sit hic qui. Enim non similique assumenda quidem. Odio iusto occaecati expedita sit optio ut facere.\n\nLaborum rerum id ex numquam. Ducimus fugit sit voluptate ducimus. A ullam voluptate et cumque eum quibusdam.','pending',1,1,'2025-06-26 20:49:43','2025-06-26 20:49:43'),(23,34,'Similique amet voluptatem nihil saepe impedit at fugiat. Voluptatem ratione non et tempora quasi. Perspiciatis quisquam vitae at est consequatur iusto. Qui est adipisci rerum quia amet voluptatum.\n\nIusto qui architecto magnam ut molestiae possimus aperiam reiciendis. Qui fuga et officiis molestiae omnis beatae sint. Iste autem aliquam aliquam sapiente. Quia inventore tempore natus aut.\n\nTempora voluptates et ad aliquid voluptates. Facere at sunt eum et optio perferendis iure. Impedit numquam sunt nam est magnam vel quisquam.','pending',0,1,'2025-06-26 20:49:43','2025-06-26 20:49:43'),(24,37,'Incidunt optio necessitatibus ut ut libero. Qui qui qui error fugit iure perferendis qui sed. Ut dolor aliquid consequatur aut nobis nemo. Tempora tempora placeat est fuga.\n\nDoloribus atque nobis nihil in. Voluptatem repudiandae nulla enim dolor nihil. Earum eum doloremque aut maxime et animi itaque est. Est magnam pariatur aut ut facere ducimus fugit.\n\nUt aperiam maxime quam quo. Quod voluptates molestiae beatae. Assumenda temporibus dolorem enim ut ex. Fugit labore quia minima et est vel laboriosam omnis.','published',0,0,'2025-06-26 20:49:43','2025-06-26 20:49:43'),(25,30,'Debitis porro est dicta odio totam id. Commodi assumenda autem enim et. Consequatur velit est odit quidem veritatis aut sit cum.\n\nAccusamus quo amet at quia ea ducimus et. Qui fugit quos earum in ea rerum officia. Odit repellendus repellat nihil quod. Dolores et libero et id. Aut voluptas sequi dolores ut qui eum sint.\n\nEst esse nostrum qui sit quam quas corrupti. Aliquid dolorem unde blanditiis autem consequuntur in. Rerum magnam autem et totam et. Corrupti voluptatem libero qui corrupti reiciendis consequuntur. In dolorem autem quia eos neque occaecati fugiat.','draft',0,0,'2025-06-26 20:49:43','2025-06-26 20:49:43'),(26,21,'Quo sequi voluptate quibusdam veritatis placeat nihil consequuntur. Soluta quisquam sed eos accusantium officiis. Hic velit atque consectetur officia voluptatibus.\n\nSit corrupti placeat est sit. Dicta ducimus molestiae voluptatem ducimus expedita omnis. Vel tenetur tenetur consequatur id cumque id.\n\nEt minima voluptas vel. Ut qui sed est consequatur placeat. Consequatur minima eum sit non. Magnam recusandae magni dolores. Voluptatum et et sint quo placeat assumenda in.','pending',0,0,'2025-06-26 20:49:43','2025-06-26 20:49:43'),(27,29,'Voluptatibus ut aperiam repellat ad nam quae. Porro nulla velit natus. Non eum perspiciatis reprehenderit magni enim eos. Quis asperiores hic ab quis inventore illo.\n\nA et nostrum animi vitae eos accusamus. In sequi qui error odio. Deserunt reprehenderit quam aperiam ut ab quia.\n\nOdio magni et in cupiditate sed. Odit et quisquam reiciendis et. Quis harum nihil facere nihil. Officiis autem non laboriosam velit delectus deleniti laboriosam aut.','draft',0,1,'2025-06-26 20:49:43','2025-06-26 20:49:43'),(28,29,'Vitae nostrum fugiat quod nulla. Necessitatibus eligendi libero sed magni labore rerum aspernatur. Cum aliquid ut quae non.\n\nUt aperiam sint molestias illum cupiditate. Quibusdam officia illum voluptas suscipit minus placeat sapiente. Mollitia eligendi omnis quas. Consequatur sed ipsa et.\n\nLaboriosam et est maxime magnam eum illum dolorum. Exercitationem omnis consequatur et accusamus dolorum unde minima. Eveniet est ipsum at repudiandae voluptas aliquid voluptates.','published',0,1,'2025-06-26 20:49:43','2025-06-26 20:49:43'),(29,21,'Optio deleniti est sed veniam placeat. Nulla quia eligendi modi provident. Dolor doloribus ratione eligendi ab officiis voluptatum cupiditate neque.\n\nSoluta perspiciatis sed dolor incidunt molestiae in voluptas. Quisquam sed alias itaque aut. Id laboriosam ea labore enim illum.\n\nAtque voluptatum et autem quia et expedita. Est ullam eaque quisquam repudiandae earum sit rerum. Omnis odio consequuntur autem autem numquam.','published',0,1,'2025-06-26 20:49:43','2025-06-26 20:49:43'),(30,26,'Voluptatem quia deserunt distinctio labore illo. Repudiandae aliquid maxime adipisci laudantium. Sint accusantium et natus veritatis ut voluptas.\n\nSunt ut iusto sint adipisci voluptatem doloribus cum voluptas. Consequuntur cum temporibus nihil consequatur reprehenderit eos quidem. Et vero ducimus aut enim ut distinctio dolores similique. Voluptas eos vitae numquam voluptatem ut alias.\n\nSint ipsa inventore magnam itaque explicabo cumque. Similique ea nisi rerum voluptate. Exercitationem molestiae non voluptas quas quia velit eligendi. Est ipsum temporibus maxime aperiam temporibus quisquam.','published',0,0,'2025-06-26 20:49:43','2025-06-26 20:49:43'),(31,39,'Temporibus vel et provident quia magnam. Ex est nostrum suscipit doloremque. Ea est dolore est officia. Quam minus fugit est ea.\n\nExercitationem voluptatum aperiam autem rerum eveniet. Est non quasi accusantium qui nam tenetur. Rerum qui quae eveniet voluptate. Quis totam minus doloribus animi velit rerum sunt. Ipsa eius suscipit et dicta.\n\nFugiat a eius voluptas ipsam voluptas iusto. Sunt temporibus corrupti et nisi vitae autem consequuntur. Itaque est corporis aspernatur voluptas adipisci error dolorem. Dolores quis accusantium corrupti optio et vitae.','pending',1,0,'2025-06-26 20:49:43','2025-06-26 20:49:43'),(32,25,'Voluptatum ea veniam quos quas. Harum sapiente quia occaecati ipsam. Temporibus cumque reprehenderit eveniet quae. Consequuntur quia omnis sed non sit natus.\n\nTempora mollitia debitis in et exercitationem. Accusamus nulla alias officiis. Velit est eum laborum corporis impedit et rerum a. Consequatur cumque eos ut animi numquam. Earum iusto eos autem earum.\n\nIpsum rerum ratione nulla. Necessitatibus rem ipsa ea nihil. Repudiandae blanditiis omnis dicta enim. Suscipit ullam accusamus accusamus qui exercitationem in.','published',0,0,'2025-06-26 20:49:43','2025-06-26 20:49:43'),(33,11,'Voluptatum enim non odit tenetur doloribus. Ea ipsum tenetur rem libero dicta neque doloribus. Pariatur at eos in earum.\n\nVoluptatum earum enim sapiente consequuntur distinctio aut. Nostrum soluta in sit esse sint laborum alias. Nam et beatae quam aut quos quia sed.\n\nArchitecto et ab non eaque. Non facilis sequi mollitia ex. Culpa harum dolorum placeat et. Maxime aut quibusdam est deserunt accusantium non rerum. Iste et cum non et.','published',0,1,'2025-06-26 20:49:43','2025-06-26 20:49:43'),(34,31,'Voluptas nisi modi ut illo architecto consequatur occaecati. Nesciunt iure tempora fuga. Fugiat et qui nobis ut odit harum labore.\n\nAtque ipsum non quae quam libero ut. Laboriosam nihil et corporis error. Temporibus expedita facilis qui cupiditate possimus.\n\nFacere laboriosam soluta quas fuga. Aut sit incidunt ipsa voluptatem nesciunt modi maiores. Quisquam excepturi consequatur illo reiciendis.','draft',0,1,'2025-06-26 20:49:43','2025-06-26 20:49:43'),(35,12,'Nam nihil ut deserunt minima molestiae. Provident ad voluptas sit deleniti. Assumenda quis aut quia.\n\nEveniet eum impedit sequi illo. Est eius et aspernatur mollitia reprehenderit. Sed et itaque blanditiis ex quasi temporibus possimus. Rem consequatur earum impedit vel fugit qui deleniti consequatur.\n\nIncidunt laboriosam dolores id eum. Assumenda eligendi ut quos similique.','pending',1,0,'2025-06-26 20:49:43','2025-06-26 20:49:43'),(36,11,'Accusantium consequatur eveniet sint sunt. Laudantium quia pariatur accusamus exercitationem quia suscipit harum. Numquam minima ut in et consequatur veritatis provident.\n\nUt aut sit dolorem et ipsam a et. Ipsa at perferendis et eaque rerum distinctio. Fugiat minus voluptas quasi eaque aut nobis in.\n\nCupiditate quia hic et molestias porro. Voluptas quia ut facere ut. Rerum exercitationem voluptate illum non libero placeat ea.','draft',0,1,'2025-06-26 20:49:47','2025-06-26 20:49:47'),(37,11,'Nobis repellendus rerum cum veritatis sit perspiciatis consequuntur. Voluptas alias nostrum vitae nostrum. Saepe qui consectetur quam vero eum quas. Optio numquam voluptatibus aut quia consequuntur fugiat ipsa architecto.\n\nReiciendis molestiae eligendi molestiae officiis rerum. Est quas quam molestias. In consequatur mollitia atque dolor porro qui non.\n\nOdio quia iure impedit blanditiis voluptas. Excepturi nostrum doloribus enim fugit hic ea. Rem incidunt voluptatem consectetur sapiente eaque.','published',0,1,'2025-06-26 20:49:47','2025-06-26 20:49:47'),(38,11,'Magnam perspiciatis fuga non debitis ducimus assumenda eveniet nostrum. Omnis perspiciatis repellat autem soluta qui quo.\n\nRerum mollitia non labore quia aliquid ab ipsa. Facilis eveniet illum et distinctio velit qui qui.\n\nFuga quis sit at ducimus. Aliquid tempore iusto labore repellat. Omnis rerum molestiae impedit repellendus enim id et. Sunt sed ex sed. Rerum id eum voluptatem maxime sapiente dolorem.','pending',0,0,'2025-06-26 20:49:47','2025-06-26 20:49:47'),(39,12,'Veniam suscipit qui sint ad. Voluptate vel est necessitatibus quia sequi tempora. Sunt sequi animi quis aliquam autem ea inventore.\n\nConsequatur hic quae neque odit ad aut sit. Architecto saepe adipisci fuga eos soluta non sed. Consectetur ut fuga aut impedit aliquam repudiandae non. Et fugiat qui officia quasi et et beatae et.\n\nLaborum amet eum eveniet dolores libero. Aut necessitatibus dolor ipsam incidunt debitis. Omnis dolores provident perferendis labore ratione.','draft',0,0,'2025-06-26 20:49:47','2025-06-26 20:49:47'),(40,12,'Autem qui fugit nihil iste cumque enim. Omnis sed optio qui optio quia.\n\nVeritatis dolorem soluta magni ut et porro. Est deserunt hic ipsa neque rerum asperiores necessitatibus. Quisquam est incidunt aliquam asperiores aperiam.\n\nEt maiores est eius commodi ut omnis. Nesciunt nisi quo neque rerum maiores saepe deleniti. Voluptatem sit necessitatibus dolores aut molestiae ut qui.','draft',0,0,'2025-06-26 20:49:47','2025-06-26 20:49:47'),(41,13,'Minus accusantium facere ad consequatur magni. Sit molestias tempora ipsum dolores deleniti eaque sit. Qui iure illo corporis odio.\n\nVoluptatibus tempore saepe aut. Molestiae incidunt enim est. Aut sit ut voluptatem modi est quaerat. Et asperiores quia ut sed nemo accusantium accusantium velit.\n\nNobis quidem ut est doloremque vel voluptatem. Quis expedita ipsam sed officiis.','published',1,1,'2025-06-26 20:49:47','2025-06-26 20:49:47'),(42,13,'Neque recusandae a dolor voluptatibus sed veniam omnis. Mollitia provident asperiores voluptatem eveniet. Voluptatem aut nihil qui autem. Et corporis placeat dicta eum.\n\nLabore blanditiis repellendus odit temporibus sed molestias ut. Inventore corrupti officia dolorem consequatur beatae esse est. Vero quisquam laudantium quis voluptatum. Quas quia ea facere assumenda culpa ut.\n\nOdit natus beatae corrupti. Reiciendis error fuga excepturi sunt nobis. Magnam debitis est magni magni ipsa.','draft',0,0,'2025-06-26 20:49:47','2025-06-26 20:49:47'),(43,14,'Quis enim explicabo nemo consequatur aspernatur. Quae eaque fugiat qui omnis aut ad suscipit. Culpa dolorem natus quae quia temporibus aut fuga. Accusamus unde est ipsa consequuntur delectus voluptatum officia assumenda.\n\nIpsa facere beatae officia porro enim officia vero molestias. Voluptates est sed quia eligendi qui animi. Assumenda fuga enim fugit eum error. Et qui iure ex dolores eos quis ab voluptatem.\n\nAut vero quaerat quidem. Corrupti laudantium sequi qui error provident voluptate. Sunt ut labore in.','draft',0,0,'2025-06-26 20:49:47','2025-06-26 20:49:47'),(44,14,'Sit reiciendis magnam blanditiis dolorem ex. Aut necessitatibus distinctio natus dicta earum pariatur officia. Est nobis quo facilis veniam similique. Odit totam doloribus iste maiores.\n\nDolorem itaque iusto suscipit aliquam porro corporis. Iure repellendus hic expedita est cumque qui reprehenderit. Sit atque earum eveniet quasi eius natus et architecto. Occaecati ut sequi pariatur alias alias qui. Et perferendis vel quaerat dolore maxime.\n\nNesciunt et sint corporis optio veniam quis. Quis quia rem dignissimos minima optio minima maxime. Repellat aut aperiam alias architecto.','published',0,0,'2025-06-26 20:49:47','2025-06-26 20:49:47'),(45,15,'Rerum et vero fugiat eaque qui recusandae. Ut aperiam quidem recusandae dolor suscipit quae quod. Voluptas et dolor reiciendis velit et ut.\n\nAutem minus est exercitationem et modi. Nihil enim nisi pariatur perspiciatis et sit. Iusto aut qui a quia est. Quos fuga porro earum consequuntur et.\n\nLaborum quos reiciendis doloremque quia omnis. Nobis dicta ullam iste ut et. Non omnis recusandae omnis minima.','published',1,1,'2025-06-26 20:49:47','2025-06-26 20:49:47'),(46,15,'Et quia omnis accusantium tempore rerum. Rerum error blanditiis voluptas nobis nihil qui porro. Perferendis ipsam iste provident beatae.\n\nQuia ad error ab eveniet. Enim tenetur perferendis ullam voluptate. Et eum magni iste et cum nesciunt.\n\nPraesentium amet et occaecati enim corporis molestiae ipsum aut. Error et voluptate excepturi. Doloribus incidunt nesciunt accusamus nisi sapiente cumque. Similique et non deserunt voluptatem ut fugiat vitae.','draft',0,1,'2025-06-26 20:49:47','2025-06-26 20:49:47'),(47,15,'Ab aperiam aliquid molestias voluptas odit est nobis. Repellendus corporis fugiat sed officiis earum sint id. Qui sit consectetur fugiat molestias ea iusto fugit. Quibusdam possimus quo aut inventore veniam iusto laudantium. Dolor et exercitationem necessitatibus voluptatem quia quam dolor sed.\n\nEt qui ipsa eos labore iusto. Omnis voluptatem beatae earum illum ex odit inventore esse. Minus deleniti quibusdam atque dolorem similique ad ratione cum.\n\nMolestias et delectus quidem officiis. Et ducimus et architecto sint.','published',0,1,'2025-06-26 20:49:47','2025-06-26 20:49:47'),(48,16,'Fugiat delectus voluptatum eaque nobis quas ratione vel. Ut at rem quo nostrum consequuntur cumque consequatur vel. Ut maiores dolorem et odio. Maxime a hic qui.\n\nRerum maxime culpa dolor rerum perferendis. Quo dignissimos quia voluptas consequatur sint laboriosam impedit ut. Et qui nisi libero quis provident eaque incidunt. Ratione quasi cum dolorum dolor est culpa facere.\n\nVoluptates non natus non quaerat rerum animi. Qui fugiat autem excepturi illo dolorem. Officiis quis accusamus ut perspiciatis accusamus facere.','published',0,1,'2025-06-26 20:49:47','2025-06-26 20:49:47'),(49,16,'Porro ut dolore fugit ex pariatur ut fuga. Quasi libero qui et et totam. Quasi enim corporis rerum ullam enim eligendi. Aut voluptas quas ullam inventore ad aut.\n\nEt sint est nulla nostrum nulla. Eos voluptate aliquid nam suscipit consequuntur sint fuga neque. Eveniet voluptatem et animi quia qui quis.\n\nTenetur fuga ut omnis aut rem quis. Quod aperiam dolor cumque est. Id et saepe ipsam quidem consequatur. Asperiores nulla consequatur sit id.','pending',0,1,'2025-06-26 20:49:47','2025-06-26 20:49:47'),(50,16,'Minima animi velit nobis possimus aut laborum. Eaque in et eum quas mollitia. Nostrum expedita voluptatem mollitia aut laboriosam corporis. Mollitia et architecto pariatur repellat.\n\nRepellat inventore et ullam soluta. Delectus ad quis hic blanditiis. Cupiditate quia nisi atque temporibus eveniet molestias. Iusto sint id iure molestiae qui et et.\n\nLibero voluptatem aut perferendis officiis et laborum. Quidem et temporibus minima labore nostrum et non voluptatem. Distinctio non ea reiciendis accusantium debitis aut voluptas.','published',0,1,'2025-06-26 20:49:47','2025-06-26 20:49:47'),(51,17,'Et voluptatibus quas facere ducimus aspernatur aut. Molestiae alias sed optio velit. Ipsa molestiae omnis nobis aut recusandae rerum animi.\n\nVel aut odit fuga repellendus assumenda eveniet reiciendis nam. Consequuntur quia est ut fugiat molestiae aut quisquam ullam. Officiis error quo reiciendis vero. Molestiae recusandae fugit qui voluptatum quae porro.\n\nLabore sit a debitis perspiciatis quo. Ipsam velit quidem numquam velit. Quis ipsam et enim impedit numquam nihil et. Nesciunt possimus fugiat veritatis ipsam tempora.','published',0,0,'2025-06-26 20:49:47','2025-06-26 20:49:47'),(52,17,'Temporibus doloribus consequuntur eos voluptas suscipit. Sunt iusto nemo quae necessitatibus doloribus qui. Voluptas quo distinctio ea facere quo. Est delectus in voluptates ut porro.\n\nEst sed est et exercitationem ut. Non sit eos id inventore quae. Voluptas quia ut reiciendis iusto quia voluptatem. Incidunt velit exercitationem animi sit quasi adipisci et.\n\nSed nostrum est iure et doloribus tenetur et qui. Quibusdam dolor neque architecto ut iure qui iste. Harum sed minima atque earum.','pending',1,0,'2025-06-26 20:49:47','2025-06-26 20:49:47'),(53,17,'Accusamus sint sit in facilis ut nam omnis. Nulla odit amet impedit omnis. Magni est eos iure expedita.\n\nDolore assumenda possimus facilis. Quidem dicta non dolor numquam aperiam. Voluptas impedit ut commodi dolores eum doloribus impedit. Sunt necessitatibus voluptate officiis hic.\n\nDoloremque earum deleniti id rerum ipsam facere. Rerum quasi in omnis. Explicabo et quae consequuntur sint similique.','published',0,1,'2025-06-26 20:49:47','2025-06-26 20:49:47'),(54,18,'Deleniti voluptas nostrum nobis debitis quisquam a. Iste dolorum assumenda dolores sunt voluptatem. Inventore optio delectus et beatae dignissimos voluptatem rerum quod.\n\nDolore aut voluptas cumque nulla. Ipsa voluptas error quos soluta commodi atque voluptatem. Accusantium autem voluptatem voluptatum dolor ea rerum.\n\nEa vel corporis est adipisci laboriosam sit. Ratione id exercitationem corporis architecto laudantium. Exercitationem cumque animi quod aliquam qui.','pending',0,1,'2025-06-26 20:49:47','2025-06-26 20:49:47'),(55,18,'Et ex veniam aliquid non soluta vitae et mollitia. Tempore mollitia ut nulla. Itaque a incidunt qui praesentium nesciunt fugit nulla.\n\nRatione et et voluptates vitae. Aliquam est eaque exercitationem labore culpa. Soluta magni voluptas reiciendis laborum quia id in sunt. Repellat est omnis harum similique placeat sunt.\n\nDeleniti nihil iste enim modi fuga nulla aliquam. Nihil est est ut velit ab minima ipsa. Natus dolor officia iure consectetur blanditiis accusantium.','pending',1,1,'2025-06-26 20:49:47','2025-06-26 20:49:47'),(56,19,'Nemo cumque ipsum beatae. Doloremque eaque ut suscipit ut. Optio ut sunt delectus reprehenderit id aliquam ea. Autem et itaque veniam ut atque magnam distinctio.\n\nCorrupti facere consequatur amet modi sit dolorem atque. Exercitationem et quis vel beatae quia aliquid. Consectetur iusto omnis quia dicta numquam.\n\nDelectus culpa laborum rerum in. Fuga ipsam neque excepturi sed quaerat quo et nihil. Doloribus labore est quae maiores qui ut voluptatum exercitationem. Consequatur occaecati aspernatur vel ut corrupti dolores quis.','pending',0,0,'2025-06-26 20:49:47','2025-06-26 20:49:47'),(57,19,'Unde voluptatem omnis non voluptas quaerat et repellendus. Quos sit maiores dolores cumque repellat in. Non quo ipsum sed quos.\n\nDebitis sunt libero voluptatem in quidem voluptatem laborum aliquam. Nobis vel dolorem voluptatem ducimus. Nulla hic iure voluptates aliquid. Quaerat distinctio voluptas consequatur quisquam perspiciatis.\n\nTemporibus necessitatibus modi nihil dicta modi veritatis qui dolorum. Optio eligendi aspernatur dignissimos fugit tenetur non. Ex omnis quibusdam possimus placeat quia natus quia.','published',0,1,'2025-06-26 20:49:48','2025-06-26 20:49:48'),(58,20,'Laudantium excepturi ipsa dolore ex. Rerum aut repellendus saepe vero voluptas. Et beatae est quia omnis.\n\nNihil accusamus ipsa qui ab. Repellendus et dolorem cum id. Fugiat rerum maxime sunt ut. Est nemo voluptatem et veritatis ut. Aut est est quam repudiandae quod.\n\nQuis soluta alias sit qui similique qui voluptatibus optio. Dignissimos quidem minima doloribus nulla corrupti non minima. At dolorem et excepturi est eveniet deserunt.','published',0,0,'2025-06-26 20:49:48','2025-06-26 20:49:48'),(59,20,'Est itaque tenetur repellendus aut. Labore blanditiis atque unde excepturi consequatur provident. Quae ut dolorem laborum quas ullam. Est numquam minima qui amet.\n\nQuia debitis rerum culpa aut ullam. Est cum animi iure in est repellendus qui aliquam. Cumque earum impedit ab ea.\n\nDolore sunt sunt amet enim aperiam sit quasi. Recusandae et quis temporibus et veniam earum cum rerum. Eligendi recusandae sit dolor in unde. Non dolore reiciendis ut voluptates.','draft',0,1,'2025-06-26 20:49:48','2025-06-26 20:49:48'),(60,21,'Odio eius sit aperiam quae. Nihil sint saepe impedit doloremque et totam temporibus. Enim cumque maiores nihil dolorem sunt aut quidem delectus. Sint porro saepe occaecati quas et.\n\nEa laborum voluptates enim quibusdam fuga inventore delectus. Et velit quae ut nulla enim. Facere esse et iure.\n\nDucimus nulla sunt aperiam natus quasi. Dolores et ullam occaecati repudiandae. Omnis voluptas dolor est consectetur enim reiciendis sit voluptatum. Sequi ut alias veritatis. Non et voluptates explicabo ducimus est eveniet laboriosam.','draft',0,1,'2025-06-26 20:49:48','2025-06-26 20:49:48'),(61,21,'Quia libero voluptas dolor neque. Et et quis voluptatem. Quia numquam aut qui amet dolores.\n\nEnim voluptatum sed consequatur iusto sed exercitationem. Nam hic numquam pariatur non voluptatem recusandae aperiam. Laborum et rerum eum laborum culpa repudiandae minus. Est numquam ut architecto commodi labore. Deleniti ad qui fugit reprehenderit vel.\n\nQuia cupiditate voluptatem ipsum nulla sed fuga ducimus. Est eligendi enim dignissimos quis incidunt. Aut illo consequatur nisi dolores ipsa aut quam ut. Ut qui incidunt rerum expedita reprehenderit et dolores.','published',0,0,'2025-06-26 20:49:48','2025-06-26 20:49:48'),(62,22,'Dolorem perferendis tempora est vel. Culpa dolorem porro eligendi laborum nemo. Quaerat nulla impedit ipsam non eos iste omnis.\n\nEt ex aut dolor omnis aut perspiciatis. Eos quis repellendus est nemo. Doloremque iusto sed in velit reprehenderit nesciunt eligendi iure.\n\nOdio aspernatur provident accusamus suscipit. Corporis voluptates labore debitis aspernatur. Autem omnis aut voluptas voluptas quo.','draft',0,0,'2025-06-26 20:49:48','2025-06-26 20:49:48'),(63,22,'Tenetur voluptatum autem nostrum autem sed. Nam molestiae iste minus ex exercitationem saepe et.\n\nAperiam neque sed sed qui molestiae tempore. Impedit voluptatum laboriosam asperiores consequatur. Magni sunt distinctio et vitae et qui quidem. Eius ipsa aut ipsam.\n\nIpsam neque nesciunt occaecati ipsam voluptatem quasi. Earum quae id voluptatum unde. Praesentium est temporibus deleniti magni exercitationem nesciunt et.','draft',0,0,'2025-06-26 20:49:48','2025-06-26 20:49:48'),(64,23,'Minima omnis fuga aut asperiores. Inventore eius qui illo necessitatibus optio ea. Occaecati quisquam non sequi perferendis id. Accusantium cumque excepturi quia possimus quidem. Rerum deserunt ea quo aspernatur maxime est.\n\nUt hic fuga et sit exercitationem voluptatem. Reiciendis minus distinctio omnis est. Est assumenda sunt ex officia consequatur assumenda qui error.\n\nOdio dignissimos quo eos error earum impedit laborum. Ex dicta odit ut numquam. Rerum sed laborum voluptatem eveniet rerum earum. Dolores cupiditate ut et ex similique maiores.','pending',1,1,'2025-06-26 20:49:48','2025-06-26 20:49:48'),(65,23,'Natus sequi omnis labore consequatur dolor. Quis ipsum sed sit ut aut maiores.\n\nEt harum fugiat quidem. Repellat velit voluptas soluta. Molestiae ipsum placeat autem sunt rerum atque deserunt.\n\nAb eos perferendis fugiat. Eos optio quo provident reiciendis.','draft',0,1,'2025-06-26 20:49:48','2025-06-26 20:49:48'),(66,24,'Iste aut cumque voluptas aliquam eos. Omnis facere vel vero dolor. Deleniti rerum ducimus occaecati labore expedita nobis. Labore sit maiores alias amet.\n\nMinima doloremque incidunt in exercitationem et. Nihil modi voluptatum inventore reprehenderit. Non nulla id error fuga minus illum.\n\nOptio est aliquid dolorum dolores libero qui non. Officiis ut eum temporibus qui quaerat libero dicta. Officia labore aut officia.','published',1,0,'2025-06-26 20:49:48','2025-06-26 20:49:48'),(67,24,'Molestias modi provident in placeat. Cum perspiciatis ut omnis doloremque. Magnam minima sapiente itaque itaque et. Laborum nisi sequi quia aut nemo praesentium. Voluptate blanditiis architecto earum veniam quod placeat.\n\nAdipisci illo tempore magni numquam nihil enim. Aut ut voluptate libero et harum id. Quae quis iste odio reiciendis sed.\n\nEnim dolor aut aspernatur error soluta. Sint debitis odit eos consequatur magnam accusantium consequatur. Beatae qui totam illo. Suscipit excepturi soluta vel officiis sit.','draft',0,1,'2025-06-26 20:49:48','2025-06-26 20:49:48'),(68,25,'Commodi nulla omnis eveniet. Dolores ipsum totam perspiciatis corrupti error expedita. Autem autem blanditiis quo sed eius cumque.\n\nIncidunt totam aut rerum ratione vel et repellat. Reiciendis atque eveniet sit non sunt quo. Non voluptatem maxime ut sed officia cumque.\n\nSit ratione reprehenderit ad. Quibusdam repellendus maxime enim harum nihil voluptas voluptatum laborum. Harum est vero et animi voluptatibus voluptates. Nobis eius delectus perferendis deleniti aut ratione.','draft',0,1,'2025-06-26 20:49:48','2025-06-26 20:49:48'),(69,25,'Fugit suscipit est et nostrum eos. Sed tenetur accusantium consectetur a omnis eaque. Aut vel velit sint blanditiis. Quidem nostrum et culpa consequatur voluptatem.\n\nQuo libero corrupti et fuga velit. Corporis et modi tempora eius. Iusto illo dolorum repellat vero. Distinctio omnis ut quae sunt quaerat.\n\nHic omnis dolorem harum velit. Natus consequatur non sed repellendus est nihil aut. Repellendus quis voluptatibus et voluptatem rerum iure a incidunt. Molestias est fuga praesentium.','pending',0,1,'2025-06-26 20:49:48','2025-06-26 20:49:48'),(70,26,'Autem consequuntur ratione laborum aut eum. Et illum repellendus voluptatibus fugiat blanditiis a laudantium vero. Expedita ullam enim autem voluptates rerum porro.\n\nQuia libero cum culpa facilis voluptatem harum. Dolores est temporibus rem odio voluptatem placeat. Iste id et qui laborum.\n\nQuis doloremque recusandae voluptatem dicta. Voluptatem recusandae minima id voluptas fuga. Iusto dolorem vero exercitationem aut sed quisquam hic.','pending',0,1,'2025-06-26 20:49:48','2025-06-26 20:49:48'),(71,26,'Vero incidunt sed magni rerum eos excepturi ducimus. Aut qui perspiciatis ullam ipsum vel. Soluta rerum corporis est voluptates. Qui maxime dolorem excepturi inventore repudiandae fuga excepturi facere.\n\nHarum quo beatae facere sunt ratione possimus iste. Repellendus quidem rerum provident qui.\n\nQuia unde voluptas quidem earum in eos. Magni iure laboriosam ab in aut neque fugit optio. Vel ex quia animi blanditiis veritatis. Nobis aperiam ut esse corporis unde aut fuga aut.','pending',1,1,'2025-06-26 20:49:48','2025-06-26 20:49:48'),(72,27,'Vitae consectetur placeat itaque tempora inventore excepturi at est. Ipsum est fuga fugiat at. Cupiditate eum autem nesciunt molestias.\n\nProvident praesentium expedita molestiae rerum at. Libero mollitia laboriosam veritatis quis velit veniam qui.\n\nReprehenderit voluptatibus qui et vitae. Quia quod et eum itaque vero sunt fugiat.','pending',0,0,'2025-06-26 20:49:48','2025-06-26 20:49:48'),(73,27,'Qui debitis et laudantium eum facere commodi velit provident. Qui dolores dolor voluptatum error voluptate ut. Reprehenderit omnis necessitatibus qui magni dicta. Tenetur beatae rerum est.\n\nMolestiae rerum deserunt qui repellat. Alias harum cum voluptatum ullam deleniti omnis. Animi in consequuntur culpa nostrum aspernatur explicabo est est.\n\nDeleniti unde sint qui neque at dolorem dolorem. Corrupti est dolorum eius expedita nulla. Perspiciatis et ex dolore ipsum maiores. Deserunt optio ipsa et impedit voluptatem. Accusantium non nostrum et provident voluptas alias.','published',0,0,'2025-06-26 20:49:48','2025-06-26 20:49:48'),(74,27,'Voluptatem vel nihil fugiat accusantium eius. Iste tenetur voluptas quia reiciendis. Voluptatem iusto magnam consequatur incidunt. Aut voluptatem quis sunt labore beatae nam.\n\nQuia sit dolorum optio culpa consequatur. Dolores aut omnis expedita explicabo. Voluptas expedita nulla earum aut nostrum. Voluptas debitis maiores inventore fuga.\n\nDeleniti ut autem neque accusamus. Consequatur et reiciendis est a veniam. Est ratione animi harum et voluptatem libero nisi.','pending',0,1,'2025-06-26 20:49:48','2025-06-26 20:49:48'),(75,29,'Pariatur rem ipsam quibusdam et. Possimus alias quam unde necessitatibus enim unde.\n\nQuia occaecati nihil reiciendis corrupti in autem et. Dicta sequi et aut natus ullam inventore. Dolorum ut velit dolor ab itaque. Quasi soluta accusamus quibusdam aut error.\n\nNesciunt et quibusdam iure quo dolorum et. Minus nisi placeat totam nihil. Natus ut praesentium reiciendis saepe rerum alias recusandae.','pending',0,0,'2025-06-26 20:49:48','2025-06-26 20:49:48'),(76,29,'Nemo est asperiores id dolore magnam quis eius. Voluptatibus veniam eos nihil cum fugiat nesciunt veritatis nemo. Ut officia nihil voluptatibus alias doloribus ratione. Natus aut deleniti atque dolorem minus.\n\nMinus dolorem quas asperiores aut. Assumenda facilis molestias molestiae et aut. Autem sed id ratione doloribus. Tempore sed sint sint quis officiis sunt molestiae.\n\nUt doloremque alias ut consequatur. Nulla excepturi vitae molestiae placeat maiores molestiae. Et similique unde odio. Excepturi id cupiditate aut explicabo sint dolore.','pending',0,0,'2025-06-26 20:49:48','2025-06-26 20:49:48'),(77,30,'Sit officiis dolor necessitatibus eum qui corrupti autem. Minima et et incidunt voluptas et reiciendis ipsa dignissimos. Ea et voluptatem nihil ex nihil.\n\nVelit sed facere error accusantium tempora. Dignissimos nemo quibusdam deleniti id placeat. Ut ex quis dignissimos similique ab. Ut delectus voluptatem culpa totam dolorem nisi ipsam.\n\nUt dolorum enim sit assumenda tempora ut. Vel earum et fuga hic quia sapiente non id. Voluptas voluptate earum exercitationem quia reprehenderit amet dolor.','pending',0,0,'2025-06-26 20:49:48','2025-06-26 20:49:48'),(78,30,'Nemo deleniti aut nihil perspiciatis. Quis repellat amet incidunt qui soluta. Id nulla consequatur et ea facilis facere.\n\nOfficia ullam inventore quas quaerat dolor. Quos sunt sint est odio. Dignissimos rerum hic velit cum est perferendis in.\n\nOfficia commodi occaecati velit aspernatur velit molestiae consequatur. Aut consequatur in commodi assumenda. Eos officia consequatur culpa beatae voluptate quo aut.','published',0,0,'2025-06-26 20:49:48','2025-06-26 20:49:48'),(79,30,'Reprehenderit quos esse illum aliquam ut. Minima modi consequatur tenetur minus rerum cumque. Unde ut molestiae quis cum.\n\nEaque rerum illum modi rerum voluptas nobis ut. Sed rerum ut dignissimos possimus fuga sunt voluptatem. Soluta voluptas voluptates fugit quidem corrupti voluptatibus quos. Eligendi sunt voluptatum et quia rerum. Et ut magnam et.\n\nRerum laborum repudiandae qui ducimus impedit nulla exercitationem. A dolorem reprehenderit ut. Earum modi mollitia ut voluptatem qui atque. Ut exercitationem incidunt vero est alias amet.','draft',0,1,'2025-06-26 20:49:48','2025-06-26 20:49:48'),(80,30,'Consequatur fuga in dolorem deserunt quae. Doloremque rem temporibus quae temporibus quam in. Quia sint ut accusamus officiis provident rerum rerum. Consequatur sed voluptatem sapiente ipsa nemo molestiae aspernatur.\n\nAt quam ad quia ut. Omnis est totam amet laboriosam et accusantium soluta. Illo impedit nostrum earum ducimus saepe corrupti quod.\n\nFacilis voluptas labore alias eum quae. Nihil vero porro dolorum non nemo. Aut temporibus aut quo qui.','pending',1,1,'2025-06-26 20:49:48','2025-06-26 20:49:48'),(81,31,'Iure rerum voluptatem eos. Cupiditate rerum dolores voluptate adipisci aut.\n\nRerum inventore odio esse aperiam saepe qui. Non excepturi aut omnis dolorem. Nam ducimus nostrum nulla molestiae repudiandae similique. Ab fugit eum eum.\n\nNihil deserunt vero quo et omnis reiciendis. Odio velit rerum ipsum repellat dolorem. Impedit sit qui suscipit. Beatae reprehenderit corrupti et mollitia aspernatur magnam.','pending',1,1,'2025-06-26 20:49:48','2025-06-26 20:49:48'),(82,31,'Odit in id doloribus quaerat ducimus odio sunt. Ut cupiditate reprehenderit soluta dolore.\n\nFugit et corrupti sequi quae occaecati fugiat. Officia ullam commodi ea. Rerum sit aperiam dolor id.\n\nEx ut blanditiis ullam. Nulla quia et possimus sed.','pending',0,1,'2025-06-26 20:49:48','2025-06-26 20:49:48'),(83,32,'Tenetur culpa sed odio. Cum amet enim consectetur dolorem deserunt.\n\nVoluptatem dolores veniam illum modi. Porro quis facere ducimus et dolore rerum saepe. Quos sit odit necessitatibus omnis necessitatibus. Unde quas saepe dolores hic.\n\nMollitia est quia et voluptatum consequatur quod et. Sunt sed praesentium reprehenderit earum possimus tenetur. Assumenda aut deleniti inventore.','published',1,1,'2025-06-26 20:49:48','2025-06-26 20:49:48'),(84,32,'Ut et unde molestiae ut consequatur. Et dignissimos dolorem illum autem. Illo aut doloremque magnam voluptatem doloremque. Provident exercitationem voluptate est modi commodi officia nihil vel. Libero ab in temporibus pariatur.\n\nNon dolores aut non non. Error cumque quae quis error error. Rerum eius placeat perspiciatis id ut. Soluta excepturi quam maxime saepe.\n\nReprehenderit laborum qui at velit fugiat sed quia. Quos nihil aspernatur eos reiciendis excepturi. Dolor consequatur necessitatibus ut amet explicabo suscipit. Dolorum sunt deserunt et consectetur modi et.','draft',0,1,'2025-06-26 20:49:48','2025-06-26 20:49:48'),(85,33,'Non maiores ipsam error. Animi vero et qui vero. Voluptas enim aut est. Blanditiis praesentium illo quia architecto dignissimos libero adipisci.\n\nQuia a dolores maxime dignissimos ut facere exercitationem. Nisi blanditiis dolores vel reiciendis non adipisci. Quis et earum architecto qui adipisci fugiat.\n\nSint eaque sed voluptatem et aspernatur et. Ipsum eos voluptatem qui sed nobis occaecati impedit. Quibusdam enim consequatur dolores qui. Animi sint ut voluptatem et molestiae aut illo.','pending',0,1,'2025-06-26 20:49:48','2025-06-26 20:49:48'),(86,33,'Earum consequuntur perspiciatis officia sunt. Non sit qui porro amet quo atque non. Quis tempore aliquid deserunt quo illo.\n\nDolor pariatur numquam laudantium est. Deleniti omnis quas aspernatur illo et temporibus aspernatur. Ut velit sed suscipit porro ratione.\n\nVelit impedit sit nostrum fuga reprehenderit. Quibusdam sint nemo non doloremque non perspiciatis facilis. Debitis commodi cumque quos impedit. Cumque voluptatibus quod quos perferendis asperiores.','published',0,1,'2025-06-26 20:49:48','2025-06-26 20:49:48'),(87,34,'Dolorem cumque velit maiores nemo consequatur aperiam sint beatae. Qui dolorem libero aliquam velit aperiam laudantium. Vitae exercitationem aliquam nisi natus. Totam nemo sunt aliquid at repellat occaecati consequatur tempore.\n\nVero in dignissimos ut nulla. Soluta doloribus corporis ipsum temporibus. Minus quidem est ut ea dolor. Quia ut omnis animi perferendis aut. Dolores sunt expedita vero doloribus dolorem aliquam voluptatibus.\n\nQuia aut optio sequi quos temporibus. Labore eum molestiae aperiam beatae iusto voluptates nam. Aut esse at quasi aspernatur.','draft',0,0,'2025-06-26 20:49:48','2025-06-26 20:49:48'),(88,34,'Totam corrupti velit eaque. Delectus dolorum velit quasi. Aliquam id rerum ut est eos.\n\nQui eius totam laudantium vel id eum alias. Magnam aperiam consequatur magni. Recusandae consequatur est cupiditate occaecati. Ut voluptas maxime voluptatem rerum.\n\nAmet dolores dolorem blanditiis adipisci. Laborum assumenda quo est incidunt repellendus omnis. Minus aut aut atque unde quis suscipit tenetur. Est vero voluptas consequuntur officia.','published',0,0,'2025-06-26 20:49:48','2025-06-26 20:49:48'),(89,34,'A temporibus consequatur possimus quo velit. Aliquam vero porro alias et temporibus provident. Consequatur vel ut id sed. Et odit dolore tempore ut aut voluptas. Dolorem qui et consectetur necessitatibus qui.\n\nSed impedit neque qui dolores et explicabo suscipit qui. Sed quia est placeat nesciunt. Eaque similique repudiandae optio saepe quo beatae.\n\nVeniam autem ratione pariatur. Aut occaecati amet est aut. Ipsam nam aut cupiditate vel inventore explicabo eaque quod.','published',0,0,'2025-06-26 20:49:48','2025-06-26 20:49:48'),(90,35,'Repellendus eum eaque est et. Delectus incidunt et rerum eaque et est. Numquam et enim ad et porro quas eum.\n\nEt voluptas omnis deleniti voluptate vel distinctio maxime. Vero dolorum dolor et accusantium magnam vero eius odio. Et aut soluta ut aut quam optio quidem. Rerum vero unde dolorem enim et.\n\nEos aut sit enim earum accusantium sit. Sapiente tenetur dolore nemo unde quos. Necessitatibus voluptas non eveniet tenetur.','pending',0,1,'2025-06-26 20:49:48','2025-06-26 20:49:48'),(91,35,'Omnis expedita architecto laborum. Veritatis accusantium quis aliquid quaerat aut voluptas. Dignissimos quae quisquam tempore nihil consequatur aliquam. Numquam commodi omnis iure in animi sunt voluptatem.\n\nCommodi sit ducimus sapiente aut quisquam. Dolores dolorem quisquam nisi maiores recusandae.\n\nMolestias id harum et voluptatem. Quibusdam sint molestias dolorem eum est. Tenetur fugit quas deserunt et.','draft',1,0,'2025-06-26 20:49:48','2025-06-26 20:49:48'),(92,36,'Dolores sit consequatur repudiandae. Cumque deserunt qui minus quo iste quae et aut. Dolores sunt quaerat mollitia odit possimus et harum accusantium. Ipsam consequatur rerum quam. Ducimus sapiente qui repudiandae.\n\nEum consectetur eum ad deleniti. Animi velit voluptatem fugit velit est recusandae. Nemo asperiores porro beatae omnis quia.\n\nOptio et ratione et et porro velit. Sunt in dolorem animi doloremque et et numquam. Et et et fugit ad explicabo accusantium. Vero illum et ratione enim.','draft',0,0,'2025-06-26 20:49:48','2025-06-26 20:49:48'),(93,37,'A occaecati totam alias. Molestiae vel numquam debitis ipsum. Non recusandae doloremque qui illo. Delectus consequatur ipsum beatae beatae qui maiores.\n\nSoluta est et ut minima rerum atque quo. Et itaque fugiat voluptate molestiae unde et voluptate. Hic architecto ducimus enim facilis ad impedit ratione. Cum ullam laborum magni consectetur alias itaque tempora qui. Accusantium sed perferendis labore similique.\n\nHic dignissimos aliquid quia. Consequuntur assumenda maiores assumenda voluptatibus enim dolorum. Magni quasi quam sequi amet aut aut. Nam eum deserunt natus dolorem.','published',1,1,'2025-06-26 20:49:48','2025-06-26 20:49:48'),(94,37,'Totam aspernatur saepe molestiae ipsa officia reiciendis. Quia explicabo non nulla qui quibusdam suscipit nihil. Ipsa asperiores dolorum dignissimos omnis quidem praesentium consectetur ut.\n\nNumquam blanditiis accusamus aut praesentium fuga ut enim nesciunt. Excepturi adipisci voluptatem voluptatibus optio saepe molestias. Qui aut illo omnis minus eum illo. Consequatur dolor illo molestiae dolores. Sit odio molestiae earum nihil consequatur aut sed repudiandae.\n\nIste quia accusamus quia natus est. Earum omnis ea non quis error quo quae. Deserunt cupiditate quisquam placeat modi magni velit sequi.','published',0,1,'2025-06-26 20:49:48','2025-06-26 20:49:48'),(95,37,'Id ipsa aliquid asperiores voluptas aspernatur. Voluptas a aut numquam excepturi aut. Placeat omnis suscipit odit et magni dolores eos et. Quam quis id ipsa praesentium.\n\nQuasi quisquam placeat ab est doloremque est. Ratione quibusdam qui sapiente dolorem dolor aliquam sapiente. Molestias eos enim qui molestiae quis qui ipsa. Dolor enim ea tempora repellendus id recusandae vitae voluptatem.\n\nQui sed eos optio et sunt. Assumenda quos iusto ducimus qui. Nesciunt accusamus tempore sequi porro possimus pariatur modi. Quaerat necessitatibus eius ipsum et.','pending',1,1,'2025-06-26 20:49:48','2025-06-26 20:49:48');
/*!40000 ALTER TABLE `posts` ENABLE KEYS */;
UNLOCK TABLES;

--
-- Table structure for table `sessions`
--

DROP TABLE IF EXISTS `sessions`;
/*!40101 SET @saved_cs_client     = @@character_set_client */;
/*!50503 SET character_set_client = utf8mb4 */;
CREATE TABLE `sessions` (
  `id` varchar(255) COLLATE utf8mb4_unicode_ci NOT NULL,
  `user_id` bigint unsigned DEFAULT NULL,
  `ip_address` varchar(45) COLLATE utf8mb4_unicode_ci DEFAULT NULL,
  `user_agent` text COLLATE utf8mb4_unicode_ci,
  `payload` longtext COLLATE utf8mb4_unicode_ci NOT NULL,
  `last_activity` int NOT NULL,
  PRIMARY KEY (`id`),
  KEY `sessions_user_id_index` (`user_id`),
  KEY `sessions_last_activity_index` (`last_activity`)
) ENGINE=InnoDB DEFAULT CHARSET=utf8mb4 COLLATE=utf8mb4_unicode_ci;
/*!40101 SET character_set_client = @saved_cs_client */;

--
-- Dumping data for table `sessions`
--

LOCK TABLES `sessions` WRITE;
/*!40000 ALTER TABLE `sessions` DISABLE KEYS */;
INSERT INTO `sessions` VALUES ('oazq8sfhLE79LEZTXyv8nVfXOSh5Ri0SHEEcqet0',38,'127.0.0.1','Mozilla/5.0 (Windows NT 10.0; Win64; x64) AppleWebKit/537.36 (KHTML, like Gecko) Chrome/137.0.0.0 Safari/537.36 Edg/137.0.0.0','YTo1OntzOjY6Il90b2tlbiI7czo0MDoiaXJkUTZrN0cyYU02UU1IaTkxUHlkTFNZNkMzMnZoeWEyUDVmZDhOdSI7czozOiJ1cmwiO2E6MDp7fXM6OToiX3ByZXZpb3VzIjthOjE6e3M6MzoidXJsIjtzOjIxOiJodHRwOi8vMTI3LjAuMC4xOjgwMDAiO31zOjY6Il9mbGFzaCI7YToyOntzOjM6Im9sZCI7YTowOnt9czozOiJuZXciO2E6MDp7fX1zOjUwOiJsb2dpbl93ZWJfNTliYTM2YWRkYzJiMmY5NDAxNTgwZjAxNGM3ZjU4ZWE0ZTMwOTg5ZCI7aTozODt9',1750953672);
/*!40000 ALTER TABLE `sessions` ENABLE KEYS */;
UNLOCK TABLES;

--
-- Table structure for table `stories`
--

DROP TABLE IF EXISTS `stories`;
/*!40101 SET @saved_cs_client     = @@character_set_client */;
/*!50503 SET character_set_client = utf8mb4 */;
CREATE TABLE `stories` (
  `id` bigint unsigned NOT NULL AUTO_INCREMENT,
  `user_id` bigint unsigned NOT NULL,
  `media` json NOT NULL,
  `views` int NOT NULL DEFAULT '0',
  `created_at` timestamp NULL DEFAULT NULL,
  `updated_at` timestamp NULL DEFAULT NULL,
  PRIMARY KEY (`id`),
  KEY `stories_user_id_foreign` (`user_id`),
  CONSTRAINT `stories_user_id_foreign` FOREIGN KEY (`user_id`) REFERENCES `users` (`id`) ON DELETE CASCADE
) ENGINE=InnoDB AUTO_INCREMENT=62 DEFAULT CHARSET=utf8mb4 COLLATE=utf8mb4_unicode_ci;
/*!40101 SET character_set_client = @saved_cs_client */;

--
-- Dumping data for table `stories`
--

LOCK TABLES `stories` WRITE;
/*!40000 ALTER TABLE `stories` DISABLE KEYS */;
INSERT INTO `stories` VALUES (1,11,'{\"url\": \"https://cdn.tusitio.com/7ELWh38VgMATUYHJBRCDspK43EcHbch7lI9eIYXJ\", \"type\": \"image/jpeg\"}',3,'2025-06-26 20:49:47','2025-06-26 20:49:47'),(2,12,'{\"url\": \"https://cdn.tusitio.com/m4wJYT0ZSlKKed3S76zNKkfR1Uild4B0e6rYT71R\", \"type\": \"video/mp4\"}',3,'2025-06-26 20:49:47','2025-06-26 20:49:47'),(3,12,'{\"url\": \"https://cdn.tusitio.com/Wr88MmqbnzkZlO9abCGjWNLqtzNiiOs7Zk3gdo44\", \"type\": \"image/jpeg\"}',1,'2025-06-26 20:49:47','2025-06-26 20:49:47'),(4,12,'{\"url\": \"https://cdn.tusitio.com/Ci3ekPAuFGkjJm3LUBHiPQ3XAR52KwSrAtwUVu7c\", \"type\": \"image/jpeg\"}',2,'2025-06-26 20:49:47','2025-06-26 20:49:47'),(5,13,'{\"url\": \"https://cdn.tusitio.com/mrObCFSgJ0e1YvoFjZwIPiGb2Sjl2JRfZDWM691p\", \"type\": \"image/jpeg\"}',0,'2025-06-26 20:49:47','2025-06-26 20:49:47'),(6,14,'{\"url\": \"https://cdn.tusitio.com/SsCncuzpptNMuqZYPjx4cx4V2Iv1iXh0gbZ8kscm\", \"type\": \"video/mp4\"}',2,'2025-06-26 20:49:47','2025-06-26 20:49:47'),(7,14,'{\"url\": \"https://cdn.tusitio.com/KobjQ74DezTHHoBBiljBto5AnpZl0Ia8blZEnO3G\", \"type\": \"image/jpeg\"}',1,'2025-06-26 20:49:47','2025-06-26 20:49:47'),(8,15,'{\"url\": \"https://cdn.tusitio.com/nTnWGqY5uqBJEIk9gLPCVoWSEljucyZnyb5eAahP\", \"type\": \"image/jpeg\"}',2,'2025-06-26 20:49:47','2025-06-26 20:49:47'),(9,16,'{\"url\": \"https://cdn.tusitio.com/Z4GTiH9oc3QPfY8jhDYspp1LXBFE467lrgZ6lNHT\", \"type\": \"image/jpeg\"}',3,'2025-06-26 20:49:47','2025-06-26 20:49:47'),(10,16,'{\"url\": \"https://cdn.tusitio.com/iEvhr5uQMMWHUTbFvVMnSNX5BQ3EJp8ESAAvM4P5\", \"type\": \"video/mp4\"}',2,'2025-06-26 20:49:47','2025-06-26 20:49:47'),(11,16,'{\"url\": \"https://cdn.tusitio.com/et5lhLJOkqY1f5KARBTWtH4E4ds80fTCdcb6ObNZ\", \"type\": \"image/jpeg\"}',1,'2025-06-26 20:49:47','2025-06-26 20:49:47'),(12,17,'{\"url\": \"https://cdn.tusitio.com/OGLz5DsrwWnD4ofJ3P3MwtNhj2g6D4ljczG4RyNW\", \"type\": \"video/mp4\"}',2,'2025-06-26 20:49:47','2025-06-26 20:49:47'),(13,17,'{\"url\": \"https://cdn.tusitio.com/lovBSp55L9wXvqj3tr8ndJAYBdsQtPWL0PfXBd98\", \"type\": \"image/jpeg\"}',0,'2025-06-26 20:49:47','2025-06-26 20:49:47'),(14,17,'{\"url\": \"https://cdn.tusitio.com/snPPUvIvJXlO7TLOllJHQmZHNJZmqEUdhAQzwCPP\", \"type\": \"image/jpeg\"}',0,'2025-06-26 20:49:47','2025-06-26 20:49:47'),(15,18,'{\"url\": \"https://cdn.tusitio.com/Olhzmw36r7oflTszzC1YKlelJJQEoEopwIYrmXl4\", \"type\": \"video/mp4\"}',2,'2025-06-26 20:49:47','2025-06-26 20:49:47'),(16,19,'{\"url\": \"https://cdn.tusitio.com/ghypQwBNIq0VUY2xapjhqcCYWDtm8TvEsfX7Ec93\", \"type\": \"video/mp4\"}',0,'2025-06-26 20:49:47','2025-06-26 20:49:47'),(17,19,'{\"url\": \"https://cdn.tusitio.com/v2LWUNKCha2WfU2TkSdPUnoM4EGgvt5saKvIYBgZ\", \"type\": \"image/jpeg\"}',0,'2025-06-26 20:49:47','2025-06-26 20:49:47'),(18,19,'{\"url\": \"https://cdn.tusitio.com/Uu3zOhKz9QhJkD5cpHpUPVcCi05KxcdMrGyaYtmu\", \"type\": \"video/mp4\"}',2,'2025-06-26 20:49:47','2025-06-26 20:49:47'),(19,20,'{\"url\": \"https://cdn.tusitio.com/5fVsqKfPh2KtvMNxjeXdjQ0GP4olywQWIn3c88Ju\", \"type\": \"image/jpeg\"}',1,'2025-06-26 20:49:47','2025-06-26 20:49:47'),(20,20,'{\"url\": \"https://cdn.tusitio.com/5J5NrBRFUmLG06Ec9fsjdM2rtMkTwaVBNeOE6BDF\", \"type\": \"video/mp4\"}',1,'2025-06-26 20:49:47','2025-06-26 20:49:47'),(21,20,'{\"url\": \"https://cdn.tusitio.com/ZJt2bEvOWot99UQPLBei6m3TCYx2A8T0lncOlltE\", \"type\": \"image/jpeg\"}',3,'2025-06-26 20:49:47','2025-06-26 20:49:47'),(22,21,'{\"url\": \"https://cdn.tusitio.com/183QCm3dPNy4mzB7nMqlR7AgOhkYWwx3c9KykyRQ\", \"type\": \"video/mp4\"}',1,'2025-06-26 20:49:47','2025-06-26 20:49:47'),(23,21,'{\"url\": \"https://cdn.tusitio.com/qWrYGAbIoQiy5lEGeNOXIkgQFHD0km518ml7EpYc\", \"type\": \"image/jpeg\"}',3,'2025-06-26 20:49:47','2025-06-26 20:49:47'),(24,22,'{\"url\": \"https://cdn.tusitio.com/i9Y2VkSqpHMKhgLngmcyl83uzdzCxilGrPCWSEjc\", \"type\": \"video/mp4\"}',1,'2025-06-26 20:49:47','2025-06-26 20:49:47'),(25,22,'{\"url\": \"https://cdn.tusitio.com/XFpNUHxloQkciizryEAxHEINUAbWeG0rhPlMEOhc\", \"type\": \"video/mp4\"}',2,'2025-06-26 20:49:47','2025-06-26 20:49:47'),(26,23,'{\"url\": \"https://cdn.tusitio.com/tXI7Yno3m4wX10wjKU2j6jviTeTz2h7IOL8gfAuF\", \"type\": \"image/jpeg\"}',2,'2025-06-26 20:49:47','2025-06-26 20:49:47'),(27,24,'{\"url\": \"https://cdn.tusitio.com/yOL4e3AOL0vShITp05UzAtmDBcUBz1G8C3w7gQOp\", \"type\": \"image/jpeg\"}',2,'2025-06-26 20:49:47','2025-06-26 20:49:47'),(28,25,'{\"url\": \"https://cdn.tusitio.com/J5UA1lwTHnEJ2L7cjmOLcRIK2592LfwYPtSEH49E\", \"type\": \"video/mp4\"}',0,'2025-06-26 20:49:47','2025-06-26 20:49:47'),(29,25,'{\"url\": \"https://cdn.tusitio.com/8IDnplIy7ZdVHWeM04j1r1akdvDXQg4GQk0TMcty\", \"type\": \"video/mp4\"}',2,'2025-06-26 20:49:47','2025-06-26 20:49:47'),(30,25,'{\"url\": \"https://cdn.tusitio.com/kmBNAiSh3DzqbAsYbGXSWHmlw1WQc8vPoMSOzHp8\", \"type\": \"video/mp4\"}',0,'2025-06-26 20:49:47','2025-06-26 20:49:47'),(31,26,'{\"url\": \"https://cdn.tusitio.com/FBq6xTtFEjE92np1jZlO2u4YjRJ83aooBXTKiaaf\", \"type\": \"image/jpeg\"}',1,'2025-06-26 20:49:47','2025-06-26 20:49:47'),(32,26,'{\"url\": \"https://cdn.tusitio.com/roofJIRrFkJrBu07qugeI2neUi9ZnF4O1wGcnKLy\", \"type\": \"video/mp4\"}',2,'2025-06-26 20:49:47','2025-06-26 20:49:47'),(33,26,'{\"url\": \"https://cdn.tusitio.com/9JK9timLyRwdAV5DaFHyaroRdwoYBXIvwJEIFQZk\", \"type\": \"video/mp4\"}',1,'2025-06-26 20:49:47','2025-06-26 20:49:47'),(34,27,'{\"url\": \"https://cdn.tusitio.com/yilCJIhOjyX5aHdcSMg5smlq8FhbbFxRmExx6IAD\", \"type\": \"image/jpeg\"}',2,'2025-06-26 20:49:47','2025-06-26 20:49:47'),(35,27,'{\"url\": \"https://cdn.tusitio.com/aJLxvUgva2gwReXMMy5eA88g7DQFgNgb933yXl6r\", \"type\": \"image/jpeg\"}',0,'2025-06-26 20:49:47','2025-06-26 20:49:47'),(36,27,'{\"url\": \"https://cdn.tusitio.com/33r3DBFKGwGikIsmcqu71zwvrZLT8xrONvOLkEi8\", \"type\": \"video/mp4\"}',1,'2025-06-26 20:49:47','2025-06-26 20:49:47'),(37,28,'{\"url\": \"https://cdn.tusitio.com/YnJtAalJxoDT0dx7JLdZ2BrRGJx7kMAKx2IVOhFM\", \"type\": \"image/jpeg\"}',1,'2025-06-26 20:49:47','2025-06-26 20:49:47'),(38,28,'{\"url\": \"https://cdn.tusitio.com/5wGD0QYgrHOc9QEyASauJYCEuQ95CfBbLIuJST30\", \"type\": \"video/mp4\"}',2,'2025-06-26 20:49:47','2025-06-26 20:49:47'),(39,29,'{\"url\": \"https://cdn.tusitio.com/aJWKEDDFQGrzavvgELNDmqDgVswkNjSGCuIOOUjD\", \"type\": \"image/jpeg\"}',0,'2025-06-26 20:49:47','2025-06-26 20:49:47'),(40,29,'{\"url\": \"https://cdn.tusitio.com/FT9xdbVA9CsQbTivViTSK4qrL32WkaWdt8HvVJt6\", \"type\": \"image/jpeg\"}',2,'2025-06-26 20:49:47','2025-06-26 20:49:47'),(41,29,'{\"url\": \"https://cdn.tusitio.com/xerwRJSxQt953uV600xBmrPbkw2xX8Mzf9DRq5zC\", \"type\": \"video/mp4\"}',0,'2025-06-26 20:49:47','2025-06-26 20:49:47'),(42,30,'{\"url\": \"https://cdn.tusitio.com/jOavhd8hRSHXk5E0npCHxAXhffSAjKuq23moXvmp\", \"type\": \"video/mp4\"}',1,'2025-06-26 20:49:47','2025-06-26 20:49:47'),(43,31,'{\"url\": \"https://cdn.tusitio.com/2u9Vx2i87xT2RYoe5MKyrZNZhmoNOsxRfmj3YKRT\", \"type\": \"video/mp4\"}',2,'2025-06-26 20:49:47','2025-06-26 20:49:47'),(44,31,'{\"url\": \"https://cdn.tusitio.com/ChHdcmruydi5FcsjaLw7FYejtxGTU3mguAY6pxmK\", \"type\": \"image/jpeg\"}',0,'2025-06-26 20:49:47','2025-06-26 20:49:47'),(45,31,'{\"url\": \"https://cdn.tusitio.com/3FNSwHrdZzgn7OP1ba4wQCcrXbfaF4zYjcYEESOr\", \"type\": \"video/mp4\"}',3,'2025-06-26 20:49:47','2025-06-26 20:49:47'),(46,32,'{\"url\": \"https://cdn.tusitio.com/H8hOXRjaOFArPuyDVo4jZsBaNG6zChZVwyh94Mys\", \"type\": \"video/mp4\"}',1,'2025-06-26 20:49:47','2025-06-26 20:49:47'),(47,33,'{\"url\": \"https://cdn.tusitio.com/JuakTQZDJFnu9IdrtV4tkDWXwYdQR1EZI0k18bEl\", \"type\": \"image/jpeg\"}',2,'2025-06-26 20:49:47','2025-06-26 20:49:47'),(48,33,'{\"url\": \"https://cdn.tusitio.com/Ypcv7GZwmBMWNCxYTGo4IX9AY4nhgcIVVkl1UDe5\", \"type\": \"video/mp4\"}',1,'2025-06-26 20:49:47','2025-06-26 20:49:47'),(49,33,'{\"url\": \"https://cdn.tusitio.com/IcOUUY282fixV8sr7Y5jNSSeeULx0pPujoD2xLwk\", \"type\": \"image/jpeg\"}',2,'2025-06-26 20:49:47','2025-06-26 20:49:47'),(50,34,'{\"url\": \"https://cdn.tusitio.com/9zev4VT0urTk53T2NSPNJPGg0rTCPmmnqEaTJXro\", \"type\": \"video/mp4\"}',2,'2025-06-26 20:49:47','2025-06-26 20:49:47'),(51,34,'{\"url\": \"https://cdn.tusitio.com/xEy57zaMJcTyCylpDonpBi8vAMC3iNug7S8zCnCt\", \"type\": \"video/mp4\"}',2,'2025-06-26 20:49:47','2025-06-26 20:49:47'),(52,34,'{\"url\": \"https://cdn.tusitio.com/ZWoCVB47b5uiFqvKoOPrYKMRXlCXVDsLpnfamOKI\", \"type\": \"video/mp4\"}',2,'2025-06-26 20:49:47','2025-06-26 20:49:47'),(53,35,'{\"url\": \"https://cdn.tusitio.com/DNycKEQp2bH1XOEjJDZemEnpI73unzwsNJ8G9gGk\", \"type\": \"image/jpeg\"}',2,'2025-06-26 20:49:47','2025-06-26 20:49:47'),(54,35,'{\"url\": \"https://cdn.tusitio.com/wiRAZUhVXJxowab6msJ19TioAmkoZyNid7Fxy1L2\", \"type\": \"video/mp4\"}',0,'2025-06-26 20:49:47','2025-06-26 20:49:47'),(55,36,'{\"url\": \"https://cdn.tusitio.com/rki1wXrsE4Fim0fs9DPk6sLZ4d6HJuwxcDAHnCjf\", \"type\": \"image/jpeg\"}',2,'2025-06-26 20:49:47','2025-06-26 20:49:47'),(56,36,'{\"url\": \"https://cdn.tusitio.com/vULWv72M2yiXs4Rs5dnQN8jLJbnHUGUdhINDKeHO\", \"type\": \"video/mp4\"}',1,'2025-06-26 20:49:47','2025-06-26 20:49:47'),(57,37,'{\"url\": \"https://cdn.tusitio.com/CGGPkRsTxxLTNri21CXB9fWaXSB7VqeYTrbnF8mM\", \"type\": \"video/mp4\"}',2,'2025-06-26 20:49:47','2025-06-26 20:49:47'),(58,37,'{\"url\": \"https://cdn.tusitio.com/0xRHfxv9BsSvWpUOte8jlV9tMbw7N8bsPDtyfBgm\", \"type\": \"image/jpeg\"}',2,'2025-06-26 20:49:47','2025-06-26 20:49:47'),(59,39,'{\"url\": \"https://cdn.tusitio.com/lVUzKsJBicjx9nOAxHn3cRynb4buez3zOVo1qjnb\", \"type\": \"image/jpeg\"}',0,'2025-06-26 20:49:47','2025-06-26 20:49:47'),(60,39,'{\"url\": \"https://cdn.tusitio.com/MHF4rvjSMI5IrlrlEeF343tvmCcvbNR4XkNBRbqk\", \"type\": \"image/jpeg\"}',0,'2025-06-26 20:49:47','2025-06-26 20:49:47'),(61,39,'{\"url\": \"https://cdn.tusitio.com/38pZO1OjcjEcpj9GdJnj59wBXqa7hqzb5KFCPzgT\", \"type\": \"video/mp4\"}',3,'2025-06-26 20:49:47','2025-06-26 20:49:47');
/*!40000 ALTER TABLE `stories` ENABLE KEYS */;
UNLOCK TABLES;

--
-- Table structure for table `story_views`
--

DROP TABLE IF EXISTS `story_views`;
/*!40101 SET @saved_cs_client     = @@character_set_client */;
/*!50503 SET character_set_client = utf8mb4 */;
CREATE TABLE `story_views` (
  `id` bigint unsigned NOT NULL AUTO_INCREMENT,
  `user_id` bigint unsigned NOT NULL,
  `story_id` bigint unsigned NOT NULL,
  `viewed_at` timestamp NOT NULL DEFAULT '2025-06-26 20:49:42',
  `created_at` timestamp NULL DEFAULT NULL,
  `updated_at` timestamp NULL DEFAULT NULL,
  PRIMARY KEY (`id`),
  UNIQUE KEY `story_views_user_id_story_id_unique` (`user_id`,`story_id`),
  KEY `story_views_story_id_foreign` (`story_id`),
  CONSTRAINT `story_views_story_id_foreign` FOREIGN KEY (`story_id`) REFERENCES `stories` (`id`) ON DELETE CASCADE,
  CONSTRAINT `story_views_user_id_foreign` FOREIGN KEY (`user_id`) REFERENCES `users` (`id`) ON DELETE CASCADE
) ENGINE=InnoDB AUTO_INCREMENT=87 DEFAULT CHARSET=utf8mb4 COLLATE=utf8mb4_unicode_ci;
/*!40101 SET character_set_client = @saved_cs_client */;

--
-- Dumping data for table `story_views`
--

LOCK TABLES `story_views` WRITE;
/*!40000 ALTER TABLE `story_views` DISABLE KEYS */;
INSERT INTO `story_views` VALUES (1,3,1,'2025-06-26 09:48:47',NULL,NULL),(2,8,1,'2025-06-26 03:26:47',NULL,NULL),(3,38,1,'2025-06-26 13:17:47',NULL,NULL),(4,4,2,'2025-06-26 01:48:47',NULL,NULL),(5,10,2,'2025-06-26 12:22:47',NULL,NULL),(6,38,2,'2025-06-26 16:14:47',NULL,NULL),(7,8,3,'2025-06-26 13:55:47',NULL,NULL),(8,38,4,'2025-06-26 06:56:47',NULL,NULL),(9,40,4,'2025-06-26 11:26:47',NULL,NULL),(10,5,6,'2025-06-26 06:27:47',NULL,NULL),(11,9,6,'2025-06-26 09:29:47',NULL,NULL),(12,38,7,'2025-06-25 21:25:47',NULL,NULL),(13,9,8,'2025-06-26 15:50:47',NULL,NULL),(14,40,8,'2025-06-26 18:22:47',NULL,NULL),(15,2,9,'2025-06-25 23:09:47',NULL,NULL),(16,4,9,'2025-06-26 06:40:47',NULL,NULL),(17,10,9,'2025-06-26 19:18:47',NULL,NULL),(18,2,10,'2025-06-26 17:10:47',NULL,NULL),(19,7,10,'2025-06-26 05:56:47',NULL,NULL),(20,38,11,'2025-06-26 10:09:47',NULL,NULL),(21,1,12,'2025-06-26 11:31:47',NULL,NULL),(22,9,12,'2025-06-25 23:09:47',NULL,NULL),(23,8,15,'2025-06-26 01:51:47',NULL,NULL),(24,10,15,'2025-06-26 00:17:47',NULL,NULL),(25,2,18,'2025-06-26 00:20:47',NULL,NULL),(26,10,18,'2025-06-26 10:00:47',NULL,NULL),(27,3,19,'2025-06-26 16:26:47',NULL,NULL),(28,4,20,'2025-06-26 09:59:47',NULL,NULL),(29,3,21,'2025-06-26 04:35:47',NULL,NULL),(30,4,21,'2025-06-26 00:17:47',NULL,NULL),(31,6,21,'2025-06-25 23:02:47',NULL,NULL),(32,7,22,'2025-06-26 11:24:47',NULL,NULL),(33,1,23,'2025-06-25 23:14:47',NULL,NULL),(34,10,23,'2025-06-26 02:20:47',NULL,NULL),(35,38,23,'2025-06-26 18:51:47',NULL,NULL),(36,6,24,'2025-06-26 01:42:47',NULL,NULL),(37,4,25,'2025-06-26 13:59:47',NULL,NULL),(38,6,25,'2025-06-25 22:49:47',NULL,NULL),(39,1,26,'2025-06-26 10:59:47',NULL,NULL),(40,5,26,'2025-06-25 23:00:47',NULL,NULL),(41,5,27,'2025-06-26 18:35:47',NULL,NULL),(42,38,27,'2025-06-26 06:36:47',NULL,NULL),(43,3,29,'2025-06-26 15:04:47',NULL,NULL),(44,8,29,'2025-06-25 23:05:47',NULL,NULL),(45,10,31,'2025-06-26 08:20:47',NULL,NULL),(46,7,32,'2025-06-26 04:26:47',NULL,NULL),(47,9,32,'2025-06-26 14:42:47',NULL,NULL),(48,1,33,'2025-06-25 22:16:47',NULL,NULL),(49,6,34,'2025-06-26 13:14:47',NULL,NULL),(50,7,34,'2025-06-26 09:35:47',NULL,NULL),(51,6,36,'2025-06-26 05:29:47',NULL,NULL),(52,4,37,'2025-06-26 12:32:47',NULL,NULL),(53,9,38,'2025-06-26 10:59:47',NULL,NULL),(54,40,38,'2025-06-26 13:41:47',NULL,NULL),(55,3,40,'2025-06-26 04:54:47',NULL,NULL),(56,38,40,'2025-06-25 22:46:47',NULL,NULL),(57,41,42,'2025-06-26 06:44:47',NULL,NULL),(58,10,43,'2025-06-26 00:35:47',NULL,NULL),(59,38,43,'2025-06-26 15:16:47',NULL,NULL),(60,2,45,'2025-06-26 02:22:47',NULL,NULL),(61,4,45,'2025-06-26 06:56:47',NULL,NULL),(62,41,45,'2025-06-26 19:03:47',NULL,NULL),(63,2,46,'2025-06-26 14:09:47',NULL,NULL),(64,1,47,'2025-06-26 04:04:47',NULL,NULL),(65,4,47,'2025-06-26 11:31:47',NULL,NULL),(66,40,48,'2025-06-26 05:59:47',NULL,NULL),(67,2,49,'2025-06-26 17:56:47',NULL,NULL),(68,8,49,'2025-06-26 07:27:47',NULL,NULL),(69,8,50,'2025-06-25 21:23:47',NULL,NULL),(70,40,50,'2025-06-26 05:21:47',NULL,NULL),(71,2,51,'2025-06-26 07:01:47',NULL,NULL),(72,7,51,'2025-06-26 06:54:47',NULL,NULL),(73,5,52,'2025-06-26 03:05:47',NULL,NULL),(74,9,52,'2025-06-26 12:20:47',NULL,NULL),(75,1,53,'2025-06-26 07:26:47',NULL,NULL),(76,38,53,'2025-06-26 12:27:47',NULL,NULL),(77,4,55,'2025-06-26 11:45:47',NULL,NULL),(78,40,55,'2025-06-26 00:11:47',NULL,NULL),(79,41,56,'2025-06-26 14:10:47',NULL,NULL),(80,7,57,'2025-06-25 23:49:47',NULL,NULL),(81,10,57,'2025-06-25 23:08:47',NULL,NULL),(82,6,58,'2025-06-26 07:13:47',NULL,NULL),(83,40,58,'2025-06-26 12:36:47',NULL,NULL),(84,8,61,'2025-06-26 05:16:47',NULL,NULL),(85,10,61,'2025-06-26 17:57:47',NULL,NULL),(86,40,61,'2025-06-26 07:09:47',NULL,NULL);
/*!40000 ALTER TABLE `story_views` ENABLE KEYS */;
UNLOCK TABLES;

--
-- Table structure for table `users`
--

DROP TABLE IF EXISTS `users`;
/*!40101 SET @saved_cs_client     = @@character_set_client */;
/*!50503 SET character_set_client = utf8mb4 */;
CREATE TABLE `users` (
  `id` bigint unsigned NOT NULL AUTO_INCREMENT,
  `name` varchar(255) COLLATE utf8mb4_unicode_ci NOT NULL,
  `username` varchar(255) COLLATE utf8mb4_unicode_ci NOT NULL,
  `email` varchar(255) COLLATE utf8mb4_unicode_ci NOT NULL,
  `role` enum('user','admin','moderator','performer') COLLATE utf8mb4_unicode_ci NOT NULL DEFAULT 'user',
  `email_verified_at` timestamp NULL DEFAULT NULL,
  `bio` text COLLATE utf8mb4_unicode_ci,
  `image` varchar(255) COLLATE utf8mb4_unicode_ci DEFAULT NULL,
  `cover` varchar(255) COLLATE utf8mb4_unicode_ci DEFAULT NULL,
  `password` varchar(255) COLLATE utf8mb4_unicode_ci NOT NULL,
  `remember_token` varchar(100) COLLATE utf8mb4_unicode_ci DEFAULT NULL,
  `created_at` timestamp NULL DEFAULT NULL,
  `updated_at` timestamp NULL DEFAULT NULL,
  PRIMARY KEY (`id`),
  UNIQUE KEY `users_username_unique` (`username`),
  UNIQUE KEY `users_email_unique` (`email`)
) ENGINE=InnoDB AUTO_INCREMENT=42 DEFAULT CHARSET=utf8mb4 COLLATE=utf8mb4_unicode_ci;
/*!40101 SET character_set_client = @saved_cs_client */;

--
-- Dumping data for table `users`
--

LOCK TABLES `users` WRITE;
/*!40000 ALTER TABLE `users` DISABLE KEYS */;
INSERT INTO `users` VALUES (1,'Earline Schuster MD','11c78d18-44c9-426d-a59f-7b12a25b552b','lauretta.ryan@example.com','user','2025-06-26 20:49:43','Autem molestias reiciendis amet debitis fugiat. Atque dicta expedita qui excepturi facere. Magnam exercitationem rem doloribus sed sint enim.',NULL,NULL,'$2y$12$ull1PhEHo90GJZTnEE3GiOevBDbt61XgL2UB.VAj5spUapP/tnPCi','LynQvrqa15','2025-06-26 20:49:43','2025-06-26 20:49:43'),(2,'Madaline Luettgen','9279915d-6e3a-4c5a-9e44-adbbf2efbfd3','beth.mueller@example.org','user','2025-06-26 20:49:43','Sed facere dolorem error. Non assumenda dignissimos et eligendi iusto officia ea. Earum ut eum nostrum accusamus laborum est qui aliquid. Modi laudantium quas error quam et iure est. Odit facere enim nisi aut ducimus voluptatem.',NULL,NULL,'$2y$12$ull1PhEHo90GJZTnEE3GiOevBDbt61XgL2UB.VAj5spUapP/tnPCi','3ilTGPb2N2','2025-06-26 20:49:43','2025-06-26 20:49:43'),(3,'Mrs. Daisy Bartell Jr.','3e4ffd9f-94a4-4cc4-a307-acba3303ae8d','etha48@example.org','user','2025-06-26 20:49:43','Temporibus nihil non voluptas rem. Alias iure est vitae. Ut vitae est quia molestias excepturi sed recusandae.',NULL,NULL,'$2y$12$ull1PhEHo90GJZTnEE3GiOevBDbt61XgL2UB.VAj5spUapP/tnPCi','s56BJZ9hbV','2025-06-26 20:49:43','2025-06-26 20:49:43'),(4,'Dr. Anna Jenkins','83ba7252-500b-41c6-9c4b-fb2dbe9c10f6','ymayer@example.com','user','2025-06-26 20:49:43','Qui adipisci libero eveniet nulla. Dolorem consectetur quos incidunt et placeat ab. Sequi nulla facilis ducimus excepturi quidem rem.',NULL,NULL,'$2y$12$ull1PhEHo90GJZTnEE3GiOevBDbt61XgL2UB.VAj5spUapP/tnPCi','ehYGf85ssS','2025-06-26 20:49:43','2025-06-26 20:49:43'),(5,'Mr. Kenneth Harvey DDS','af2bf83d-6434-40d9-a862-1dbede79d017','hegmann.kathlyn@example.net','user','2025-06-26 20:49:43','Nisi ut est asperiores aut totam. Qui qui explicabo ipsa quibusdam sed qui ullam. Sunt explicabo voluptatibus sunt. Qui numquam voluptatem enim nisi autem enim. Fugit autem cupiditate corporis.',NULL,NULL,'$2y$12$ull1PhEHo90GJZTnEE3GiOevBDbt61XgL2UB.VAj5spUapP/tnPCi','5ZnOXPY3Kd','2025-06-26 20:49:43','2025-06-26 20:49:43'),(6,'Trent Carroll','d28ed964-6e63-4432-8a18-fd16e291c30c','hattie.mertz@example.net','user','2025-06-26 20:49:43','Nulla ut numquam facilis quod similique. Omnis sint odit non rem quas provident. Non ducimus quia dolor. Dolorum illo odit tenetur quo ea.',NULL,NULL,'$2y$12$ull1PhEHo90GJZTnEE3GiOevBDbt61XgL2UB.VAj5spUapP/tnPCi','ZLu1SVsohv','2025-06-26 20:49:43','2025-06-26 20:49:43'),(7,'Pearl Zemlak','7414b794-a59f-4b37-b6dd-b72a6a724ec4','jesse.blanda@example.org','user','2025-06-26 20:49:43','Dignissimos nostrum fuga reiciendis necessitatibus. Quos illum autem illo. Quos mollitia unde magni inventore est ea non optio. Voluptatum voluptates et quos consequuntur.',NULL,NULL,'$2y$12$ull1PhEHo90GJZTnEE3GiOevBDbt61XgL2UB.VAj5spUapP/tnPCi','tKKbXfrUsi','2025-06-26 20:49:43','2025-06-26 20:49:43'),(8,'Kadin Ankunding','4caf8129-93a3-415f-9232-8ef39cf11c7a','xjohnson@example.org','user','2025-06-26 20:49:43','Eum non modi dolorem distinctio. Ullam enim qui repellendus voluptatibus dicta dolorum dolore consequatur.',NULL,NULL,'$2y$12$ull1PhEHo90GJZTnEE3GiOevBDbt61XgL2UB.VAj5spUapP/tnPCi','poEBq9vwbP','2025-06-26 20:49:43','2025-06-26 20:49:43'),(9,'Jillian Kuhic','63d05540-df63-4e1b-925a-6572b040e964','ohermiston@example.org','user','2025-06-26 20:49:43','Pariatur eos architecto et sequi. Laboriosam tenetur autem laborum molestiae vel voluptas. Rerum earum error distinctio et corrupti dolorem.',NULL,NULL,'$2y$12$ull1PhEHo90GJZTnEE3GiOevBDbt61XgL2UB.VAj5spUapP/tnPCi','jvSOmQva7c','2025-06-26 20:49:43','2025-06-26 20:49:43'),(10,'Elroy Shanahan','169b2af5-720a-427e-92ff-054c393cbe45','mkling@example.net','user','2025-06-26 20:49:43','Rem quaerat soluta doloremque nobis est cum. Ex eligendi quas itaque aperiam voluptatem excepturi et iste. Est deleniti in sunt voluptate tempora corporis.',NULL,NULL,'$2y$12$ull1PhEHo90GJZTnEE3GiOevBDbt61XgL2UB.VAj5spUapP/tnPCi','RURxcLFYI0','2025-06-26 20:49:43','2025-06-26 20:49:43'),(11,'ajilee','ajilee','ajilee@immoral.dev','performer','2025-06-26 20:49:43','Sed sunt ad ab aliquam. Cupiditate cum est dicta rerum ex. Omnis non minus fuga.','profile.jpg','C:\\Users\\PCerdo\\Downloads\\eswap\\flirtfan\\storage\\app/public/uploads/users/ajilee/images/normal/1.webp','$2y$12$ull1PhEHo90GJZTnEE3GiOevBDbt61XgL2UB.VAj5spUapP/tnPCi','nEYY3qUz4e','2025-06-26 20:49:43','2025-06-26 20:49:43'),(12,'aleon','aleon','aleon@immoral.dev','performer','2025-06-26 20:49:43','Nihil et tempora cum at accusamus. Veritatis perferendis harum sapiente occaecati porro. Vero velit eum nihil voluptatem architecto blanditiis sint nemo. Reprehenderit qui dolores aut repellat aut.','profile.jpg','C:\\Users\\PCerdo\\Downloads\\eswap\\flirtfan\\storage\\app/public/uploads/users/aleon/images/normal/1.webp','$2y$12$ull1PhEHo90GJZTnEE3GiOevBDbt61XgL2UB.VAj5spUapP/tnPCi','tbxMi5zNdf','2025-06-26 20:49:43','2025-06-26 20:49:43'),(13,'alexislust','alexislust','alexislust@immoral.dev','performer','2025-06-26 20:49:43','Eum qui dolores eligendi officia corrupti nostrum beatae rem. Amet suscipit suscipit aliquam minus occaecati autem ut. Animi inventore ipsa tempora deleniti qui sed. Dolorem omnis quo eveniet nulla voluptas.','profile.jpg','C:\\Users\\PCerdo\\Downloads\\eswap\\flirtfan\\storage\\app/public/uploads/users/alexislust/images/normal/1.webp','$2y$12$ull1PhEHo90GJZTnEE3GiOevBDbt61XgL2UB.VAj5spUapP/tnPCi','pyNbu5XpRm','2025-06-26 20:49:43','2025-06-26 20:49:43'),(14,'annalee','annalee','annalee@immoral.dev','performer','2025-06-26 20:49:43','Totam non voluptatem consequatur animi voluptatem id in. Autem aut qui autem nihil mollitia qui omnis sed. Voluptatibus velit libero quisquam eius minus voluptates numquam.','profile.jpg','C:\\Users\\PCerdo\\Downloads\\eswap\\flirtfan\\storage\\app/public/uploads/users/annalee/images/normal/1.webp','$2y$12$ull1PhEHo90GJZTnEE3GiOevBDbt61XgL2UB.VAj5spUapP/tnPCi','VB9dyh0TTt','2025-06-26 20:49:43','2025-06-26 20:49:43'),(15,'bob','bob','bob@immoral.dev','performer','2025-06-26 20:49:43','Ipsum autem numquam explicabo velit voluptatem. Inventore numquam iure cumque vel dolores. Voluptatem tempora consequatur incidunt iste quia eveniet.','profile.jpg','C:\\Users\\PCerdo\\Downloads\\eswap\\flirtfan\\storage\\app/public/uploads/users/bob/images/normal/1.webp','$2y$12$ull1PhEHo90GJZTnEE3GiOevBDbt61XgL2UB.VAj5spUapP/tnPCi','rPgD0TAnHI','2025-06-26 20:49:43','2025-06-26 20:49:43'),(16,'bully','bully','bully@immoral.dev','performer','2025-06-26 20:49:43','Dignissimos ad accusamus odit perspiciatis. Odio error temporibus mollitia est. Et possimus ipsam nostrum. Est dolorem iste consequatur et.','profile.jpg','C:\\Users\\PCerdo\\Downloads\\eswap\\flirtfan\\storage\\app/public/uploads/users/bully/images/normal/1.webp','$2y$12$ull1PhEHo90GJZTnEE3GiOevBDbt61XgL2UB.VAj5spUapP/tnPCi','YkjXrqvca1','2025-06-26 20:49:43','2025-06-26 20:49:43'),(17,'catarina','catarina','catarina@immoral.dev','performer','2025-06-26 20:49:43','Quos sunt eum dignissimos earum dolore sapiente. Recusandae accusantium sint iste consequatur ab earum. Quis molestiae consequatur aut. Quaerat nemo voluptas doloremque delectus laboriosam dicta.','profile.jpg','C:\\Users\\PCerdo\\Downloads\\eswap\\flirtfan\\storage\\app/public/uploads/users/catarina/images/normal/1.webp','$2y$12$ull1PhEHo90GJZTnEE3GiOevBDbt61XgL2UB.VAj5spUapP/tnPCi','Ku7EReTX5g','2025-06-26 20:49:43','2025-06-26 20:49:43'),(18,'clio','clio','clio@immoral.dev','performer','2025-06-26 20:49:43','Et est nostrum maxime fuga nihil. Modi corrupti vero et tempore nihil. Expedita expedita enim doloribus voluptas pariatur. Reprehenderit non est iure officia quia.','profile.jpg','C:\\Users\\PCerdo\\Downloads\\eswap\\flirtfan\\storage\\app/public/uploads/users/clio/images/normal/1.webp','$2y$12$ull1PhEHo90GJZTnEE3GiOevBDbt61XgL2UB.VAj5spUapP/tnPCi','Fmx7E5pXqC','2025-06-26 20:49:43','2025-06-26 20:49:43'),(19,'ellie','ellie','ellie@immoral.dev','performer','2025-06-26 20:49:43','Corrupti assumenda qui veritatis at earum iste quasi. Quia ea sequi fuga eum ipsam aut dolorem. Voluptatum optio explicabo ex accusantium consequatur et eius ullam.','profile.jpg','C:\\Users\\PCerdo\\Downloads\\eswap\\flirtfan\\storage\\app/public/uploads/users/ellie/images/normal/1.webp','$2y$12$ull1PhEHo90GJZTnEE3GiOevBDbt61XgL2UB.VAj5spUapP/tnPCi','uyvQZgELml','2025-06-26 20:49:43','2025-06-26 20:49:43'),(20,'ember','ember','ember@immoral.dev','performer','2025-06-26 20:49:43','Facilis asperiores in rerum maxime. Reprehenderit sed nihil aut et quam. Officiis natus non dolorum mollitia ut consectetur est. Sint earum vitae voluptas distinctio vero voluptatem porro voluptatem.','profile.jpg','C:\\Users\\PCerdo\\Downloads\\eswap\\flirtfan\\storage\\app/public/uploads/users/ember/images/normal/1.webp','$2y$12$ull1PhEHo90GJZTnEE3GiOevBDbt61XgL2UB.VAj5spUapP/tnPCi','5m1LNTnAlw','2025-06-26 20:49:43','2025-06-26 20:49:43'),(21,'janesinner','janesinner','janesinner@immoral.dev','performer','2025-06-26 20:49:43','Itaque voluptatem odit ullam ut distinctio ipsam. Qui id qui officiis architecto repudiandae itaque. Impedit porro tempore rerum soluta. Omnis temporibus quod molestias aut aliquam.','profile.jpg','C:\\Users\\PCerdo\\Downloads\\eswap\\flirtfan\\storage\\app/public/uploads/users/janesinner/images/normal/1.webp','$2y$12$ull1PhEHo90GJZTnEE3GiOevBDbt61XgL2UB.VAj5spUapP/tnPCi','LywGbzGhD4','2025-06-26 20:49:43','2025-06-26 20:49:43'),(22,'jessicalou','jessicalou','jessicalou@immoral.dev','performer','2025-06-26 20:49:43','A minima ipsa culpa. Non quaerat at neque aliquam et laudantium provident. Dolor et sit nesciunt illo doloribus. Architecto quasi at nobis vero.','profile.jpg','C:\\Users\\PCerdo\\Downloads\\eswap\\flirtfan\\storage\\app/public/uploads/users/jessicalou/images/normal/1.webp','$2y$12$ull1PhEHo90GJZTnEE3GiOevBDbt61XgL2UB.VAj5spUapP/tnPCi','nzgZhJuSd6','2025-06-26 20:49:43','2025-06-26 20:49:43'),(23,'kemper','kemper','kemper@immoral.dev','performer','2025-06-26 20:49:43','Numquam culpa totam est numquam. Quod debitis molestias delectus. Iste iusto ut illo animi vero voluptatem nihil quo. Qui rerum ut unde harum molestiae cupiditate voluptas quibusdam.','profile.jpg','C:\\Users\\PCerdo\\Downloads\\eswap\\flirtfan\\storage\\app/public/uploads/users/kemper/images/normal/1.webp','$2y$12$ull1PhEHo90GJZTnEE3GiOevBDbt61XgL2UB.VAj5spUapP/tnPCi','cp9bfURXKB','2025-06-26 20:49:43','2025-06-26 20:49:43'),(24,'lethal','lethal','lethal@immoral.dev','performer','2025-06-26 20:49:43','Aut quidem numquam cupiditate et. Eligendi et et quia fugiat quaerat ipsa.','profile.jpg','C:\\Users\\PCerdo\\Downloads\\eswap\\flirtfan\\storage\\app/public/uploads/users/lethal/images/normal/1.webp','$2y$12$ull1PhEHo90GJZTnEE3GiOevBDbt61XgL2UB.VAj5spUapP/tnPCi','3yCtgCXvbg','2025-06-26 20:49:43','2025-06-26 20:49:43'),(25,'liryc','liryc','liryc@immoral.dev','performer','2025-06-26 20:49:43','Velit dignissimos ullam eum. Debitis et nulla ullam temporibus ipsam qui. Est nihil dolores veniam vel dicta.','profile.jpg','C:\\Users\\PCerdo\\Downloads\\eswap\\flirtfan\\storage\\app/public/uploads/users/liryc/images/normal/1.webp','$2y$12$ull1PhEHo90GJZTnEE3GiOevBDbt61XgL2UB.VAj5spUapP/tnPCi','Kosg3ThyaA','2025-06-26 20:49:43','2025-06-26 20:49:43'),(26,'lure','lure','lure@immoral.dev','performer','2025-06-26 20:49:43','Suscipit enim accusantium facilis vero quaerat deleniti porro dignissimos. Explicabo recusandae perferendis nihil sit consequuntur corrupti ad. Ea quia libero veritatis.','profile.jpg','C:\\Users\\PCerdo\\Downloads\\eswap\\flirtfan\\storage\\app/public/uploads/users/lure/images/normal/1.webp','$2y$12$ull1PhEHo90GJZTnEE3GiOevBDbt61XgL2UB.VAj5spUapP/tnPCi','WHdfiEbyqU','2025-06-26 20:49:43','2025-06-26 20:49:43'),(27,'mandyma','mandyma','mandyma@immoral.dev','performer','2025-06-26 20:49:43','Dolor quia deleniti voluptatem et at neque dolorem. Quae ut esse maiores sint enim ipsam. Aut quae repellat ea quaerat ipsam. Vel architecto ut recusandae cupiditate eum non iure.','profile.jpg','C:\\Users\\PCerdo\\Downloads\\eswap\\flirtfan\\storage\\app/public/uploads/users/mandyma/images/normal/1.webp','$2y$12$ull1PhEHo90GJZTnEE3GiOevBDbt61XgL2UB.VAj5spUapP/tnPCi','YjvJagBx9P','2025-06-26 20:49:43','2025-06-26 20:49:43'),(28,'marlene','marlene','marlene@immoral.dev','performer','2025-06-26 20:49:43','Harum quidem exercitationem eligendi vitae. At unde est rerum architecto tempora. Vitae et dolores omnis tempora omnis facere est repudiandae. Ea mollitia dicta dignissimos numquam.','profile.jpg','C:\\Users\\PCerdo\\Downloads\\eswap\\flirtfan\\storage\\app/public/uploads/users/marlene/images/normal/1.webp','$2y$12$ull1PhEHo90GJZTnEE3GiOevBDbt61XgL2UB.VAj5spUapP/tnPCi','YMv9acXXDF','2025-06-26 20:49:43','2025-06-26 20:49:43'),(29,'mary','mary','mary@immoral.dev','performer','2025-06-26 20:49:43','Doloremque et quis ea reprehenderit. Architecto est ab nesciunt libero quaerat temporibus rerum. Accusantium a qui odio numquam et at nisi.','profile.jpg','C:\\Users\\PCerdo\\Downloads\\eswap\\flirtfan\\storage\\app/public/uploads/users/mary/images/normal/1.webp','$2y$12$ull1PhEHo90GJZTnEE3GiOevBDbt61XgL2UB.VAj5spUapP/tnPCi','yZWJtjJgNw','2025-06-26 20:49:43','2025-06-26 20:49:43'),(30,'maud','maud','maud@immoral.dev','performer','2025-06-26 20:49:43','Perferendis praesentium qui voluptatem est eos assumenda aliquam ut. Suscipit maxime maxime et qui tempora. Consequatur deleniti saepe dignissimos. Iure amet nesciunt consequatur.','profile.jpg','C:\\Users\\PCerdo\\Downloads\\eswap\\flirtfan\\storage\\app/public/uploads/users/maud/images/normal/1.webp','$2y$12$ull1PhEHo90GJZTnEE3GiOevBDbt61XgL2UB.VAj5spUapP/tnPCi','kQxVT3xGuq','2025-06-26 20:49:43','2025-06-26 20:49:43'),(31,'mille','mille','mille@immoral.dev','performer','2025-06-26 20:49:43','Debitis hic aut quam iusto. Quia ullam id architecto deserunt. Aut officiis facere omnis nesciunt.','profile.jpg','C:\\Users\\PCerdo\\Downloads\\eswap\\flirtfan\\storage\\app/public/uploads/users/mille/images/normal/1.webp','$2y$12$ull1PhEHo90GJZTnEE3GiOevBDbt61XgL2UB.VAj5spUapP/tnPCi','Y6PGbRYWBd','2025-06-26 20:49:43','2025-06-26 20:49:43'),(32,'mimo','mimo','mimo@immoral.dev','performer','2025-06-26 20:49:43','Eos aliquid eos nemo est sed consequuntur dolor. Est odio fugit placeat nam. Est culpa quo error dolor est quia.','profile.jpg','C:\\Users\\PCerdo\\Downloads\\eswap\\flirtfan\\storage\\app/public/uploads/users/mimo/images/normal/1.webp','$2y$12$ull1PhEHo90GJZTnEE3GiOevBDbt61XgL2UB.VAj5spUapP/tnPCi','ROS3yLy8gk','2025-06-26 20:49:43','2025-06-26 20:49:43'),(33,'misslollirot','misslollirot','misslollirot@immoral.dev','performer','2025-06-26 20:49:43','Nam consequatur commodi ad in labore quasi. Aperiam in vel et et vitae corrupti error. Ipsum et praesentium ducimus recusandae. Ut nobis minus laboriosam incidunt molestiae natus.','profile.jpg','C:\\Users\\PCerdo\\Downloads\\eswap\\flirtfan\\storage\\app/public/uploads/users/misslollirot/images/normal/1.webp','$2y$12$ull1PhEHo90GJZTnEE3GiOevBDbt61XgL2UB.VAj5spUapP/tnPCi','TOpgyADQEP','2025-06-26 20:49:43','2025-06-26 20:49:43'),(34,'msutopia','msutopia','msutopia@immoral.dev','performer','2025-06-26 20:49:43','Quae sit omnis rem aut facilis. Porro autem eos eum exercitationem voluptates et commodi.','profile.jpg','C:\\Users\\PCerdo\\Downloads\\eswap\\flirtfan\\storage\\app/public/uploads/users/msutopia/images/normal/1.webp','$2y$12$ull1PhEHo90GJZTnEE3GiOevBDbt61XgL2UB.VAj5spUapP/tnPCi','joXhmBP69J','2025-06-26 20:49:43','2025-06-26 20:49:43'),(35,'riae','riae','riae@immoral.dev','performer','2025-06-26 20:49:43','Natus nihil qui minima quidem quos. Exercitationem ipsum neque dolorem quo dolor. Sed cupiditate optio aut molestiae est. Nisi voluptas et facilis possimus.','profile.jpg','C:\\Users\\PCerdo\\Downloads\\eswap\\flirtfan\\storage\\app/public/uploads/users/riae/images/normal/1.webp','$2y$12$ull1PhEHo90GJZTnEE3GiOevBDbt61XgL2UB.VAj5spUapP/tnPCi','PtCuRCAisG','2025-06-26 20:49:43','2025-06-26 20:49:43'),(36,'sixir','sixir','sixir@immoral.dev','performer','2025-06-26 20:49:43','Autem autem temporibus dolores animi ad quasi ab. Voluptatem molestiae natus sed modi qui reprehenderit fugiat. Dolores numquam cupiditate impedit itaque.','profile.jpg','C:\\Users\\PCerdo\\Downloads\\eswap\\flirtfan\\storage\\app/public/uploads/users/sixir/images/normal/1.webp','$2y$12$ull1PhEHo90GJZTnEE3GiOevBDbt61XgL2UB.VAj5spUapP/tnPCi','QuhNXCPlSJ','2025-06-26 20:49:43','2025-06-26 20:49:43'),(37,'venom','venom','venom@immoral.dev','performer','2025-06-26 20:49:43','Dolores consequatur id cumque. Nulla perferendis ab officia sint voluptas unde laborum. Rerum quae perferendis fuga iste sequi est. Ad repudiandae mollitia vitae tempore incidunt ipsa velit.','profile.jpg','C:\\Users\\PCerdo\\Downloads\\eswap\\flirtfan\\storage\\app/public/uploads/users/venom/images/normal/1.webp','$2y$12$ull1PhEHo90GJZTnEE3GiOevBDbt61XgL2UB.VAj5spUapP/tnPCi','J0G2bngDyX','2025-06-26 20:49:43','2025-06-26 20:49:43'),(38,'Test User','test_user','test@example.com','user','2025-06-26 20:49:43','Voluptas dolores corporis ratione totam corporis. Et quod asperiores sint voluptatibus. Autem dignissimos eum doloribus delectus. Et itaque temporibus explicabo.',NULL,NULL,'$2y$12$ull1PhEHo90GJZTnEE3GiOevBDbt61XgL2UB.VAj5spUapP/tnPCi','8vF9t3eS24','2025-06-26 20:49:43','2025-06-26 20:49:43'),(39,'Test Performer','test_performer','performer@example.com','performer','2025-06-26 20:49:43','Expedita voluptatum ducimus officiis unde qui doloribus. Cupiditate et incidunt quos. Nam corporis quaerat voluptatem id et omnis. In a sint aliquam non vel minima aperiam qui.','profile.jpg','C:\\Users\\PCerdo\\Downloads\\eswap\\flirtfan\\storage\\app/public/uploads/users/test_performer/images/normal/1.webp','$2y$12$ull1PhEHo90GJZTnEE3GiOevBDbt61XgL2UB.VAj5spUapP/tnPCi','7DuiCPQKRG','2025-06-26 20:49:43','2025-06-26 20:49:43'),(40,'Test Admin','test_admin','admin@example.com','admin','2025-06-26 20:49:43','Deleniti iure fugit ut minima dolorem soluta sint. Autem officia pariatur veniam ut blanditiis aperiam dolorum. Ipsum sunt neque neque id ducimus.',NULL,NULL,'$2y$12$ull1PhEHo90GJZTnEE3GiOevBDbt61XgL2UB.VAj5spUapP/tnPCi','1b1K3QimyX','2025-06-26 20:49:43','2025-06-26 20:49:43'),(41,'Test Moderator','test_moderator','moderator@example.com','moderator','2025-06-26 20:49:43','Ab magni voluptatum laboriosam autem. Eum ad dolorem necessitatibus qui officiis nemo illo.',NULL,NULL,'$2y$12$ull1PhEHo90GJZTnEE3GiOevBDbt61XgL2UB.VAj5spUapP/tnPCi','FLfWSTBm6m','2025-06-26 20:49:43','2025-06-26 20:49:43');
/*!40000 ALTER TABLE `users` ENABLE KEYS */;
UNLOCK TABLES;

--
-- Table structure for table `videos`
--

DROP TABLE IF EXISTS `videos`;
/*!40101 SET @saved_cs_client     = @@character_set_client */;
/*!50503 SET character_set_client = utf8mb4 */;
CREATE TABLE `videos` (
  `id` bigint unsigned NOT NULL AUTO_INCREMENT,
  `created_at` timestamp NULL DEFAULT NULL,
  `updated_at` timestamp NULL DEFAULT NULL,
  PRIMARY KEY (`id`)
) ENGINE=InnoDB DEFAULT CHARSET=utf8mb4 COLLATE=utf8mb4_unicode_ci;
/*!40101 SET character_set_client = @saved_cs_client */;

--
-- Dumping data for table `videos`
--

LOCK TABLES `videos` WRITE;
/*!40000 ALTER TABLE `videos` DISABLE KEYS */;
/*!40000 ALTER TABLE `videos` ENABLE KEYS */;
UNLOCK TABLES;

--
-- Dumping routines for database 'flirtfan'
--
/*!40103 SET TIME_ZONE=@OLD_TIME_ZONE */;

/*!40101 SET SQL_MODE=@OLD_SQL_MODE */;
/*!40014 SET FOREIGN_KEY_CHECKS=@OLD_FOREIGN_KEY_CHECKS */;
/*!40014 SET UNIQUE_CHECKS=@OLD_UNIQUE_CHECKS */;
/*!40101 SET CHARACTER_SET_CLIENT=@OLD_CHARACTER_SET_CLIENT */;
/*!40101 SET CHARACTER_SET_RESULTS=@OLD_CHARACTER_SET_RESULTS */;
/*!40101 SET COLLATION_CONNECTION=@OLD_COLLATION_CONNECTION */;
/*!40111 SET SQL_NOTES=@OLD_SQL_NOTES */;

-- Dump completed on 2025-06-26 11:04:19
